文件名,方块ID 中文名,匹配方式
absorb_claws.png,1160 机械爪,贴图列精确
absorb_claws_emi.png,1160 机械爪,贴图列+_emi
absorb_claws_mix.png,1160 机械爪,贴图列+_mix
absorb_claws_off.png,1160 机械爪,贴图列+_off
absorb_claws_on.png,1160 机械爪,贴图列+_on
absorb_claws_on_emi.png,1160 机械爪,贴图列+_on
adobe.png,421 土砖,贴图列精确
adobe_mix.png,421 土砖,贴图列+_mix
adorn1_hang.png,1675 中国结挂饰,贴图列精确
adorn1_hang_rgb.png,1675 中国结挂饰,贴图列+_rgb
adorn2_hang.png,1676 星球挂饰,贴图列精确
adorn2_hang_rgb.png,1676 星球挂饰,贴图列+_rgb
agave_middle.png,307 红色忘忧草; 308 橙色忘忧草; 309 灰色忘忧草; 310 粉色忘忧草; 1494 红色忘忧草（苗）; 1495 橙色忘忧草（苗）; 1496 灰色忘忧草（苗）; 1497 粉色忘忧草（苗）; 150049 白色野花; 150050 蓝色野花; 150051 黄色野花; 150052 蓝粉雏菊丛; 150053 橙色雏菊丛; 150054 粉色雏菊丛; 150055 粉蝶花; 150056 薰衣草; 150057 荧光小草; 150059 星光菌; 150060 蒲公英; 150061 狗尾草; 150063 油菜花; 150064 郁金香; 150065 三叶草; 200400 虚空龙血花; 200404 虚空忘忧草,贴图列+_middle
agave_orange.png,308 橙色忘忧草; 315 珊瑚2（废弃 ）; 1483 橙色忘忧草,贴图列精确
agave_pink.png,310 粉色忘忧草; 317 珊瑚4（废弃 ）; 1485 粉色忘忧草,贴图列精确
agave_red.png,307 红色忘忧草; 1453 红色忘忧草,贴图列精确
agave_white.png,309 灰色忘忧草; 316 珊瑚3（废弃 ）; 1484 灰色忘忧草,贴图列精确
aiqiyi.png,,
aiqiyi1.png,,
air_wall.png,1001 空气墙方块,贴图列精确
air_wall2.png,1018 空气墙-不挡子弹,贴图列精确
air_wall3.png,1081 空气墙-不挡物理,贴图列精确
airbottle.png,1047 压缩气罐（空）; 1048 压缩气罐（氧气）,贴图列精确
airbottle_glass.png,1047 压缩气罐（空）; 1048 压缩气罐（氧气）,贴图列+_glass
airbottle_mix.png,1047 压缩气罐（空）; 1048 压缩气罐（氧气）,贴图列+_mix
airrefiner.png,1045 氧气提炼装置,贴图列精确
airrefiner_mix.png,1045 氧气提炼装置,贴图列+_mix
alientotem1.png,21 信号发生器; 135 神秘图腾-大地; 139 BOSS战使用方块,贴图列精确
alientotem1_blue.png,21 信号发生器; 135 神秘图腾-大地; 139 BOSS战使用方块,贴图列+_blue
alientotem1_mix.png,21 信号发生器; 135 神秘图腾-大地; 139 BOSS战使用方块,贴图列+_mix
alientotem1_red.png,21 信号发生器; 135 神秘图腾-大地; 139 BOSS战使用方块,贴图列+_red
alientotem1_white.png,21 信号发生器; 135 神秘图腾-大地; 139 BOSS战使用方块,贴图列+_white
alientotem2.png,22 信号接收器; 136 神秘图腾-天空,贴图列精确
alientotem2_mix.png,22 信号接收器; 136 神秘图腾-天空,贴图列+_mix
alientotemcenter.png,1042 神秘图腾; 1049 神秘图腾(污染核心),贴图列精确
alientotemcenter_mix.png,1042 神秘图腾; 1049 神秘图腾(污染核心),贴图列+_mix
all_condensation.png,1758 黑凝浆块,贴图列精确
all_condensation_1.png,1758 黑凝浆块,贴图列+_1
all_condensation_1_emi.png,1758 黑凝浆块,贴图列+_1
all_condensation_2.png,1758 黑凝浆块,贴图列+_2
all_condensation_2_emi.png,1758 黑凝浆块,贴图列+_2
all_condensation_3.png,1758 黑凝浆块,贴图列+_3
all_condensation_3_emi.png,1758 黑凝浆块,贴图列+_3
all_condensation_mix.png,1758 黑凝浆块,贴图列+_mix
aloe.png,1509 芦荟,贴图列精确
altar.png,580 祭台; 200248 符文祭坛; 200251 破损的祭坛,贴图列精确
altar_mix.png,580 祭台; 200248 符文祭坛; 200251 破损的祭坛,贴图列+_mix
altarkey_earth.png,587 神圣果实,贴图列精确
altarkey_earth_emi.png,587 神圣果实,贴图列+_emi
altarkey_earth_mix.png,587 神圣果实,贴图列+_mix
altarkey_flame.png,588 烈焰断剑,贴图列精确
altarkey_flame_emi.png,588 烈焰断剑,贴图列+_emi
altarkey_flame_mix.png,588 烈焰断剑,贴图列+_mix
altarkey_horas.png,589 石人之眼,贴图列精确
altarkey_horas_emi.png,589 石人之眼,贴图列+_emi
altarkey_horas_mix.png,589 石人之眼,贴图列+_mix
aluminium_block.png,178 铝块; 150740 铝木锯,贴图列精确
aluminium_block_matcap.png,178 铝块; 150740 铝木锯,贴图列+_matcap
aluminium_block_mix.png,178 铝块; 150740 铝木锯,贴图列+_mix
aluminum1.png,175 铝矿,贴图列+1
aluminum1_emi.png,175 铝矿,贴图列+数字_emi
aluminum1_x.png,175 铝矿,贴图列+数字_x
aluminum1_y.png,175 铝矿,贴图列+数字_y
aluminum1_z.png,175 铝矿,贴图列+数字_z
aluminum2.png,175 铝矿,贴图列+2
aluminum2_emi.png,175 铝矿,贴图列+数字_emi
aluminum2_x.png,175 铝矿,贴图列+数字_x
aluminum2_y.png,175 铝矿,贴图列+数字_y
aluminum2_z.png,175 铝矿,贴图列+数字_z
aluminum3.png,175 铝矿,贴图列+3
aluminum3_emi.png,175 铝矿,贴图列+数字_emi
aluminum3_x.png,175 铝矿,贴图列+数字_x
aluminum3_y.png,175 铝矿,贴图列+数字_y
aluminum3_z.png,175 铝矿,贴图列+数字_z
aluminum_proto.png,175 铝矿,贴图列+_proto
aluminum_proto_emi.png,175 铝矿,贴图列+_proto
and_gate_off.png,354 与门,贴图列精确
and_gate_off_mix.png,354 与门,贴图列+_mix
and_gate_on.png,354 与门,贴图列精确
and_gate_on_emi.png,354 与门,贴图列+_emi
and_gate_on_mix.png,354 与门,贴图列+_mix
anvil_s0.png,,
anvil_s1.png,,
anvil_s2.png,,
aquatic_plants1.png,,
aquatic_plants2.png,,
arableland_dry.png,102 耕地,贴图列+_dry
arableland_dry_mix.png,102 耕地,贴图列+_dry
arableland_side_dry.png,102 耕地,贴图列+_side
arableland_side_dry_mix.png,102 耕地,贴图列+_side
arableland_side_wet.png,102 耕地,贴图列+_side
arableland_side_wet_mix.png,102 耕地,贴图列+_side
arableland_wet.png,102 耕地,贴图列+_wet
arableland_wet_mix.png,102 耕地,贴图列+_wet
arborfruit.png,379 乔木果实方块,贴图列精确
areacopy.png,1062 区域复制方块; 201008 区域复制器方块,贴图列精确
areacopy_off.png,1062 区域复制方块; 201008 区域复制器方块,贴图列+_off
areacopy_on.png,1062 区域复制方块; 201008 区域复制器方块,贴图列精确
bag.png,1057 宇宙大礼包,贴图列精确
baiyangmugs.png,331 白杨木果实,贴图列精确
bakingoven.png,201011 烘焙箱,贴图列精确
bakingoven_mix.png,201011 烘焙箱,贴图列+_mix
bakingoven_on.png,201011 烘焙箱,贴图列+_on
bakingoven_on_emi.png,201011 烘焙箱,贴图列+_on
bakingoven_on_mix.png,201011 烘焙箱,贴图列+_on
balancebeam.png,201650 平衡木,贴图列精确
balancebeam_mix.png,201650 平衡木,贴图列+_mix
ball_hinge.png,1158 球铰链方块,贴图列精确
ballbean.png,,
bamboo_planks.png,251 竹子; 253 竹笋; 1148 游戏版本过低; 1149 游戏版本过低; 1152 工具模式预览方块; 1760 魔法床; 1761 魔法沙发; 1762 魔法书桌; 1763 魔法餐桌; 1764 魔法茶几; 1765 魔法洗手台; 1766 魔法椅子; 1767 魔法马桶; 1768 魔法浴缸; 1769 魔法衣柜; 1770 魔法橱柜; 1771 魔法半格橱柜; 1772 魔法组合柜; 1773 魔法屏风; 1774 魔法立体灯; 1775 魔法吊灯; 1776 魔法壁灯; 1777 魔法门; 1778 魔法窗; 1779 魔法楼梯; 1780 魔法墙砖; 1781 魔法砖; 1782 魔法半砖; 1783 魔法围栏; 1784 魔法地毯; 1785 魔法雕塑; 1786 魔法壁画; 1787 游戏版本过低; 1789 游戏版本过低; 1790 游戏版本过低; 1791 游戏版本过低; 1792 游戏版本过低; 1793 游戏版本过低; 1794 游戏版本过低; 1795 游戏版本过低,贴图列精确
bamboo_planks_mix.png,251 竹子; 253 竹笋; 1148 游戏版本过低; 1149 游戏版本过低; 1152 工具模式预览方块; 1760 魔法床; 1761 魔法沙发; 1762 魔法书桌; 1763 魔法餐桌; 1764 魔法茶几; 1765 魔法洗手台; 1766 魔法椅子; 1767 魔法马桶; 1768 魔法浴缸; 1769 魔法衣柜; 1770 魔法橱柜; 1771 魔法半格橱柜; 1772 魔法组合柜; 1773 魔法屏风; 1774 魔法立体灯; 1775 魔法吊灯; 1776 魔法壁灯; 1777 魔法门; 1778 魔法窗; 1779 魔法楼梯; 1780 魔法墙砖; 1781 魔法砖; 1782 魔法半砖; 1783 魔法围栏; 1784 魔法地毯; 1785 魔法雕塑; 1786 魔法壁画; 1787 游戏版本过低; 1789 游戏版本过低; 1790 游戏版本过低; 1791 游戏版本过低; 1792 游戏版本过低; 1793 游戏版本过低; 1794 游戏版本过低; 1795 游戏版本过低,贴图列+_mix
bamboo_small.png,,
banana.png,385 香蕉方块,贴图列精确
banana_mix.png,385 香蕉方块,贴图列+_mix
banana_tree.png,385 香蕉方块,贴图列+_tree
barley.png,1527 青稞,贴图列精确
barleywheat.png,1511 大麦,贴图列精确
base_bed.png,200003 木床,贴图列精确
base_bed_mix.png,200003 木床,贴图列+_mix
base_bench.png,200375 木板凳,贴图列精确
base_bench_mix.png,200375 木板凳,贴图列+_mix
base_cabinet.png,200379 木柜子,贴图列精确
base_cabinet_mix.png,200379 木柜子,贴图列+_mix
base_candle.png,200371 蜡烛灯,贴图列精确
base_candle_mix.png,200371 蜡烛灯,贴图列+_mix
base_fireplace.png,200378 壁炉,贴图列精确
base_fireplace_matcap.png,200378 壁炉,贴图列+_matcap
base_fireplace_mix.png,200378 壁炉,贴图列+_mix
base_gearrack.png,200006 装备架,贴图列精确
base_gearrack_mix.png,200006 装备架,贴图列+_mix
base_sofa.png,200377 木沙发,贴图列精确
base_sofa_mix.png,200377 木沙发,贴图列+_mix
base_table.png,200376 木桌子,贴图列精确
base_table_mix.png,200376 木桌子,贴图列+_mix
basictray.png,,
basictray_mix.png,,
basket.png,1068 篮筐方块,贴图列精确
basket_mix.png,1068 篮筐方块,贴图列+_mix
battlegroundblock.png,138 污染方块,贴图列精确
beam_line.png,351 光束线,贴图列精确
beam_line_emi.png,351 光束线,贴图列+_emi
beam_line_off.png,351 光束线,贴图列+_off
bed.png,,
bed1.png,883 精致木床,贴图列精确
bed1_mix.png,883 精致木床,贴图列+_mix
bed2.png,884 豪华木床,贴图列精确
bed2_emi.png,884 豪华木床,贴图列+_emi
bed2_mix.png,884 豪华木床,贴图列+_mix
bed3.png,885 公主床,贴图列精确
bed3_mix.png,885 公主床,贴图列+_mix
beet.png,1514 甜菜,贴图列精确
bell pepper.png,,
bellflowers.png,300 风铃花; 431 风铃花种子,贴图列精确
bellflowers_middle.png,300 风铃花; 431 风铃花种子,贴图列+_middle
bellflowers_seed.png,300 风铃花; 431 风铃花种子,贴图列+_seed
bellpepper.png,1532 圆椒,贴图列精确
beltbaffle.png,,
bg_paopao.png,,
bigmushroomstone.png,201908 大蘑晶石矿,贴图列精确
bigmushroomstone_emi.png,201908 大蘑晶石矿,贴图列+_emi
bigmushroomstone_mix.png,201908 大蘑晶石矿,贴图列+_mix
bigwaterpipe.png,390110 粗水管,贴图列精确
bilu_wood.png,968 棕色壁炉; 973 白色壁炉; 978 黑色壁炉,贴图列精确
bilu_wood2.png,973 白色壁炉,贴图列精确
bilu_wood2_mix.png,973 白色壁炉,贴图列+_mix
bilu_wood3.png,978 黑色壁炉,贴图列精确
bilu_wood3_mix.png,978 黑色壁炉,贴图列+_mix
bilu_wood_mix.png,968 棕色壁炉; 973 白色壁炉; 978 黑色壁炉,贴图列+_mix
birdnest.png,1185 嘟嘟鸟窝,贴图列精确
birdnest_mix.png,1185 嘟嘟鸟窝,贴图列+_mix
black_white.png,983 黑白纹砖,贴图列精确
black_white_mix.png,983 黑白纹砖,贴图列+_mix
blackcrystal.png,112 黑晶石,贴图列精确
block.png,1997 自定义方块（基础渲染）; 1998 自定义方块; 1999 自定义模型（方块）; 2000 微缩模型; 20001 预制方块,贴图列精确
block_carrot_bottom.png,200228 胡萝卜块,贴图列+_bottom
block_carrot_bottom_mix.png,200228 胡萝卜块,贴图列+_bottom
block_carrot_side.png,200228 胡萝卜块,贴图列+_side
block_carrot_side_mix.png,200228 胡萝卜块,贴图列+_side
block_carrot_top.png,200228 胡萝卜块,贴图列+_top
block_carrot_top_mix.png,200228 胡萝卜块,贴图列+_top
block_grape_bottom.png,200230 葡萄块,贴图列+_bottom
block_grape_bottom_mix.png,200230 葡萄块,贴图列+_bottom
block_grape_side.png,200230 葡萄块,贴图列+_side
block_grape_side_mix.png,200230 葡萄块,贴图列+_side
block_grape_top.png,200230 葡萄块,贴图列+_top
block_grape_top_mix.png,200230 葡萄块,贴图列+_top
block_pumpkin_bottom.png,200225 南瓜块,贴图列+_bottom
block_pumpkin_bottom_mix.png,200225 南瓜块,贴图列+_bottom
block_pumpkin_side.png,200225 南瓜块,贴图列+_side
block_pumpkin_side_mix.png,200225 南瓜块,贴图列+_side
block_pumpkin_top.png,200225 南瓜块,贴图列+_top
block_pumpkin_top_mix.png,200225 南瓜块,贴图列+_top
block_strawberry_bottom.png,200229 草莓块,贴图列+_bottom
block_strawberry_bottom_mix.png,200229 草莓块,贴图列+_bottom
block_strawberry_side.png,200229 草莓块,贴图列+_side
block_strawberry_side_mix.png,200229 草莓块,贴图列+_side
block_strawberry_top.png,200229 草莓块,贴图列+_top
block_strawberry_top_mix.png,200229 草莓块,贴图列+_top
block_tomato_bottom.png,200227 番茄块,贴图列+_bottom
block_tomato_bottom_mix.png,200227 番茄块,贴图列+_bottom
block_tomato_side.png,200227 番茄块,贴图列+_side
block_tomato_side_mi1x.png,200227 番茄块,贴图列+_side
block_tomato_top.png,200227 番茄块,贴图列+_top
block_tomato_top_mix.png,200227 番茄块,贴图列+_top
block_watermelon_bottom.png,200226 西瓜块,贴图列+_bottom
block_watermelon_bottom_mix.png,200226 西瓜块,贴图列+_bottom
block_watermelon_side.png,200226 西瓜块,贴图列+_side
block_watermelon_side_mix.png,200226 西瓜块,贴图列+_side
block_watermelon_top.png,200226 西瓜块,贴图列+_top
block_watermelon_top_mix.png,200226 西瓜块,贴图列+_top
blockclear.png,1003 游戏版本过低,贴图列精确
blockcopy_off.png,1000 方块复制器,贴图列精确
blockcopy_on.png,1002 方块复制器,贴图列精确
blockpedal_mix.png,,
blockpedal_off.png,1990 无线星能踏板,贴图列精确
blockpedal_on.png,,
blue_rock.png,200232 蘑古岩,贴图列精确
blue_rock_brick.png,160026 蘑古砖; 161015 蘑古砖薄板; 162016 蘑古砖竖薄板; 169015 蘑古砖楼梯,贴图列精确
blue_rock_brick_mix.png,160026 蘑古砖; 161015 蘑古砖薄板; 162016 蘑古砖竖薄板; 169015 蘑古砖楼梯,贴图列+_mix
blue_rock_cipher_brick.png,200237 密文蘑古砖,贴图列精确
blue_rock_cipher_brick_emi.png,200237 密文蘑古砖,贴图列+_emi
blue_rock_cipher_brick_mix.png,200237 密文蘑古砖,贴图列+_mix
blue_rock_half_brick.png,200238 竖纹蘑古砖,贴图列精确
blue_rock_half_brick_mix.png,200238 竖纹蘑古砖,贴图列+_mix
blue_rock_mix.png,200232 蘑古岩,贴图列+_mix
blue_rock_patterned_brick.png,200236 棱纹蘑古砖,贴图列精确
blue_rock_patterned_brick_mix.png,200236 棱纹蘑古砖,贴图列+_mix
blue_rock_striped_brick.png,200239 花横蘑古砖,贴图列精确
blue_rock_striped_brick_mix.png,200239 花横蘑古砖,贴图列+_mix
blueberry tree.png,,
blueberrygrass_bottom.png,1796 蓝莓草块,贴图列+_bottom
blueberrygrass_bottom_mix.png,1796 蓝莓草块,贴图列+_bottom
blueberrygrass_normal.png,1796 蓝莓草块,贴图列精确
blueberrygrass_normal_mix.png,1796 蓝莓草块,贴图列+_mix
blueberrygrass_top.png,1797 蓝莓土块,贴图列精确
blueberrygrass_top_mix.png,1797 蓝莓土块,贴图列+_mix
blueberrytree.png,1534 蓝莓,贴图列精确
bluefruite_lantern_bottom.png,816 巨布鲁果灯,贴图列+_bottom
bluefruite_lantern_side.png,816 巨布鲁果灯,贴图列+_side
bluefruite_lantern_side_emi.png,816 巨布鲁果灯,贴图列+_side
bluefruite_lantern_top.png,816 巨布鲁果灯,贴图列+_top
blueprint_construction.png,1064 蓝图图纸; 201010 蓝图施工台; 201012 蓝图施工台(自动); 202001 蓝图-冰原箭塔1; 202002 蓝图-冰原箭塔2; 202003 蓝图-冰原伐木场; 202004 蓝图-冰原小屋1; 202005 蓝图-冰原小屋2; 202006 蓝图-冰屋; 202007 蓝图-珊瑚岛小屋; 202008 蓝图-搁浅破船; 202009 蓝图-搁浅破船商店; 202010 蓝图-渔村小房子1; 202011 蓝图-渔村小房子2; 202012 蓝图-渔村小房子3; 202013 蓝图-渔村小房子4; 202014 蓝图-渔村小房子5; 202015 蓝图-沙漠房子1; 202016 蓝图-沙漠房子2; 202017 蓝图-沙漠房子3; 202018 蓝图-沙漠房子4; 202019 蓝图-沙漠房子5; 202020 蓝图-沙漠房子6; 202021 蓝图-风车1; 202022 蓝图-风车2; 202023 蓝图-风车3; 202024 蓝图-简易小屋; 202025 蓝图-草原小屋1; 202026 蓝图-草原小屋2; 202027 蓝图-草原小屋3; 202028 蓝图-温馨小屋1; 202029 蓝图-温馨小屋2; 202030 蓝图-温馨小屋3; 202031 蓝图-畜棚; 202032 蓝图-仓库; 202033 蓝图-简易农牧场; 202034 蓝图-中式小屋; 202035 蓝图-带派小院; 202036 蓝图-书中小屋,贴图列精确
blueprint_state.png,,
blueprint_workbench.png,1063 旧蓝图工作台; 201009 蓝图工作台,贴图列精确
blueprint_workbench_mix.png,1063 旧蓝图工作台; 201009 蓝图工作台,贴图列+_mix
board_cathaya.png,418 地板,贴图列精确
board_cathaya_mix.png,418 地板,贴图列+_mix
board_fruittree.png,419 秋叶橙地板,贴图列精确
board_fruittree_mix.png,419 秋叶橙地板,贴图列+_mix
board_redwood.png,420 海棠红地板,贴图列精确
board_redwood_mix.png,420 海棠红地板,贴图列+_mix
bomb.png,1016 单向大炸弹; 1017 单向小炸弹,贴图列精确
bomb1.png,1014 十字大炸弹; 1015 十字小炸弹,贴图列精确
bonfire.png,1200 篝火,贴图列精确
bonfire_emi.png,1200 篝火,贴图列+_emi
bonfire_mix.png,1200 篝火,贴图列+_mix
bonfire_off.png,1200 篝火,贴图列+_off
bonfire_off_mix.png,1200 篝火,贴图列+_off
book_cabinet.png,1144 书架,贴图列精确
book_cabinet_mix.png,1144 书架,贴图列+_mix
book_editortable.png,1143 编书台,贴图列精确
book_editortable_mix.png,1143 编书台,贴图列+_mix
bookcase.png,820 书柜,贴图列精确
bookcase_mix.png,820 书柜,贴图列+_mix
bookshelf.png,1677 简单书柜,贴图列精确
bookshelf_rgb.png,1677 简单书柜,贴图列+_rgb
boss1.png,200099 虚空幻影雕像,贴图列精确
boss1_emi.png,200099 虚空幻影雕像,贴图列+_emi
boss2.png,200097 远古黑龙雕像,贴图列精确
boss2_emi.png,200097 远古黑龙雕像,贴图列+_emi
boss3.png,200098 远古巨人雕像,贴图列精确
boss3_emi.png,200098 远古巨人雕像,贴图列+_emi
boss4.png,200100 冰陨巨魔雕像,贴图列精确
boss4_emi.png,200100 冰陨巨魔雕像,贴图列+_emi
boss5.png,200096 羽蛇神雕像,贴图列精确
boss5_emi.png,200096 羽蛇神雕像,贴图列+_emi
bostonivy.png,151027 爬山虎,贴图列精确
bougainvillea.png,150070 紫色三角梅; 150071 白色三角梅,贴图列精确
bougainvillea_ground_purple.png,150075 紫色地栽三角梅,贴图列精确
bougainvillea_ground_white.png,150076 白色地栽三角梅,贴图列精确
bougainvillea_purple_1.png,150070 紫色三角梅; 150071 白色三角梅,贴图列+_purple
bougainvillea_purple_2.png,150070 紫色三角梅; 150071 白色三角梅,贴图列+_purple
bougainvillea_white_1.png,150070 紫色三角梅; 150071 白色三角梅,贴图列+_white
bougainvillea_white_2.png,150070 紫色三角梅; 150071 白色三角梅,贴图列+_white
box1.png,730 沙漠宝箱; 734 普通宝箱; 757 藏宝图宝箱; 758 沉船宝箱; 759 沉船普通箱; 200423 刷怪房宝箱; 200424 刷怪房宝箱; 200425 刷怪房宝箱; 200426 刷怪房宝箱; 200427 刷怪房宝箱; 200428 陷阱房宝箱,贴图列精确
box2.png,735 精致宝箱,贴图列精确
box3.png,736 黄金宝箱,贴图列精确
branchlight.png,201649 树枝灯,贴图列精确
branchlight_emi.png,201649 树枝灯,贴图列+_emi
branchlight_mix.png,201649 树枝灯,贴图列+_mix
brass_block.png,160 黄铜竖薄板; 456 黄铜块; 749 铜薄板; 753 铜楼梯; 1252 黄铜斜板; 1283 黄铜薄斜板; 1284 黄铜大薄斜板; 1327 黄铜竖薄斜板; 1328 黄铜竖大薄斜板; 1363 黄铜竖板; 150712 铜推手; 150713 铜拉手; 150717 铜钻头; 150753 传动蜗杆台; 170009 黄铜三棱柱; 171009 黄铜弧板; 172009 黄铜薄弧板; 173009 黄铜大薄弧板; 174009 黄铜竖薄弧板; 175009 黄铜大竖薄弧板; 176009 黄铜棱锥,贴图列精确
brass_block_matcap.png,160 黄铜竖薄板; 456 黄铜块; 749 铜薄板; 753 铜楼梯; 1252 黄铜斜板; 1283 黄铜薄斜板; 1284 黄铜大薄斜板; 1327 黄铜竖薄斜板; 1328 黄铜竖大薄斜板; 1363 黄铜竖板; 150712 铜推手; 150713 铜拉手; 150717 铜钻头; 150753 传动蜗杆台; 170009 黄铜三棱柱; 171009 黄铜弧板; 172009 黄铜薄弧板; 173009 黄铜大薄弧板; 174009 黄铜竖薄弧板; 175009 黄铜大竖薄弧板; 176009 黄铜棱锥,贴图列+_matcap
brass_block_mix.png,160 黄铜竖薄板; 456 黄铜块; 749 铜薄板; 753 铜楼梯; 1252 黄铜斜板; 1283 黄铜薄斜板; 1284 黄铜大薄斜板; 1327 黄铜竖薄斜板; 1328 黄铜竖大薄斜板; 1363 黄铜竖板; 150712 铜推手; 150713 铜拉手; 150717 铜钻头; 150753 传动蜗杆台; 170009 黄铜三棱柱; 171009 黄铜弧板; 172009 黄铜薄弧板; 173009 黄铜大薄弧板; 174009 黄铜竖薄弧板; 175009 黄铜大竖薄弧板; 176009 黄铜棱锥,贴图列+_mix
brass_block_snow_down_more.png,160 黄铜竖薄板; 456 黄铜块; 749 铜薄板; 753 铜楼梯; 1252 黄铜斜板; 1283 黄铜薄斜板; 1284 黄铜大薄斜板; 1327 黄铜竖薄斜板; 1328 黄铜竖大薄斜板; 1363 黄铜竖板; 150712 铜推手; 150713 铜拉手; 150717 铜钻头; 150753 传动蜗杆台; 170009 黄铜三棱柱; 171009 黄铜弧板; 172009 黄铜薄弧板; 173009 黄铜大薄弧板; 174009 黄铜竖薄弧板; 175009 黄铜大竖薄弧板; 176009 黄铜棱锥,贴图列+_snow
brass_block_snow_horizontal_halftriangle.png,160 黄铜竖薄板; 456 黄铜块; 749 铜薄板; 753 铜楼梯; 1252 黄铜斜板; 1283 黄铜薄斜板; 1284 黄铜大薄斜板; 1327 黄铜竖薄斜板; 1328 黄铜竖大薄斜板; 1363 黄铜竖板; 150712 铜推手; 150713 铜拉手; 150717 铜钻头; 150753 传动蜗杆台; 170009 黄铜三棱柱; 171009 黄铜弧板; 172009 黄铜薄弧板; 173009 黄铜大薄弧板; 174009 黄铜竖薄弧板; 175009 黄铜大竖薄弧板; 176009 黄铜棱锥,贴图列+_snow
brass_block_snow_side.png,160 黄铜竖薄板; 456 黄铜块; 749 铜薄板; 753 铜楼梯; 1252 黄铜斜板; 1283 黄铜薄斜板; 1284 黄铜大薄斜板; 1327 黄铜竖薄斜板; 1328 黄铜竖大薄斜板; 1363 黄铜竖板; 150712 铜推手; 150713 铜拉手; 150717 铜钻头; 150753 传动蜗杆台; 170009 黄铜三棱柱; 171009 黄铜弧板; 172009 黄铜薄弧板; 173009 黄铜大薄弧板; 174009 黄铜竖薄弧板; 175009 黄铜大竖薄弧板; 176009 黄铜棱锥,贴图列+_snow
brass_block_snow_trapezoid_down.png,160 黄铜竖薄板; 456 黄铜块; 749 铜薄板; 753 铜楼梯; 1252 黄铜斜板; 1283 黄铜薄斜板; 1284 黄铜大薄斜板; 1327 黄铜竖薄斜板; 1328 黄铜竖大薄斜板; 1363 黄铜竖板; 150712 铜推手; 150713 铜拉手; 150717 铜钻头; 150753 传动蜗杆台; 170009 黄铜三棱柱; 171009 黄铜弧板; 172009 黄铜薄弧板; 173009 黄铜大薄弧板; 174009 黄铜竖薄弧板; 175009 黄铜大竖薄弧板; 176009 黄铜棱锥,贴图列+_snow
brass_block_snow_trapezoid_up.png,160 黄铜竖薄板; 456 黄铜块; 749 铜薄板; 753 铜楼梯; 1252 黄铜斜板; 1283 黄铜薄斜板; 1284 黄铜大薄斜板; 1327 黄铜竖薄斜板; 1328 黄铜竖大薄斜板; 1363 黄铜竖板; 150712 铜推手; 150713 铜拉手; 150717 铜钻头; 150753 传动蜗杆台; 170009 黄铜三棱柱; 171009 黄铜弧板; 172009 黄铜薄弧板; 173009 黄铜大薄弧板; 174009 黄铜竖薄弧板; 175009 黄铜大竖薄弧板; 176009 黄铜棱锥,贴图列+_snow
brass_block_snow_trapezoid_up_second.png,160 黄铜竖薄板; 456 黄铜块; 749 铜薄板; 753 铜楼梯; 1252 黄铜斜板; 1283 黄铜薄斜板; 1284 黄铜大薄斜板; 1327 黄铜竖薄斜板; 1328 黄铜竖大薄斜板; 1363 黄铜竖板; 150712 铜推手; 150713 铜拉手; 150717 铜钻头; 150753 传动蜗杆台; 170009 黄铜三棱柱; 171009 黄铜弧板; 172009 黄铜薄弧板; 173009 黄铜大薄弧板; 174009 黄铜竖薄弧板; 175009 黄铜大竖薄弧板; 176009 黄铜棱锥,贴图列+_snow
brass_block_snow_triangle.png,160 黄铜竖薄板; 456 黄铜块; 749 铜薄板; 753 铜楼梯; 1252 黄铜斜板; 1283 黄铜薄斜板; 1284 黄铜大薄斜板; 1327 黄铜竖薄斜板; 1328 黄铜竖大薄斜板; 1363 黄铜竖板; 150712 铜推手; 150713 铜拉手; 150717 铜钻头; 150753 传动蜗杆台; 170009 黄铜三棱柱; 171009 黄铜弧板; 172009 黄铜薄弧板; 173009 黄铜大薄弧板; 174009 黄铜竖薄弧板; 175009 黄铜大竖薄弧板; 176009 黄铜棱锥,贴图列+_snow
brass_block_snow_vertical_halftriangle.png,160 黄铜竖薄板; 456 黄铜块; 749 铜薄板; 753 铜楼梯; 1252 黄铜斜板; 1283 黄铜薄斜板; 1284 黄铜大薄斜板; 1327 黄铜竖薄斜板; 1328 黄铜竖大薄斜板; 1363 黄铜竖板; 150712 铜推手; 150713 铜拉手; 150717 铜钻头; 150753 传动蜗杆台; 170009 黄铜三棱柱; 171009 黄铜弧板; 172009 黄铜薄弧板; 173009 黄铜大薄弧板; 174009 黄铜竖薄弧板; 175009 黄铜大竖薄弧板; 176009 黄铜棱锥,贴图列+_snow
brass_fence.png,554 铜围栏,贴图列精确
brass_fence_matcap.png,554 铜围栏,贴图列+_matcap
brass_fence_mix.png,554 铜围栏,贴图列+_mix
brass_smelter.png,799 铜冶炼台,贴图列精确
brass_smelter_lit.png,799 铜冶炼台,贴图列+_lit
brass_smelter_lit_emi.png,799 铜冶炼台,贴图列+_lit
brass_smelter_lit_matcap.png,799 铜冶炼台,贴图列+_lit
brass_smelter_lit_mix.png,799 铜冶炼台,贴图列+_lit
brass_smelter_matcap.png,799 铜冶炼台,贴图列+_matcap
brass_smelter_mix.png,799 铜冶炼台,贴图列+_mix
breedflag.png,201017 养殖旗帜,贴图列精确
breedflag_on.png,201017 养殖旗帜,贴图列+_on
breedflag_on_emi.png,201017 养殖旗帜,贴图列+_on
brick.png,155 水泥砖竖薄板; 510 水泥砖薄板; 530 水泥砖楼梯; 547 水泥砖块; 1247 水泥砖斜板; 1273 水泥砖薄斜板; 1274 水泥砖大薄斜板; 1317 水泥砖竖薄斜板; 1318 水泥砖竖大薄斜板; 1358 水泥砖竖板; 170004 水泥砖三棱柱; 171004 水泥砖弧板; 172004 水泥砖薄弧板; 173004 水泥砖大薄弧板; 174004 水泥砖竖薄弧板; 175004 水泥砖大竖薄弧板; 176004 水泥砖棱锥,贴图列精确
brick_mix.png,155 水泥砖竖薄板; 510 水泥砖薄板; 530 水泥砖楼梯; 547 水泥砖块; 1247 水泥砖斜板; 1273 水泥砖薄斜板; 1274 水泥砖大薄斜板; 1317 水泥砖竖薄斜板; 1318 水泥砖竖大薄斜板; 1358 水泥砖竖板; 170004 水泥砖三棱柱; 171004 水泥砖弧板; 172004 水泥砖薄弧板; 173004 水泥砖大薄弧板; 174004 水泥砖竖薄弧板; 175004 水泥砖大竖薄弧板; 176004 水泥砖棱锥,贴图列+_mix
brick_rough.png,422 粗制石砖,贴图列精确
brick_rough_mix.png,422 粗制石砖,贴图列+_mix
brick_snow_down_more.png,155 水泥砖竖薄板; 510 水泥砖薄板; 530 水泥砖楼梯; 547 水泥砖块; 1247 水泥砖斜板; 1273 水泥砖薄斜板; 1274 水泥砖大薄斜板; 1317 水泥砖竖薄斜板; 1318 水泥砖竖大薄斜板; 1358 水泥砖竖板; 170004 水泥砖三棱柱; 171004 水泥砖弧板; 172004 水泥砖薄弧板; 173004 水泥砖大薄弧板; 174004 水泥砖竖薄弧板; 175004 水泥砖大竖薄弧板; 176004 水泥砖棱锥,贴图列+_snow
brick_snow_horizontal_halftriangle.png,155 水泥砖竖薄板; 510 水泥砖薄板; 530 水泥砖楼梯; 547 水泥砖块; 1247 水泥砖斜板; 1273 水泥砖薄斜板; 1274 水泥砖大薄斜板; 1317 水泥砖竖薄斜板; 1318 水泥砖竖大薄斜板; 1358 水泥砖竖板; 170004 水泥砖三棱柱; 171004 水泥砖弧板; 172004 水泥砖薄弧板; 173004 水泥砖大薄弧板; 174004 水泥砖竖薄弧板; 175004 水泥砖大竖薄弧板; 176004 水泥砖棱锥,贴图列+_snow
brick_snow_side.png,155 水泥砖竖薄板; 510 水泥砖薄板; 530 水泥砖楼梯; 547 水泥砖块; 1247 水泥砖斜板; 1273 水泥砖薄斜板; 1274 水泥砖大薄斜板; 1317 水泥砖竖薄斜板; 1318 水泥砖竖大薄斜板; 1358 水泥砖竖板; 170004 水泥砖三棱柱; 171004 水泥砖弧板; 172004 水泥砖薄弧板; 173004 水泥砖大薄弧板; 174004 水泥砖竖薄弧板; 175004 水泥砖大竖薄弧板; 176004 水泥砖棱锥,贴图列+_snow
brick_snow_trapezoid_down.png,155 水泥砖竖薄板; 510 水泥砖薄板; 530 水泥砖楼梯; 547 水泥砖块; 1247 水泥砖斜板; 1273 水泥砖薄斜板; 1274 水泥砖大薄斜板; 1317 水泥砖竖薄斜板; 1318 水泥砖竖大薄斜板; 1358 水泥砖竖板; 170004 水泥砖三棱柱; 171004 水泥砖弧板; 172004 水泥砖薄弧板; 173004 水泥砖大薄弧板; 174004 水泥砖竖薄弧板; 175004 水泥砖大竖薄弧板; 176004 水泥砖棱锥,贴图列+_snow
brick_snow_trapezoid_up.png,155 水泥砖竖薄板; 510 水泥砖薄板; 530 水泥砖楼梯; 547 水泥砖块; 1247 水泥砖斜板; 1273 水泥砖薄斜板; 1274 水泥砖大薄斜板; 1317 水泥砖竖薄斜板; 1318 水泥砖竖大薄斜板; 1358 水泥砖竖板; 170004 水泥砖三棱柱; 171004 水泥砖弧板; 172004 水泥砖薄弧板; 173004 水泥砖大薄弧板; 174004 水泥砖竖薄弧板; 175004 水泥砖大竖薄弧板; 176004 水泥砖棱锥,贴图列+_snow
brick_snow_trapezoid_up_second.png,155 水泥砖竖薄板; 510 水泥砖薄板; 530 水泥砖楼梯; 547 水泥砖块; 1247 水泥砖斜板; 1273 水泥砖薄斜板; 1274 水泥砖大薄斜板; 1317 水泥砖竖薄斜板; 1318 水泥砖竖大薄斜板; 1358 水泥砖竖板; 170004 水泥砖三棱柱; 171004 水泥砖弧板; 172004 水泥砖薄弧板; 173004 水泥砖大薄弧板; 174004 水泥砖竖薄弧板; 175004 水泥砖大竖薄弧板; 176004 水泥砖棱锥,贴图列+_snow
brick_snow_triangle.png,155 水泥砖竖薄板; 510 水泥砖薄板; 530 水泥砖楼梯; 547 水泥砖块; 1247 水泥砖斜板; 1273 水泥砖薄斜板; 1274 水泥砖大薄斜板; 1317 水泥砖竖薄斜板; 1318 水泥砖竖大薄斜板; 1358 水泥砖竖板; 170004 水泥砖三棱柱; 171004 水泥砖弧板; 172004 水泥砖薄弧板; 173004 水泥砖大薄弧板; 174004 水泥砖竖薄弧板; 175004 水泥砖大竖薄弧板; 176004 水泥砖棱锥,贴图列+_snow
brick_snow_vertical_halftriangle.png,155 水泥砖竖薄板; 510 水泥砖薄板; 530 水泥砖楼梯; 547 水泥砖块; 1247 水泥砖斜板; 1273 水泥砖薄斜板; 1274 水泥砖大薄斜板; 1317 水泥砖竖薄斜板; 1318 水泥砖竖大薄斜板; 1358 水泥砖竖板; 170004 水泥砖三棱柱; 171004 水泥砖弧板; 172004 水泥砖薄弧板; 173004 水泥砖大薄弧板; 174004 水泥砖竖薄弧板; 175004 水泥砖大竖薄弧板; 176004 水泥砖棱锥,贴图列+_snow
brokencrafttable.png,796 不完整工匠台,贴图列精确
brushmonsterblock_off.png,1080 刷怪方块,贴图列精确
brushmonsterblock_off_mix.png,1080 刷怪方块,贴图列+_mix
brushmonsterblock_on.png,1080 刷怪方块,贴图列+_on
brushmonsterblock_on_emi.png,1080 刷怪方块,贴图列+_on
brushmonsterblock_on_mix.png,1080 刷怪方块,贴图列+_on
bubblecoral.png,488 气泡珊瑚; 489 白化气泡珊瑚,贴图列精确
bubblecoral_1.png,488 气泡珊瑚; 489 白化气泡珊瑚,贴图列+_1
bubblecoral_2.png,488 气泡珊瑚; 489 白化气泡珊瑚,贴图列+_2
bubblecoral_mix.png,488 气泡珊瑚; 489 白化气泡珊瑚,贴图列+_mix
buildflag.png,150004 建筑旗帜,贴图列精确
buildflag_on.png,150004 建筑旗帜,贴图列+_on
buildflag_on_emi.png,150004 建筑旗帜,贴图列+_on
buildflag_wild.png,150005 野生建筑旗帜,贴图列精确
buildflag_wild_on.png,150005 野生建筑旗帜,贴图列+_on
buildflag_wild_on_emi.png,150005 野生建筑旗帜,贴图列+_on
bullethole.png,,
buriedmachine.png,598 掩埋的机械,贴图列精确
buryland_dry.png,103 土坑,贴图列+_dry
buryland_dry_mix.png,103 土坑,贴图列+_dry
buryland_side_dry.png,103 土坑,贴图列+_side
buryland_side_dry_mix.png,103 土坑,贴图列+_side
buryland_side_wet.png,103 土坑,贴图列+_side
buryland_side_wet_mix.png,103 土坑,贴图列+_side
buryland_wet.png,103 土坑,贴图列+_wet
buryland_wet_mix.png,103 土坑,贴图列+_wet
butterfly_flower_pink.png,150055 粉蝶花,贴图列精确
butterfly_flower_pink_emi.png,150055 粉蝶花,贴图列+_emi
button_stone.png,716 普通按钮,贴图列精确
button_stone1.png,716 普通按钮,贴图列+1
button_wood.png,715 触碰按钮,贴图列精确
button_wood1.png,715 触碰按钮,贴图列+1
cabbage.png,1517 甘蓝,贴图列精确
cactus.png,242 仙人掌茎; 458 仙人掌幼苗; 459 仙人掌苗; 460 仙人掌花方块; 461 仙人掌果实方块; 463 仙人掌分支,贴图列精确
cactus_mix.png,242 仙人掌茎; 458 仙人掌幼苗; 459 仙人掌苗; 460 仙人掌花方块; 461 仙人掌果实方块; 463 仙人掌分支,贴图列+_mix
caidan_statue.png,200429 神灵石像,贴图列精确
caidan_statue_emi.png,200429 神灵石像,贴图列+_emi
caidan_statue_mix.png,200429 神灵石像,贴图列+_mix
cake.png,830 烤肉披萨; 831 蔬果披萨,贴图列精确
cake2.png,980 周年生日蛋糕,贴图列精确
cake3.png,830 烤肉披萨,贴图列精确
cake3_mix.png,830 烤肉披萨,贴图列+_mix
cake_mix.png,830 烤肉披萨; 831 蔬果披萨,贴图列+_mix
calculator1_off.png,387 星能算法器,贴图列精确
calculator1_off_mix.png,387 星能算法器,贴图列+_mix
calculator1_on.png,387 星能算法器,贴图列精确
calculator1_on_emi.png,387 星能算法器,贴图列+_emi
calculator1_on_mix.png,387 星能算法器,贴图列+_mix
calculator_arith1.png,1033 算法器,贴图列+1
calculator_arith2.png,1033 算法器,贴图列+2
calculator_off.png,704 星能比较器; 1033 算法器,贴图列精确
calculator_on.png,705 星能比较器,贴图列精确
calculator_rand1.png,,
calculator_switch1.png,704 星能比较器; 705 星能比较器,贴图列+1
calculator_switch2.png,704 星能比较器; 705 星能比较器,贴图列+2
calculator_switch3.png,704 星能比较器; 705 星能比较器,贴图列+3
calculator_switch4.png,704 星能比较器; 705 星能比较器,贴图列+4
candlestick.png,931 蜡烛台; 932 蜡烛台,贴图列精确
candlestick_mix.png,931 蜡烛台; 932 蜡烛台,贴图列+_mix
candyzombie_dustbin.png,390114 垃圾桶,贴图列精确
candyzombie_ladder.png,390112 铁梯子,贴图列精确
candyzombie_sheetiron.png,390113 修补铁板,贴图列精确
cao1.png,,
cao2.png,,
cao3.png,,
caramel.png,559 焦糖块,贴图列精确
carrots1_s0.png,1486 胡萝卜,贴图列+_s0
carrots1_s1.png,1486 胡萝卜,贴图列+_s1
carrots1_s2.png,1486 胡萝卜,贴图列+_s2
carrots1_s3.png,1486 胡萝卜,贴图列+_s3
catceilinglight.png,201647 猫猫顶灯,贴图列精确
catceilinglight_emi.png,201647 猫猫顶灯,贴图列+_emi
catceilinglight_mix.png,201647 猫猫顶灯,贴图列+_mix
catdomelight.png,201648 泡泡吊灯,贴图列精确
catdomelight_emi.png,201648 泡泡吊灯,贴图列+_emi
catdomelight_mix.png,201648 泡泡吊灯,贴图列+_mix
cattreebaseplate.png,201652 猫架基座平板,贴图列精确
cattreebaseplate_mix.png,201652 猫架基座平板,贴图列+_mix
cattreebox.png,201656 猫架方箱,贴图列精确
cattreebox_mix.png,201656 猫架方箱,贴图列+_mix
cattreecolumn.png,201653 猫架半板带单柱,贴图列精确
cattreecolumn_mix.png,201653 猫架半板带单柱,贴图列+_mix
cattreeroundtop.png,201655 猫架圆顶带单柱,贴图列精确
cattreeroundtop_mix.png,201655 猫架圆顶带单柱,贴图列+_mix
cattreestairs.png,201654 猫架楼梯,贴图列精确
cattreestairs_mix.png,201654 猫架楼梯,贴图列+_mix
cauliflower.png,1522 花椰菜,贴图列精确
caustics.png,,
cavegrass.png,1798 荧光草; 150746 农用收割机,贴图列精确
ceiling_lamp_on.png,933 吊灯,贴图列精确
ceiling_lamp_on_emi.png,933 吊灯,贴图列+_emi
cement_normal.png,666 水泥块; 667 上色水泥块; 668 上色水泥块; 669 上色水泥块; 670 上色水泥块; 671 上色水泥块; 672 上色水泥块; 673 上色水泥块; 674 上色水泥块; 675 上色水泥块; 676 上色水泥块; 677 上色水泥块; 678 上色水泥块; 679 上色水泥块; 680 上色水泥块; 681 上色水泥块; 682 上色水泥块; 1960 上色水泥块; 1961 上色水泥块; 1962 上色水泥块; 1963 上色水泥块; 1964 上色水泥块; 1965 上色水泥块; 1966 上色水泥块; 1967 上色水泥块; 1968 上色水泥块; 1969 上色水泥块; 1970 上色水泥块; 1971 上色水泥块,贴图列精确
cement_normal_mix.png,666 水泥块; 667 上色水泥块; 668 上色水泥块; 669 上色水泥块; 670 上色水泥块; 671 上色水泥块; 672 上色水泥块; 673 上色水泥块; 674 上色水泥块; 675 上色水泥块; 676 上色水泥块; 677 上色水泥块; 678 上色水泥块; 679 上色水泥块; 680 上色水泥块; 681 上色水泥块; 682 上色水泥块; 1960 上色水泥块; 1961 上色水泥块; 1962 上色水泥块; 1963 上色水泥块; 1964 上色水泥块; 1965 上色水泥块; 1966 上色水泥块; 1967 上色水泥块; 1968 上色水泥块; 1969 上色水泥块; 1970 上色水泥块; 1971 上色水泥块,贴图列+_mix
ceshi_door.png,390080 [水墨]四层中式门,贴图列精确
chair_wood.png,965 椅子; 970 象牙白椅子; 975 松木椅子,贴图列精确
chair_wood2.png,970 象牙白椅子,贴图列精确
chair_wood2_mix.png,970 象牙白椅子,贴图列+_mix
chair_wood3.png,975 松木椅子,贴图列精确
chair_wood3_mix.png,975 松木椅子,贴图列+_mix
chair_wood_mix.png,965 椅子; 970 象牙白椅子; 975 松木椅子,贴图列+_mix
chassisframe.png,150920 底盘框架,贴图列精确
cherry tree.png,,
cherrytree.png,1538 樱桃,贴图列精确
cheshen.png,1082 车身方块（测试用）,贴图列精确
chest.png,801 储物箱; 989 补给道具箱; 998 初始道具补给箱; 999 再次挑战补给箱; 1180 大型储物箱（横）; 1181 大型储物箱（竖）,贴图列精确
chest1.png,998 初始道具补给箱,贴图列精确
chest1_mix.png,998 初始道具补给箱,贴图列+_mix
chest2.png,989 补给道具箱; 999 再次挑战补给箱,贴图列精确
chest2_mix.png,989 补给道具箱; 999 再次挑战补给箱,贴图列+_mix
chest3.png,801 储物箱; 989 补给道具箱; 998 初始道具补给箱; 999 再次挑战补给箱; 1180 大型储物箱（横）; 1181 大型储物箱（竖）,贴图列+3
chest4.png,801 储物箱; 989 补给道具箱; 998 初始道具补给箱; 999 再次挑战补给箱; 1180 大型储物箱（横）; 1181 大型储物箱（竖）,贴图列+4
chest5.png,801 储物箱; 989 补给道具箱; 998 初始道具补给箱; 999 再次挑战补给箱; 1180 大型储物箱（横）; 1181 大型储物箱（竖）,贴图列+5
chest6.png,801 储物箱; 989 补给道具箱; 998 初始道具补给箱; 999 再次挑战补给箱; 1180 大型储物箱（横）; 1181 大型储物箱（竖）,贴图列+6
chest_matcap.png,801 储物箱; 989 补给道具箱; 998 初始道具补给箱; 999 再次挑战补给箱; 1180 大型储物箱（横）; 1181 大型储物箱（竖）,贴图列+_matcap
chest_mix.png,801 储物箱; 989 补给道具箱; 998 初始道具补给箱; 999 再次挑战补给箱; 1180 大型储物箱（横）; 1181 大型储物箱（竖）,贴图列+_mix
chicken_coop.png,1391 鸡窝,贴图列精确
chicken_coop_mix.png,1391 鸡窝,贴图列+_mix
chili.png,,
china_bathtub.png,1582 中式浴缸,贴图列精确
china_bathtub_rgb.png,1582 中式浴缸,贴图列+_rgb
china_bed.png,1574 中式床,贴图列精确
china_bed_rgb.png,1574 中式床,贴图列+_rgb
china_brick_side.png,1595 中式砖,贴图列+_side
china_brick_top.png,1595 中式砖,贴图列+_top
china_cabinet.png,1584 中式橱柜,贴图列精确
china_cabinet_rgb.png,1584 中式橱柜,贴图列+_rgb
china_carpet.png,,
china_carpet_rgb.png,,
china_ceiling_light.png,1589 中式吊灯,贴图列精确
china_ceiling_light_emi.png,1589 中式吊灯,贴图列+_emi
china_ceiling_light_rgb.png,1589 中式吊灯,贴图列+_rgb
china_chair.png,1580 中式椅子,贴图列精确
china_chair_rgb.png,1580 中式椅子,贴图列+_rgb
china_closet.png,1583 中式衣柜,贴图列精确
china_closet_rgb.png,1583 中式衣柜,贴图列+_rgb
china_desk.png,1576 中式书桌,贴图列精确
china_desk_rgb.png,1576 中式书桌,贴图列+_rgb
china_door.png,1591 中式门,贴图列精确
china_door_rgb.png,1591 中式门,贴图列+_rgb
china_erect_light.png,1588 中式立体灯,贴图列精确
china_erect_light_emi.png,1588 中式立体灯,贴图列+_emi
china_erect_light_rgb.png,1588 中式立体灯,贴图列+_rgb
china_group_cabinet.png,1586 中式组合柜,贴图列精确
china_group_cabinet_rgb.png,1586 中式组合柜,贴图列+_rgb
china_half_brick_side.png,1596 中式半砖,贴图列+_side
china_half_brick_top.png,1596 中式半砖,贴图列+_top
china_half_cabinet.png,1585 中式半格橱柜,贴图列精确
china_half_cabinet_rgb.png,1585 中式半格橱柜,贴图列+_rgb
china_rail.png,1597 中式围栏,贴图列精确
china_rail_rgb.png,1597 中式围栏,贴图列+_rgb
china_screen.png,1587 中式屏风,贴图列精确
china_screen_rgb.png,1587 中式屏风,贴图列+_rgb
china_screen_screengrass.png,1587 中式屏风,贴图列+_screengrass
china_sofa.png,1575 中式沙发,贴图列精确
china_sofa_rgb.png,1575 中式沙发,贴图列+_rgb
china_stairs.png,1593 中式楼梯,贴图列精确
china_stairs_rgb.png,1593 中式楼梯,贴图列+_rgb
china_table.png,1577 中式餐桌,贴图列精确
china_table_rgb.png,1577 中式餐桌,贴图列+_rgb
china_tea_table.png,1578 中式茶几,贴图列精确
china_tea_table_rgb.png,1578 中式茶几,贴图列+_rgb
china_toilet.png,1581 中式马桶,贴图列精确
china_toilet_rgb.png,1581 中式马桶,贴图列+_rgb
china_wall1_side.png,1594 中式墙砖,贴图列+数字_side
china_wall_light.png,1590 中式壁灯,贴图列精确
china_wall_light_emi.png,1590 中式壁灯,贴图列+_emi
china_wall_light_rgb.png,1590 中式壁灯,贴图列+_rgb
china_wall_side.png,1594 中式墙砖,贴图列+_side
china_wall_top.png,1594 中式墙砖,贴图列+_top
china_wash_table.png,1579 中式洗手台,贴图列精确
china_wash_table_rgb.png,1579 中式洗手台,贴图列+_rgb
china_window.png,1592 中式窗,贴图列精确
china_window_rgb.png,1592 中式窗,贴图列+_rgb
china_window_screengrass.png,1592 中式窗,贴图列+_screengrass
chives.png,1523 韭菜,贴图列精确
chiyan1.png,400 炽炎矿,贴图列精确
chiyan1_emi.png,400 炽炎矿,贴图列+_emi
chiyan_x.png,400 炽炎矿,贴图列+_x
chiyan_y.png,400 炽炎矿,贴图列+_y
chiyan_z.png,400 炽炎矿,贴图列+_z
chrismas_box0.png,847 圣诞礼盒,贴图列+0
chrismas_box1.png,847 圣诞礼盒,贴图列+1
chrismas_box2.png,847 圣诞礼盒,贴图列+2
chrismas_tree.png,244 圣诞树; 879 圣诞铃铛; 880 圣诞条带,贴图列精确
chrismas_tree_mix.png,244 圣诞树; 879 圣诞铃铛; 880 圣诞条带,贴图列+_mix
cityground.png,99 混凝土,贴图列精确
cityground_mix.png,99 混凝土,贴图列+_mix
clawtable.png,201640 狗狗茶几,贴图列精确
clawtable_mix.png,201640 狗狗茶几,贴图列+_mix
climbingframe.png,153000 攀藤架,贴图列精确
climbingframe_mix.png,153000 攀藤架,贴图列+_mix
clip_trap.png,200001 假人模型; 200004 夹子陷阱,贴图列精确
clip_trap_matcap.png,200001 假人模型; 200004 夹子陷阱,贴图列+_matcap
cloudblock_mix.png,,
cloudblockblue.png,201617 云朵蓝方块,贴图列精确
cloudblockpink.png,201618 云朵粉方块,贴图列精确
cloudblockpurple.png,201619 云朵紫方块,贴图列精确
cloudcarpet.png,201634 云朵地毯,贴图列精确
cloudcarpet_mix.png,201634 云朵地毯,贴图列+_mix
cloudmessageboard.png,201635 云朵立牌,贴图列精确
cloudmessageboard_mix.png,201635 云朵立牌,贴图列+_mix
cloudportal.png,1100 地图传送方块,贴图列精确
cloudportal_emi.png,1100 地图传送方块,贴图列+_emi
cloudportal_mix.png,1100 地图传送方块,贴图列+_mix
cloudrecliner.png,201625 云朵躺椅,贴图列精确
cloudrecliner_mix.png,201625 云朵躺椅,贴图列+_mix
cloudskylight.png,201622 云朵天窗,贴图列精确
cloudskylight_mix.png,201622 云朵天窗,贴图列+_mix
cloudstair.png,201623 云朵阶梯,贴图列精确
cloudstair_mix.png,201623 云朵阶梯,贴图列+_mix
cloudwindow.png,201621 云朵视窗,贴图列精确
cloudwindow_mix.png,201621 云朵视窗,贴图列+_mix
clovervillagetotem.png,201020 四叶草村图腾,贴图列精确
clovervillagetotem_mix.png,201020 四叶草村图腾,贴图列+_mix
cobalt1.png,177 钴矿,贴图列精确
cobalt1_emi.png,177 钴矿,贴图列+_emi
cobalt1_proto.png,177 钴矿,贴图列+_proto
cobalt1_proto_emi.png,177 钴矿,贴图列+_proto
cobalt_block.png,180 钴块,贴图列精确
cobalt_block_matcap.png,180 钴块,贴图列+_matcap
cobalt_block_mix.png,180 钴块,贴图列+_mix
cobalt_x.png,177 钴矿,贴图列+_x
cobalt_x_emi.png,177 钴矿,贴图列+_x
cobalt_y.png,177 钴矿,贴图列+_y
cobalt_y_emi.png,177 钴矿,贴图列+_y
cobalt_z.png,177 钴矿,贴图列+_z
cobalt_z_emi.png,177 钴矿,贴图列+_z
cobblestoneroad.png,200008 碎石路,贴图列精确
cobblestoneroad_mix.png,200008 碎石路,贴图列+_mix
coconut tree.png,,
coconut_normal.png,295 大椰子,贴图列精确
coconut_normal_mix.png,295 大椰子,贴图列+_mix
coconut_red.png,297 异化大椰子,贴图列精确
coconut_red_mix.png,297 异化大椰子,贴图列+_mix
coconuttree.png,1528 椰树,贴图列精确
codechest.png,1055 小加密箱; 1056 大加密箱,贴图列精确
codechest1.png,1056 大加密箱,贴图列精确
coffee.png,,
coldlighttorch.png,150013 寒光棒,贴图列精确
coldlighttorch_emi.png,150013 寒光棒,贴图列+_emi
coldlighttorch_mix.png,150013 寒光棒,贴图列+_mix
collecting_pipe.png,369 收集管道,贴图列精确
collecting_pipe_emi.png,369 收集管道,贴图列+_emi
collecting_pipe_mix.png,369 收集管道,贴图列+_mix
colliderblock1.png,1037 触碰方块,贴图列精确
colliderblock2.png,1038 生物触碰方块,贴图列精确
colliderblock3.png,1040 球触碰方块,贴图列精确
colliderblock4.png,1067 物理触碰方块,贴图列精确
colliderblock5.png,1067 物理触碰方块,贴图列精确
colliderblock5_emi.png,1067 物理触碰方块,贴图列+_emi
color_brick.png,982 棕色纹砖,贴图列精确
color_brick2.png,981 方片花纹砖,贴图列精确
color_brick2_mix.png,981 方片花纹砖,贴图列+_mix
color_brick_mix.png,982 棕色纹砖,贴图列+_mix
color_palette.png,498 调色架; 508 调色架（挂墙）,贴图列精确
color_palette_mix.png,498 调色架; 508 调色架（挂墙）,贴图列+_mix
colorful pepper.png,,
colorfulpepper.png,1541 五彩椒,贴图列精确
columnbase.png,201703 蘑古石柱基座,贴图列精确
columnbase_mix.png,201703 蘑古石柱基座,贴图列+_mix
columncapital.png,201701 蘑古石柱头,贴图列精确
columncapital_emi.png,201701 蘑古石柱头,贴图列+_emi
columncapital_mix.png,201701 蘑古石柱头,贴图列+_mix
columnshaft.png,201702 蘑古石柱身,贴图列精确
columnshaft_emi.png,201702 蘑古石柱身,贴图列+_emi
columnshaft_mix.png,201702 蘑古石柱身,贴图列+_mix
commonglass_mix.png,,
comparator_off.png,374 星能比较器,贴图列精确
comparator_off_emi.png,374 星能比较器,贴图列+_emi
comparator_off_mix.png,374 星能比较器,贴图列+_mix
comparator_on.png,374 星能比较器,贴图列精确
comparator_on_emi.png,374 星能比较器,贴图列+_emi
comparator_on_mix.png,374 星能比较器,贴图列+_mix
complete_adobe_brick.png,160012 完整土砖; 163014 完整土砖斜板; 165013 完整土砖薄斜板; 166013 完整土砖大薄斜板; 167013 完整土砖竖薄斜板; 168013 完整土砖竖薄大斜板; 170036 完整土砖三棱柱; 171036 完整土砖弧板; 172036 完整土砖薄弧板; 173036 完整土砖大薄弧板; 174036 完整土砖竖薄弧板; 175036 完整土砖大竖薄弧板; 176036 完整土砖棱锥,贴图列精确
complete_adobe_brick_mix.png,160012 完整土砖; 163014 完整土砖斜板; 165013 完整土砖薄斜板; 166013 完整土砖大薄斜板; 167013 完整土砖竖薄斜板; 168013 完整土砖竖薄大斜板; 170036 完整土砖三棱柱; 171036 完整土砖弧板; 172036 完整土砖薄弧板; 173036 完整土砖大薄弧板; 174036 完整土砖竖薄弧板; 175036 完整土砖大竖薄弧板; 176036 完整土砖棱锥,贴图列+_mix
complete_arenosol_brick.png,160024 完整砂土砖; 163016 完整砂土砖斜板; 165015 完整砂土砖薄斜板; 166015 完整砂土砖大薄斜板; 167015 完整砂土砖竖薄斜板; 168015 完整砂土砖竖薄大斜板; 170038 完整砂土砖三棱柱; 171038 完整砂土砖弧板; 172038 完整砂土砖薄弧板; 173038 完整砂土砖大薄弧板; 174038 完整砂土砖竖薄弧板; 175038 完整砂土砖大竖薄弧板; 176038 完整砂土砖棱锥,贴图列精确
complete_arenosol_brick_mix.png,160024 完整砂土砖; 163016 完整砂土砖斜板; 165015 完整砂土砖薄斜板; 166015 完整砂土砖大薄斜板; 167015 完整砂土砖竖薄斜板; 168015 完整砂土砖竖薄大斜板; 170038 完整砂土砖三棱柱; 171038 完整砂土砖弧板; 172038 完整砂土砖薄弧板; 173038 完整砂土砖大薄弧板; 174038 完整砂土砖竖薄弧板; 175038 完整砂土砖大竖薄弧板; 176038 完整砂土砖棱锥,贴图列+_mix
complete_sand_brick.png,160018 完整黄砖; 163015 完整黄砖斜板; 165014 完整黄砖薄斜板; 166014 完整黄砖大薄斜板; 167014 完整黄砖竖薄斜板; 168014 完整黄砖竖薄大斜板; 170037 完整黄砖三棱柱; 171037 完整黄砖弧板; 172037 完整黄砖薄弧板; 173037 完整黄砖大薄弧板; 174037 完整黄砖竖薄弧板; 175037 完整黄砖大竖薄弧板; 176037 完整黄砖棱锥,贴图列精确
complete_sand_brick_mix.png,160018 完整黄砖; 163015 完整黄砖斜板; 165014 完整黄砖薄斜板; 166014 完整黄砖大薄斜板; 167014 完整黄砖竖薄斜板; 168014 完整黄砖竖薄大斜板; 170037 完整黄砖三棱柱; 171037 完整黄砖弧板; 172037 完整黄砖薄弧板; 173037 完整黄砖大薄弧板; 174037 完整黄砖竖薄弧板; 175037 完整黄砖大竖薄弧板; 176037 完整黄砖棱锥,贴图列+_mix
computer.png,200440 电脑,贴图列精确
condensation.png,1757 凝浆块,贴图列精确
condensation_emi.png,1757 凝浆块,贴图列+_emi
condensation_mix.png,1757 凝浆块,贴图列+_mix
cones_s0.png,237 红杉果,贴图列+_s0
cones_s1.png,237 红杉果,贴图列+_s1
cones_s2.png,237 红杉果,贴图列+_s2
connector.png,1092 动作序列器,贴图列精确
connector_mix.png,1092 动作序列器,贴图列+_mix
construction_line.png,,
conventionalsuspension.png,150922 普通悬架,贴图列精确
conveyorbelt.png,,
conveyorbelt_al.png,150721 铝制传送带,贴图列精确
conveyorbelt_al_mix.png,150721 铝制传送带,贴图列+_mix
conveyorbelt_co.png,150719 铜制传送带,贴图列精确
conveyorbelt_co_mix.png,150719 铜制传送带,贴图列+_mix
conveyorbelt_ir.png,150720 铁制传送带,贴图列精确
conveyorbelt_ir_mix.png,150720 铁制传送带,贴图列+_mix
cookingstation.png,200109 烹饪台,贴图列精确
cookingstation_mix.png,200109 烹饪台,贴图列+_mix
cookingstation_on.png,200109 烹饪台,贴图列+_on
cookingstation_on_emi.png,200109 烹饪台,贴图列+_on
cookingstation_on_mix.png,200109 烹饪台,贴图列+_on
coppercrafttable.png,824 不完整工匠台,贴图列精确
coppercrafttable_emi.png,824 不完整工匠台,贴图列+_emi
copy_range_line.png,,
coral.png,,
coralseedling_1.png,485 珊瑚幼体,贴图列+_1
coralseedling_1_emi.png,485 珊瑚幼体,贴图列+_1
coralseedling_2.png,485 珊瑚幼体,贴图列+_2
coralseedling_2_emi.png,485 珊瑚幼体,贴图列+_2
coralseedling_3.png,485 珊瑚幼体,贴图列+_3
coralseedling_3_emi.png,485 珊瑚幼体,贴图列+_3
coralseedling_4.png,485 珊瑚幼体,贴图列+_4
coralseedling_4_emi.png,485 珊瑚幼体,贴图列+_4
coralseedling_mix.png,485 珊瑚幼体,贴图列+_mix
core_sacredtree_fruit.png,593 神圣树浆,贴图列+_fruit
core_sacredtree_fruit_emi.png,593 神圣树浆,贴图列+_fruit
core_sacredtree_jelly.png,593 神圣树浆,贴图列精确
core_sacredtree_jelly_emi.png,593 神圣树浆,贴图列+_emi
corn.png,229 玉米,贴图列精确
corn_mix.png,229 玉米,贴图列+_mix
corn_stack.png,229 玉米,贴图列+_stack
corn_stack_mix.png,229 玉米,贴图列+_stack
corrosion_ritual_circle.png,201760 蚀化召唤阵,贴图列精确
corrosion_ritual_circle_emi.png,201760 蚀化召唤阵,贴图列+_emi
corruptedfadedgrass.png,381 腐化败草,贴图列精确
cosmic_rock_block.png,116 萌眼星石块; 137 萌眼星土坑,贴图列精确
cosmic_rock_block_mix.png,116 萌眼星石块; 137 萌眼星土坑,贴图列+_mix
cosmicburyland_dry.png,137 萌眼星土坑,贴图列+_dry
cosmicburyland_dry_mix.png,137 萌眼星土坑,贴图列+_dry
cosmicburyland_side_dry.png,137 萌眼星土坑,贴图列+_side
cosmicburyland_side_dry_mix.png,137 萌眼星土坑,贴图列+_side
cosmicburyland_side_wet.png,137 萌眼星土坑,贴图列+_side
cosmicburyland_side_wet_mix.png,137 萌眼星土坑,贴图列+_side
cosmicburyland_wet.png,137 萌眼星土坑,贴图列+_wet
cosmicburyland_wet_mix.png,137 萌眼星土坑,贴图列+_wet
cosmiccloud.png,118 萌眼星云团; 150745 铝钻头; 150750 铝推手; 150752 铝拉手,贴图列精确
cosmiccloud_mix.png,118 萌眼星云团; 150745 铝钻头; 150750 铝推手; 150752 铝拉手,贴图列+_mix
cosmicgrass_side.png,117 萌眼星草块,贴图列+_side
cosmicgrass_side_245a0a.png,117 萌眼星草块,贴图列+_side
cosmicgrass_side_26542d.png,117 萌眼星草块,贴图列+_side
cosmicgrass_side_2c304c.png,117 萌眼星草块,贴图列+_side
cosmicgrass_side_2d5128.png,117 萌眼星草块,贴图列+_side
cosmicgrass_side_2e4c2d.png,117 萌眼星草块,贴图列+_side
cosmicgrass_side_2e5a18.png,117 萌眼星草块,贴图列+_side
cosmicgrass_side_326815.png,117 萌眼星草块,贴图列+_side
cosmicgrass_side_343350.png,117 萌眼星草块,贴图列+_side
cosmicgrass_side_383f6d.png,117 萌眼星草块,贴图列+_side
cosmicgrass_side_397d2b.png,117 萌眼星草块,贴图列+_side
cosmicgrass_side_3a6a5c.png,117 萌眼星草块,贴图列+_side
cosmicgrass_side_3a8c27.png,117 萌眼星草块,贴图列+_side
cosmicgrass_side_3b4a71.png,117 萌眼星草块,贴图列+_side
cosmicgrass_side_3c6e60.png,117 萌眼星草块,贴图列+_side
cosmicgrass_side_3d9300.png,117 萌眼星草块,贴图列+_side
cosmicgrass_side_46a922.png,117 萌眼星草块,贴图列+_side
cosmicgrass_side_4969ab.png,117 萌眼星草块,贴图列+_side
cosmicgrass_side_4b6394.png,117 萌眼星草块,贴图列+_side
cosmicgrass_side_4c5b43.png,117 萌眼星草块,贴图列+_side
cosmicgrass_side_4e5378.png,117 萌眼星草块,贴图列+_side
cosmicgrass_side_506c8f.png,117 萌眼星草块,贴图列+_side
cosmicgrass_side_527b1b.png,117 萌眼星草块,贴图列+_side
cosmicgrass_side_535946.png,117 萌眼星草块,贴图列+_side
cosmicgrass_side_55a3de.png,117 萌眼星草块,贴图列+_side
cosmicgrass_side_568c2e.png,117 萌眼星草块,贴图列+_side
cosmicgrass_side_585982.png,117 萌眼星草块,贴图列+_side
cosmicgrass_side_5885a1.png,117 萌眼星草块,贴图列+_side
cosmicgrass_side_5a7fac.png,117 萌眼星草块,贴图列+_side
cosmicgrass_side_5d7e1b.png,117 萌眼星草块,贴图列+_side
cosmicgrass_side_5e6d9d.png,117 萌眼星草块,贴图列+_side
cosmicgrass_side_656755.png,117 萌眼星草块,贴图列+_side
cosmicgrass_side_674896.png,117 萌眼星草块,贴图列+_side
cosmicgrass_side_6c6fad.png,117 萌眼星草块,贴图列+_side
cosmicgrass_side_6c89ad.png,117 萌眼星草块,贴图列+_side
cosmicgrass_side_715a81.png,117 萌眼星草块,贴图列+_side
cosmicgrass_side_726879.png,117 萌眼星草块,贴图列+_side
cosmicgrass_side_83b981.png,117 萌眼星草块,贴图列+_side
cosmicgrass_side_84b97b.png,117 萌眼星草块,贴图列+_side
cosmicgrass_side_8859c0.png,117 萌眼星草块,贴图列+_side
cosmicgrass_side_94591d.png,117 萌眼星草块,贴图列+_side
cosmicgrass_side_9b5448.png,117 萌眼星草块,贴图列+_side
cosmicgrass_side_9fd29f.png,117 萌眼星草块,贴图列+_side
cosmicgrass_side_a05c13.png,117 萌眼星草块,贴图列+_side
cosmicgrass_side_b2a889.png,117 萌眼星草块,贴图列+_side
cosmicgrass_side_b665e5.png,117 萌眼星草块,贴图列+_side
cosmicgrass_side_b73f20.png,117 萌眼星草块,贴图列+_side
cosmicgrass_side_cb5f4e.png,117 萌眼星草块,贴图列+_side
cosmicgrass_side_d6daff.png,117 萌眼星草块,贴图列+_side
cosmicgrass_side_d7c250.png,117 萌眼星草块,贴图列+_side
cosmicgrass_side_ec98ff.png,117 萌眼星草块,贴图列+_side
cosmicgrass_side_ff5d57.png,117 萌眼星草块,贴图列+_side
cosmicgrass_side_ff742b.png,117 萌眼星草块,贴图列+_side
cosmicgrass_side_ffbd4e.png,117 萌眼星草块,贴图列+_side
cosmicgrass_side_ffc875.png,117 萌眼星草块,贴图列+_side
cosmicgrass_side_ffce95.png,117 萌眼星草块,贴图列+_side
cosmicgrass_side_fffaeb.png,117 萌眼星草块,贴图列+_side
cosmicgrass_side_mix.png,117 萌眼星草块,贴图列+_side
cosmicgrass_side_overlay.png,117 萌眼星草块,贴图列+_side
cosmicgrass_top.png,117 萌眼星草块,贴图列+_top
cosmicgrass_top_mix.png,117 萌眼星草块,贴图列+_top
cotton.png,,
cotton_colored_1.png,600 棉花块; 601 棉花块; 602 棉花块; 603 棉花块; 616 棉毡; 617 棉毡; 618 棉毡; 619 棉毡; 1900 棉花块; 1904 棉花块; 1908 棉花块; 1912 棉毡; 1916 棉毡; 1920 棉毡,贴图列精确
cotton_colored_1_mix.png,600 棉花块; 601 棉花块; 602 棉花块; 603 棉花块; 616 棉毡; 617 棉毡; 618 棉毡; 619 棉毡; 1900 棉花块; 1904 棉花块; 1908 棉花块; 1912 棉毡; 1916 棉毡; 1920 棉毡,贴图列+_mix
cotton_colored_2.png,604 棉花块; 605 棉花块; 606 棉花块; 607 棉花块; 620 棉毡; 621 棉毡; 622 棉毡; 631 棉毡; 1901 棉花块; 1905 棉花块; 1909 棉花块; 1913 棉毡; 1917 棉毡; 1921 棉毡,贴图列精确
cotton_colored_2_mix.png,604 棉花块; 605 棉花块; 606 棉花块; 607 棉花块; 620 棉毡; 621 棉毡; 622 棉毡; 631 棉毡; 1901 棉花块; 1905 棉花块; 1909 棉花块; 1913 棉毡; 1917 棉毡; 1921 棉毡,贴图列+_mix
cotton_colored_3.png,608 棉花块; 609 棉花块; 610 棉花块; 611 棉花块; 615 棉花块; 624 棉毡; 625 棉毡; 626 棉毡; 627 棉毡; 1902 棉花块; 1906 棉花块; 1910 棉花块; 1914 棉毡; 1918 棉毡; 1922 棉毡,贴图列精确
cotton_colored_3_mix.png,608 棉花块; 609 棉花块; 610 棉花块; 611 棉花块; 615 棉花块; 624 棉毡; 625 棉毡; 626 棉毡; 627 棉毡; 1902 棉花块; 1906 棉花块; 1910 棉花块; 1914 棉毡; 1918 棉毡; 1922 棉毡,贴图列+_mix
cotton_colored_4.png,612 棉花块; 613 棉花块; 614 棉花块; 623 棉毡; 628 棉毡; 629 棉毡; 630 棉毡; 1903 棉花块; 1907 棉花块; 1911 棉花块; 1915 棉毡; 1919 棉毡; 1923 棉毡,贴图列精确
cotton_colored_4_mix.png,612 棉花块; 613 棉花块; 614 棉花块; 623 棉毡; 628 棉毡; 629 棉毡; 630 棉毡; 1903 棉花块; 1907 棉花块; 1911 棉花块; 1915 棉毡; 1919 棉毡; 1923 棉毡,贴图列+_mix
counter_off.png,366 星能计数器,贴图列精确
counter_off_mix.png,366 星能计数器,贴图列+_mix
counter_on.png,366 星能计数器,贴图列+_on
counter_on_emi.png,366 星能计数器,贴图列+_on
counter_on_mix.png,366 星能计数器,贴图列+_on
countrybed.png,201508 田园单人床,贴图列精确
countrybed_mix.png,201508 田园单人床,贴图列+_mix
countrycarpet.png,201513 田园地毯,贴图列精确
countrycarpet_mix.png,201513 田园地毯,贴图列+_mix
countrychair.png,201506 田园木椅,贴图列精确
countrychair_mix.png,201506 田园木椅,贴图列+_mix
countrycurtain.png,201511 白布窗帘,贴图列精确
countrycurtain_mix.png,201511 白布窗帘,贴图列+_mix
countrycushion_blue.png,201528 蓝白坐垫,贴图列精确
countrycushion_mix.png,201507 纯白坐垫; 201528 蓝白坐垫,贴图列+_mix
countrycushion_white.png,201507 纯白坐垫,贴图列精确
countryfireplace.png,201512 田园壁炉,贴图列精确
countryfireplace_mix.png,201512 田园壁炉,贴图列+_mix
countryfloorblock.png,201521 田园地板,贴图列精确
countryfloorblock_mix.png,201521 田园地板,贴图列+_mix
countryflowerpot_blue.png,201529 蓝色花盆,贴图列精确
countryflowerpot_blue_mix.png,201529 蓝色花盆,贴图列+_mix
countryflowerpot_red.png,201530 红色花盆,贴图列精确
countryflowerpot_red_mix.png,201530 红色花盆,贴图列+_mix
countryflowerpot_white.png,201516 白色花盆,贴图列精确
countryflowerpot_white_mix.png,201516 白色花盆,贴图列+_mix
countrygravelroad.png,201515 砖石路,贴图列精确
countrygravelroad_mix.png,201515 砖石路,贴图列+_mix
countryriverside.png,201514 堤岸碎石,贴图列精确
countryriverside_mix.png,201514 堤岸碎石,贴图列+_mix
countryroofblock_orange.png,160047 橙色屋顶块; 201519 橙色斜板屋顶,贴图列精确
countryroofblock_orange_mix.png,160047 橙色屋顶块; 201519 橙色斜板屋顶,贴图列+_mix
countryroofblock_purple.png,160048 紫色屋顶块; 201522 紫色斜板屋顶,贴图列精确
countryroofblock_purple_mix.png,160048 紫色屋顶块; 201522 紫色斜板屋顶,贴图列+_mix
countrystair.png,201505 田园阶梯,贴图列精确
countrystair_mix.png,201505 田园阶梯,贴图列+_mix
countrytable_blue.png,201532 蓝色方桌,贴图列精确
countrytable_green.png,201533 绿色方桌,贴图列精确
countrytable_mix.png,201509 红色方桌; 201531 黄色方桌; 201532 蓝色方桌; 201533 绿色方桌,贴图列+_mix
countrytable_red.png,201509 红色方桌,贴图列精确
countrytable_yellow.png,201531 黄色方桌,贴图列精确
countrytileroof_black.png,201537 黑色瓦片,贴图列精确
countrytileroof_mix.png,201534 橙色瓦片; 201535 红色瓦片; 201536 黄色瓦片; 201537 黑色瓦片,贴图列+_mix
countrytileroof_orange.png,201534 橙色瓦片,贴图列精确
countrytileroof_red.png,201535 红色瓦片,贴图列精确
countrytileroof_yellow.png,201536 黄色瓦片,贴图列精确
countrywallblock_bolang.png,201520 白色波纹墙块,贴图列精确
countrywallblock_bolang_mix.png,201520 白色波纹墙块,贴图列+_mix
countrywallblock_bolanghua.png,201523 白色花点墙块,贴图列精确
countrywallblock_bolanghua_mix.png,201523 白色花点墙块,贴图列+_mix
countrywallblock_fenhua.png,201524 白色粉花点墙块,贴图列精确
countrywallblock_fenhua_mix.png,201524 白色粉花点墙块,贴图列+_mix
countrywallblock_huanghua.png,201525 白色黄花点墙块,贴图列精确
countrywallblock_huanghua_mix.png,201525 白色黄花点墙块,贴图列+_mix
countrywallblock_lvling.png,201526 白色绿菱墙块,贴图列精确
countrywallblock_lvling_mix.png,201526 白色绿菱墙块,贴图列+_mix
countrywallblock_ziling.png,201527 白色紫菱墙块,贴图列精确
countrywallblock_ziling_mix.png,201527 白色紫菱墙块,贴图列+_mix
countrywalllamp.png,201510 田园壁灯,贴图列精确
countrywalllamp_mix.png,201510 田园壁灯,贴图列+_mix
countrywindow.png,201504 田园装饰窗,贴图列精确
countrywindow_mix.png,201504 田园装饰窗,贴图列+_mix
cow_dung.png,150932 牛粪,贴图列精确
cow_dung_mix.png,150932 牛粪,贴图列+_mix
cowstool.png,201639 奶牛凳子,贴图列精确
cowstool_mix.png,201639 奶牛凳子,贴图列+_mix
crystal_256_blue.png,,
crystal_256_green.png,,
crystal_256_red.png,,
crystal_torch.png,182 凝能晶小火炬,贴图列精确
crystalmarrowflower.png,201919 晶髓花簇,贴图列精确
crystalmarrowflower_emi.png,201919 晶髓花簇,贴图列+_emi
crystalmarrowflower_mix.png,201919 晶髓花簇,贴图列+_mix
cubby.png,201644 置物格,贴图列精确
cubby_mix.png,201644 置物格,贴图列+_mix
cucumber.png,236 青瓜; 1525 野萝卜,贴图列精确
cucumber_s0.png,236 青瓜; 1525 野萝卜,贴图列+_s0
cucumber_s1.png,236 青瓜; 1525 野萝卜,贴图列+_s1
cucumber_s2.png,236 青瓜; 1525 野萝卜,贴图列+_s2
cucumber_s3.png,236 青瓜; 1525 野萝卜,贴图列+_s3
cup.png,,
current_divider_off.png,356 星能分流器,贴图列+_off
current_divider_off_mix.png,356 星能分流器,贴图列+_off
current_divider_on.png,356 星能分流器,贴图列精确
current_divider_on_emi.png,356 星能分流器,贴图列+_emi
current_divider_on_mix.png,356 星能分流器,贴图列+_mix
cursestone.png,15 咒岩,贴图列精确
cursestone_activated.png,16 咒岩-激活,贴图列精确
cursestone_activated_emi.png,16 咒岩-激活,贴图列+_emi
cursestone_mix.png,15 咒岩,贴图列+_mix
daisybush_pink_blue.png,150052 蓝粉雏菊丛,贴图列精确
daisybush_pink_white.png,150054 粉色雏菊丛,贴图列精确
daisybush_white_orange.png,150053 橙色雏菊丛,贴图列精确
dandelion.png,150060 蒲公英,贴图列精确
dark_rock.png,200252 神秘的岩石,贴图列精确
dark_rock_brick.png,200252 神秘的岩石,贴图列+_brick
dark_rock_brick1.png,200240 四格暗岩砖,贴图列精确
dark_rock_brick1_mix.png,200240 四格暗岩砖,贴图列+_mix
dark_rock_brick_mix.png,200252 神秘的岩石,贴图列+_brick
dark_rock_mix.png,200252 神秘的岩石,贴图列+_mix
dark_rock_patterned_brick.png,200252 神秘的岩石,贴图列+_patterned
dark_sand_block.png,,
dark_sand_block_mix.png,,
darkicecrystalmushroom.png,150008 无光冰晶喷菇,贴图列精确
darkicecrystalmushroom_emi.png,150008 无光冰晶喷菇,贴图列+_emi
darkicecrystalmushroom_mix.png,150008 无光冰晶喷菇,贴图列+_mix
darkmetalfence.png,200250 暗影铁栏,贴图列精确
darkmetalfence_mix.png,200250 暗影铁栏,贴图列+_mix
darkmetalfencegate.png,201766 暗影铁栏门,贴图列精确
darkmetalfencegate_mix.png,201766 暗影铁栏门,贴图列+_mix
deadbubblecoral.png,489 白化气泡珊瑚,贴图列精确
deadbush.png,225 枯草,贴图列精确
deaddisccoral.png,491 白化圆盘珊瑚,贴图列精确
deadhorncoral.png,487 白化角珊瑚,贴图列精确
deadhorncoral_mix.png,487 白化角珊瑚,贴图列+_mix
deadthicket1.png,763 枯灌木丛,贴图列+1
deadtreecoral.png,493 白化树珊瑚,贴图列精确
default.png,,
delayer_off.png,357 星能延时器,贴图列精确
delayer_off_mix.png,357 星能延时器,贴图列+_mix
delayer_on.png,357 星能延时器,贴图列+_on
delayer_on_emi.png,357 星能延时器,贴图列+_on
delayer_on_mix.png,357 星能延时器,贴图列+_on
delayer_switch1.png,357 星能延时器,贴图列+_switch1
delayer_switch1_emi.png,357 星能延时器,贴图列+_switch1
delayer_switch1_mix.png,357 星能延时器,贴图列+_switch1
delayer_switch2.png,357 星能延时器,贴图列+_switch2
delayer_switch2_emi.png,357 星能延时器,贴图列+_switch2
delayer_switch3.png,357 星能延时器,贴图列+_switch3
delayer_switch3_emi.png,357 星能延时器,贴图列+_switch3
delayer_switch4.png,357 星能延时器,贴图列+_switch4
delayer_switch4_emi.png,357 星能延时器,贴图列+_switch4
delayer_switch5.png,357 星能延时器,贴图列+_switch5
delayer_switch5_emi.png,357 星能延时器,贴图列+_switch5
delayer_switch6.png,357 星能延时器,贴图列+_switch6
delayer_switch7.png,357 星能延时器,贴图列+_switch7
delayer_switch7_emi.png,357 星能延时器,贴图列+_switch7
desertvillagetotem.png,201015 沙漠部落图腾,贴图列精确
desertvillagetotem_mix.png,201015 沙漠部落图腾,贴图列+_mix
destroy_s0.png,,
destroy_s1.png,,
destroy_s2.png,,
destroy_s3.png,,
destroy_s4.png,,
destroy_s5.png,,
destroy_s6.png,,
destroy_s7.png,,
destroy_s8.png,,
destroy_s9.png,,
detection_pipe.png,371 检测管道,贴图列精确
detection_pipe_green.png,371 检测管道,贴图列+_green
detection_pipe_red.png,371 检测管道,贴图列精确
detection_pipe_red_emi.png,371 检测管道,贴图列+_emi
detection_pipe_red_mix.png,371 检测管道,贴图列+_mix
dinas.png,1150 生物模型方块,贴图列精确
direction.png,,
directionarrow.png,1011 前进路径牌-公共; 1026 前进路径牌-1队; 1027 前进路径牌-2队; 1028 前进路径牌-3队; 1029 前进路径牌-4队; 1030 前进路径牌-5队; 1031 前进路径牌-6队,贴图列精确
directionarrow0.png,1011 前进路径牌-公共,贴图列精确
directionarrow1.png,1026 前进路径牌-1队,贴图列精确
directionarrow1_mix.png,1026 前进路径牌-1队,贴图列+_mix
directionarrow2.png,1027 前进路径牌-2队,贴图列精确
directionarrow3.png,1028 前进路径牌-3队,贴图列精确
directionarrow4.png,1029 前进路径牌-4队,贴图列精确
directionarrow5.png,1030 前进路径牌-5队,贴图列精确
directionarrow6.png,1031 前进路径牌-6队,贴图列精确
dirt.png,101 土块; 102 耕地; 103 土坑,贴图列精确
dirt_mix.png,101 土块; 102 耕地; 103 土坑,贴图列+_mix
disccoral.png,490 圆盘珊瑚; 491 白化圆盘珊瑚,贴图列精确
disccoral_1.png,490 圆盘珊瑚; 491 白化圆盘珊瑚,贴图列+_1
disccoral_1_emi.png,490 圆盘珊瑚; 491 白化圆盘珊瑚,贴图列+_1
disccoral_2.png,490 圆盘珊瑚; 491 白化圆盘珊瑚,贴图列+_2
disccoral_2_emi.png,490 圆盘珊瑚; 491 白化圆盘珊瑚,贴图列+_2
displaycase.png,930 展示架,贴图列精确
displaycase_grass.png,930 展示架,贴图列+_grass
displaycase_grass_mix.png,930 展示架,贴图列+_grass
displaycase_mix.png,930 展示架,贴图列+_mix
distance_line.png,,
doll.png,,
domesticbroom.png,201018 陈旧的扫把,贴图列精确
domesticbroom_mix.png,201018 陈旧的扫把,贴图列+_mix
door_birch_lower.png,856 象牙白门,贴图列+_lower
door_birch_upper.png,856 象牙白门,贴图列+_upper
door_cathaya_lower.png,860 秋叶橙木门,贴图列+_lower
door_cathaya_upper.png,860 秋叶橙木门,贴图列+_upper
door_fruittree_lower.png,859 琥珀黄门,贴图列+_lower
door_fruittree_upper.png,859 琥珀黄门,贴图列+_upper
door_gold_lower.png,857 炽炎门,贴图列+_lower
door_gold_upper.png,857 炽炎门,贴图列+_upper
door_mithsilver.png,814 铁门,贴图列精确
door_mithsilver_lower.png,814 铁门,贴图列+_lower
door_mithsilver_mix.png,814 铁门,贴图列+_mix
door_mithsilver_upper.png,814 铁门,贴图列+_upper
door_old_lower.png,1111 锈铁门,贴图列+_lower
door_old_upper.png,1111 锈铁门,贴图列+_upper
door_password_lower.png,,
door_password_upper.png,,
door_phoebe_lower.png,854 落日橙门,贴图列+_lower
door_phoebe_upper.png,854 落日橙门,贴图列+_upper
door_redwood_lower.png,858 海棠红门,贴图列+_lower
door_redwood_lower_cn_lower.png,390027 [水墨]深色中式门,贴图列+_lower
door_redwood_lower_cn_upper.png,390027 [水墨]深色中式门,贴图列+_upper
door_redwood_upper.png,858 海棠红门,贴图列+_upper
door_redwood_upper_cn.png,858 海棠红门,贴图列+_upper
door_walnut_lower.png,855 深栗红门,贴图列+_lower
door_walnut_upper.png,855 深栗红门,贴图列+_upper
door_white_lower.png,1101 实验室门,贴图列+_lower
door_white_upper.png,1101 实验室门,贴图列+_upper
door_wood_lower.png,812 轻木门,贴图列+_lower
door_wood_upper.png,812 轻木门,贴图列+_upper
dragon fruit.png,,
dragonbrick.png,683 龙纹石块,贴图列精确
dragonbrick_mix.png,683 龙纹石块,贴图列+_mix
dragoncup.png,732 黑龙雕像,贴图列精确
dragoncup1.png,742 混乱雕像,贴图列精确
dragoncup1_emi.png,742 混乱雕像,贴图列+_emi
dragoncup1_mix.png,742 混乱雕像,贴图列+_mix
dragoncup2.png,746 熔岩雕像,贴图列精确
dragoncup2_emi.png,746 熔岩雕像,贴图列+_emi
dragoncup2_mix.png,746 熔岩雕像,贴图列+_mix
dragoncup_mix.png,732 黑龙雕像,贴图列+_mix
dragonegg_ancent.png,765 远古之石,贴图列精确
dragonegg_ancent_mix.png,765 远古之石,贴图列+_mix
dragonegg_chaos.png,741 混乱之石,贴图列精确
dragonegg_chaos_mix.png,741 混乱之石,贴图列+_mix
dragonegg_lava.png,740 熔岩之石,贴图列精确
dragonegg_lava_mix.png,740 熔岩之石,贴图列+_mix
dragonflower.png,303 龙血花; 434 龙血花种子; 1454 龙血花; 1498 龙血花（苗）,贴图列精确
dragonflower_middle.png,303 龙血花; 434 龙血花种子; 1454 龙血花; 1498 龙血花（苗）,贴图列+_middle
dragonflower_seed.png,303 龙血花; 434 龙血花种子; 1454 龙血花; 1498 龙血花（苗）,贴图列+_seed
dragonfruit.png,1540 火龙果,贴图列精确
dragongrass.png,305 龙爪草; 436 龙爪草种子,贴图列精确
dragongrass_middle.png,305 龙爪草; 436 龙爪草种子,贴图列+_middle
dragongrass_seed.png,305 龙爪草; 436 龙爪草种子,贴图列+_seed
dragontree.png,306 龙血树; 437 龙血树种子; 200401 虚空龙血树,贴图列精确
dragontree_middle.png,306 龙血树; 437 龙血树种子; 200401 虚空龙血树,贴图列+_middle
dragontree_mix.png,306 龙血树; 437 龙血树种子; 200401 虚空龙血树,贴图列+_mix
dragontree_seed.png,306 龙血树; 437 龙血树种子; 200401 虚空龙血树,贴图列+_seed
drift_bottle.png,26 漂流瓶,贴图列精确
drift_bottlegrass.png,,
driverseat.png,1084 驾驶座,贴图列精确
driverseat_mix.png,1084 驾驶座,贴图列+_mix
drysoil.png,119 旱土,贴图列精确
drysoil_mix.png,119 旱土,贴图列+_mix
duckweed.png,150067 浮萍,贴图列精确
dukui.png,228 独葵,贴图列精确
dukui_emi.png,228 独葵,贴图列+_emi
dunhuang_painting1.png,1752 九色鹿王壁画,贴图列精确
dunhuang_painting2.png,1751 飞天女壁画,贴图列精确
dunhuang_painting3.png,1750 莲花壁画,贴图列精确
dunhuang_sculpture1.png,1749 敦煌飞天雕塑,贴图列精确
dunhuang_sculpture2.png,1747 骆驼雕塑,贴图列精确
dunhuang_sculpture3.png,1748 敦煌石窟,贴图列精确
earthstar.png,1520 小地星,贴图列精确
electric_block.png,,
electric_block_emi.png,,
electric_ore.png,,
electric_ore_emi.png,,
electric_resistance_on.png,365 星能阻隔器,贴图列精确
electric_resistance_on_emi.png,365 星能阻隔器,贴图列+_emi
electric_resistance_on_mix.png,365 星能阻隔器,贴图列+_mix
electric_torch_off.png,,
electric_torch_on.png,,
electric_torch_on_emi.png,,
emitter.png,717 发射装置,贴图列精确
emitter1.png,720 投掷发射装置,贴图列精确
emitter_base.png,200002 手动发射器,贴图列精确
emitter_base_mix.png,200002 手动发射器,贴图列+_mix
enclosure_birch.png,552 象牙白细围栏,贴图列精确
enclosure_birch_mix.png,552 象牙白细围栏,贴图列+_mix
energy_beam.png,352 星能光束器,贴图列精确
energy_beam_off.png,352 星能光束器,贴图列+_off
energy_beam_off_mix.png,352 星能光束器,贴图列+_off
energy_beam_on.png,352 星能光束器,贴图列+_on
energy_beam_on_emi.png,352 星能光束器,贴图列+_on
energy_beam_on_mix.png,352 星能光束器,贴图列+_on
engine.png,1088 引擎（测试）; 1089 燃料引擎; 1090 无限引擎,贴图列精确
engine_emi.png,1088 引擎（测试）; 1089 燃料引擎; 1090 无限引擎,贴图列+_emi
engine_mix.png,1088 引擎（测试）; 1089 燃料引擎; 1090 无限引擎,贴图列+_mix
engraving_block.png,8 雕纹砖块,贴图列精确
engraving_block_emi.png,8 雕纹砖块,贴图列+_emi
eternal_ice.png,131 坚固的冰; 160002 永冻冰块; 161003 永冻冰薄板; 162004 永冻冰竖薄板; 163004 永冻冰斜板; 164004 永冻冰竖板; 165004 永冻冰薄斜板; 166004 永冻冰大薄斜板; 167004 永冻冰竖薄斜板; 168004 永冻冰竖大薄斜板; 169003 永冻冰楼梯; 170027 永冻冰三棱柱; 171027 永冻冰弧板; 172027 永冻冰薄弧板; 173027 永冻冰大薄弧板; 174027 永冻冰竖薄弧板; 175027 永冻冰大竖薄弧板; 176027 永冻冰棱锥,贴图列精确
eternal_ice_emi.png,131 坚固的冰; 160002 永冻冰块; 161003 永冻冰薄板; 162004 永冻冰竖薄板; 163004 永冻冰斜板; 164004 永冻冰竖板; 165004 永冻冰薄斜板; 166004 永冻冰大薄斜板; 167004 永冻冰竖薄斜板; 168004 永冻冰竖大薄斜板; 169003 永冻冰楼梯; 170027 永冻冰三棱柱; 171027 永冻冰弧板; 172027 永冻冰薄弧板; 173027 永冻冰大薄弧板; 174027 永冻冰竖薄弧板; 175027 永冻冰大竖薄弧板; 176027 永冻冰棱锥,贴图列+_emi
eternal_ice_mix.png,131 坚固的冰; 160002 永冻冰块; 161003 永冻冰薄板; 162004 永冻冰竖薄板; 163004 永冻冰斜板; 164004 永冻冰竖板; 165004 永冻冰薄斜板; 166004 永冻冰大薄斜板; 167004 永冻冰竖薄斜板; 168004 永冻冰竖大薄斜板; 169003 永冻冰楼梯; 170027 永冻冰三棱柱; 171027 永冻冰弧板; 172027 永冻冰薄弧板; 173027 永冻冰大薄弧板; 174027 永冻冰竖薄弧板; 175027 永冻冰大竖薄弧板; 176027 永冻冰棱锥,贴图列+_mix
eternal_ice_snow_down_more.png,131 坚固的冰; 160002 永冻冰块; 161003 永冻冰薄板; 162004 永冻冰竖薄板; 163004 永冻冰斜板; 164004 永冻冰竖板; 165004 永冻冰薄斜板; 166004 永冻冰大薄斜板; 167004 永冻冰竖薄斜板; 168004 永冻冰竖大薄斜板; 169003 永冻冰楼梯; 170027 永冻冰三棱柱; 171027 永冻冰弧板; 172027 永冻冰薄弧板; 173027 永冻冰大薄弧板; 174027 永冻冰竖薄弧板; 175027 永冻冰大竖薄弧板; 176027 永冻冰棱锥,贴图列+_snow
eternal_ice_snow_horizontal_halftriangle.png,131 坚固的冰; 160002 永冻冰块; 161003 永冻冰薄板; 162004 永冻冰竖薄板; 163004 永冻冰斜板; 164004 永冻冰竖板; 165004 永冻冰薄斜板; 166004 永冻冰大薄斜板; 167004 永冻冰竖薄斜板; 168004 永冻冰竖大薄斜板; 169003 永冻冰楼梯; 170027 永冻冰三棱柱; 171027 永冻冰弧板; 172027 永冻冰薄弧板; 173027 永冻冰大薄弧板; 174027 永冻冰竖薄弧板; 175027 永冻冰大竖薄弧板; 176027 永冻冰棱锥,贴图列+_snow
eternal_ice_snow_side.png,131 坚固的冰; 160002 永冻冰块; 161003 永冻冰薄板; 162004 永冻冰竖薄板; 163004 永冻冰斜板; 164004 永冻冰竖板; 165004 永冻冰薄斜板; 166004 永冻冰大薄斜板; 167004 永冻冰竖薄斜板; 168004 永冻冰竖大薄斜板; 169003 永冻冰楼梯; 170027 永冻冰三棱柱; 171027 永冻冰弧板; 172027 永冻冰薄弧板; 173027 永冻冰大薄弧板; 174027 永冻冰竖薄弧板; 175027 永冻冰大竖薄弧板; 176027 永冻冰棱锥,贴图列+_snow
eternal_ice_snow_trapezoid_down.png,131 坚固的冰; 160002 永冻冰块; 161003 永冻冰薄板; 162004 永冻冰竖薄板; 163004 永冻冰斜板; 164004 永冻冰竖板; 165004 永冻冰薄斜板; 166004 永冻冰大薄斜板; 167004 永冻冰竖薄斜板; 168004 永冻冰竖大薄斜板; 169003 永冻冰楼梯; 170027 永冻冰三棱柱; 171027 永冻冰弧板; 172027 永冻冰薄弧板; 173027 永冻冰大薄弧板; 174027 永冻冰竖薄弧板; 175027 永冻冰大竖薄弧板; 176027 永冻冰棱锥,贴图列+_snow
eternal_ice_snow_trapezoid_up.png,131 坚固的冰; 160002 永冻冰块; 161003 永冻冰薄板; 162004 永冻冰竖薄板; 163004 永冻冰斜板; 164004 永冻冰竖板; 165004 永冻冰薄斜板; 166004 永冻冰大薄斜板; 167004 永冻冰竖薄斜板; 168004 永冻冰竖大薄斜板; 169003 永冻冰楼梯; 170027 永冻冰三棱柱; 171027 永冻冰弧板; 172027 永冻冰薄弧板; 173027 永冻冰大薄弧板; 174027 永冻冰竖薄弧板; 175027 永冻冰大竖薄弧板; 176027 永冻冰棱锥,贴图列+_snow
eternal_ice_snow_trapezoid_up_second.png,131 坚固的冰; 160002 永冻冰块; 161003 永冻冰薄板; 162004 永冻冰竖薄板; 163004 永冻冰斜板; 164004 永冻冰竖板; 165004 永冻冰薄斜板; 166004 永冻冰大薄斜板; 167004 永冻冰竖薄斜板; 168004 永冻冰竖大薄斜板; 169003 永冻冰楼梯; 170027 永冻冰三棱柱; 171027 永冻冰弧板; 172027 永冻冰薄弧板; 173027 永冻冰大薄弧板; 174027 永冻冰竖薄弧板; 175027 永冻冰大竖薄弧板; 176027 永冻冰棱锥,贴图列+_snow
eternal_ice_snow_triangle.png,131 坚固的冰; 160002 永冻冰块; 161003 永冻冰薄板; 162004 永冻冰竖薄板; 163004 永冻冰斜板; 164004 永冻冰竖板; 165004 永冻冰薄斜板; 166004 永冻冰大薄斜板; 167004 永冻冰竖薄斜板; 168004 永冻冰竖大薄斜板; 169003 永冻冰楼梯; 170027 永冻冰三棱柱; 171027 永冻冰弧板; 172027 永冻冰薄弧板; 173027 永冻冰大薄弧板; 174027 永冻冰竖薄弧板; 175027 永冻冰大竖薄弧板; 176027 永冻冰棱锥,贴图列+_snow
eternal_ice_snow_vertical_halftriangle.png,131 坚固的冰; 160002 永冻冰块; 161003 永冻冰薄板; 162004 永冻冰竖薄板; 163004 永冻冰斜板; 164004 永冻冰竖板; 165004 永冻冰薄斜板; 166004 永冻冰大薄斜板; 167004 永冻冰竖薄斜板; 168004 永冻冰竖大薄斜板; 169003 永冻冰楼梯; 170027 永冻冰三棱柱; 171027 永冻冰弧板; 172027 永冻冰薄弧板; 173027 永冻冰大薄弧板; 174027 永冻冰竖薄弧板; 175027 永冻冰大竖薄弧板; 176027 永冻冰棱锥,贴图列+_snow
european_bathtub.png,1699 欧式浴缸,贴图列精确
european_bathtub_rgb.png,1699 欧式浴缸,贴图列+_rgb
european_bed.png,1691 欧式床,贴图列精确
european_bed_rgb.png,1691 欧式床,贴图列+_rgb
european_brick_side.png,1712 欧式砖,贴图列+_side
european_brick_top.png,1712 欧式砖,贴图列+_top
european_cabinet.png,1701 欧式橱柜,贴图列精确
european_cabinet_rgb.png,1701 欧式橱柜,贴图列+_rgb
european_carpet.png,,
european_carpet_rgb.png,,
european_ceiling_light.png,1706 欧式吊灯,贴图列精确
european_ceiling_light_emi.png,1706 欧式吊灯,贴图列+_emi
european_ceiling_light_rgb.png,1706 欧式吊灯,贴图列+_rgb
european_chair.png,1697 欧式椅子,贴图列精确
european_chair_rgb.png,1697 欧式椅子,贴图列+_rgb
european_closet.png,1700 欧式衣柜,贴图列精确
european_closet_rgb.png,1700 欧式衣柜,贴图列+_rgb
european_desk.png,1693 欧式书桌,贴图列精确
european_desk_rgb.png,1693 欧式书桌,贴图列+_rgb
european_door.png,1708 欧式门,贴图列精确
european_door_rgb.png,1708 欧式门,贴图列+_rgb
european_erect_light.png,1705 欧式立体灯,贴图列精确
european_erect_light_emi.png,1705 欧式立体灯,贴图列+_emi
european_erect_light_rgb.png,1705 欧式立体灯,贴图列+_rgb
european_group_cabinet.png,1703 欧式组合柜,贴图列精确
european_group_cabinet_rgb.png,1703 欧式组合柜,贴图列+_rgb
european_half_brick_side.png,1713 欧式半砖,贴图列+_side
european_half_brick_top.png,1713 欧式半砖,贴图列+_top
european_half_cabinet.png,1702 欧式半格橱柜,贴图列精确
european_half_cabinet_rgb.png,1702 欧式半格橱柜,贴图列+_rgb
european_rail.png,1714 欧式围栏,贴图列精确
european_rail_rgb.png,1714 欧式围栏,贴图列+_rgb
european_screen.png,1704 欧式屏风,贴图列精确
european_screen_rgb.png,1704 欧式屏风,贴图列+_rgb
european_screen_screengrass.png,1704 欧式屏风,贴图列+_screengrass
european_sofa.png,1692 欧式沙发,贴图列精确
european_sofa_rgb.png,1692 欧式沙发,贴图列+_rgb
european_stairs.png,1710 欧式楼梯,贴图列精确
european_stairs_rgb.png,1710 欧式楼梯,贴图列+_rgb
european_table.png,1694 欧式餐桌,贴图列精确
european_table_rgb.png,1694 欧式餐桌,贴图列+_rgb
european_tea_table.png,1695 欧式茶几,贴图列精确
european_tea_table_rgb.png,1695 欧式茶几,贴图列+_rgb
european_toilet.png,1698 欧式马桶,贴图列精确
european_toilet_rgb.png,1698 欧式马桶,贴图列+_rgb
european_wall1_side.png,1711 欧式墙砖,贴图列+数字_side
european_wall_light.png,1707 欧式壁灯,贴图列精确
european_wall_light_emi.png,1707 欧式壁灯,贴图列+_emi
european_wall_light_rgb.png,1707 欧式壁灯,贴图列+_rgb
european_wall_side.png,1711 欧式墙砖,贴图列+_side
european_wall_top.png,1711 欧式墙砖,贴图列+_top
european_wash_table.png,1696 欧式洗手台,贴图列精确
european_wash_table_rgb.png,1696 欧式洗手台,贴图列+_rgb
european_window.png,1709 欧式窗,贴图列精确
european_window_rgb.png,1709 欧式窗,贴图列+_rgb
european_window_screengrass.png,1709 欧式窗,贴图列+_screengrass
evilthornvine.png,151031 恶棘藤,贴图列精确
ewires_cross.png,,
ewires_cross_overlay.png,,
ewires_line.png,,
ewires_line_overlay.png,,
fadedgrass.png,347 败草,贴图列精确
fadedgrass_emi.png,347 败草,贴图列+_emi
fadedgrasses.png,151032 败草丛,贴图列精确
fadedgrasses_emi.png,151032 败草丛,贴图列+_emi
fallen_dead_branch.png,,
fallenmonheart.png,1389 陨魔战利品,贴图列精确
fallenmonheart_emi.png,1389 陨魔战利品,贴图列+_emi
fallenmonheart_mix.png,1389 陨魔战利品,贴图列+_mix
falling_flowers.png,321 桃花堆,贴图列精确
far_drift_bottle.png,27 远方的漂流瓶,贴图列精确
far_drift_bottlegrass.png,,
farmerflag.png,1203 农夫旗帜,贴图列精确
farmerflag_on.png,1203 农夫旗帜,贴图列+_on
farmerflag_on_emi.png,1203 农夫旗帜,贴图列+_on
farmerflag_wild.png,150044 野生农夫旗帜,贴图列精确
farmerflag_wild_on.png,150044 野生农夫旗帜,贴图列+_on
farmerflag_wild_on_emi.png,150044 野生农夫旗帜,贴图列+_on
fbellflowers_middle.png,,
feedpan.png,466 星光孢子饲料; 467 变异土笋饲料; 468 变异紫苏饲料; 1020 嘟嘟鸟饲料,贴图列精确
feedpan1.png,466 星光孢子饲料,贴图列精确
feedpan1_emi.png,466 星光孢子饲料,贴图列+_emi
feedpan2.png,467 变异土笋饲料,贴图列精确
feedpan2_emi.png,467 变异土笋饲料,贴图列+_emi
feedpan3.png,468 变异紫苏饲料,贴图列精确
feedpan3_emi.png,468 变异紫苏饲料,贴图列+_emi
fence.png,534 木围栏; 201518 田园围栏,贴图列精确
fence2.png,926 黑色铜围栏,贴图列精确
fence2_matcap.png,926 黑色铜围栏,贴图列+_matcap
fence2_mix.png,926 黑色铜围栏,贴图列+_mix
fence3.png,927 白色铜围栏,贴图列精确
fence3_emi.png,927 白色铜围栏,贴图列+_emi
fence3_matcap.png,927 白色铜围栏,贴图列+_matcap
fence3_mix.png,927 白色铜围栏,贴图列+_mix
fence_bamboo.png,568 竹围栏,贴图列精确
fence_bamboo_mix.png,568 竹围栏,贴图列+_mix
fence_birch.png,539 象牙白围栏,贴图列精确
fence_birch_mix.png,539 象牙白围栏,贴图列+_mix
fence_leafless.png,576 苍石灰围栏,贴图列精确
fence_leafless_mix.png,576 苍石灰围栏,贴图列+_mix
fence_mix.png,534 木围栏; 201518 田园围栏,贴图列+_mix
fence_normalwood.png,553 薄木围栏,贴图列精确
fence_normalwood_mix.png,553 薄木围栏,贴图列+_mix
fence_stonebrick.png,551 粗制石砖围栏,贴图列精确
fence_stonebrick_mix.png,551 粗制石砖围栏,贴图列+_mix
fence_sulfur.png,538 硫黄砖围栏,贴图列精确
fence_sulfur_mix.png,538 硫黄砖围栏,贴图列+_mix
fencegate.png,535 木围栏门; 201517 田园围栏门,贴图列精确
fencegate_boo.png,569 竹围栏门,贴图列精确
fencegate_boo_mix.png,569 竹围栏门,贴图列+_mix
fencegate_mix.png,535 木围栏门; 201517 田园围栏门,贴图列+_mix
fengshu.png,390071 [水墨]枫树,贴图列精确
fern.png,238 荆棘草,贴图列精确
fern_grass.png,150069 蕨,贴图列精确
fern_grass_mix.png,150069 蕨,贴图列+_mix
fertilizer_grade_1.png,,
fertilizer_grade_2.png,,
fertilizer_grade_3.png,,
festivelantern.png,1146 庆典花灯,贴图列精确
festivelantern_emi.png,1146 庆典花灯,贴图列+_emi
feverfew.png,1456 小白菊; 1500 小白菊（苗）,贴图列精确
feverfew_middle.png,1456 小白菊; 1500 小白菊（苗）,贴图列+_middle
fine_dirt_block.png,771 蘑古耕地; 772 蘑古土坑; 200247 蘑古土块,贴图列精确
fine_dirt_block_mix.png,771 蘑古耕地; 772 蘑古土坑; 200247 蘑古土块,贴图列+_mix
fire_3_3.png,500 火; 584 毒液,贴图列精确
fireworks_1.png,881 喷花烟花; 882 喷花烟花（开）,贴图列精确
fishframe.png,1192 晒鱼架,贴图列精确
fishframe_mix.png,1192 晒鱼架,贴图列+_mix
fishvillagetotem.png,201016 渔村部落图腾,贴图列精确
fishvillagetotem_mix.png,201016 渔村部落图腾,贴图列+_mix
flag0.png,925 白色战旗,贴图列精确
flag0_mix.png,925 白色战旗,贴图列+_mix
flag1.png,919 红色战旗,贴图列精确
flag1_mix.png,919 红色战旗,贴图列+_mix
flag2.png,920 蓝色战旗,贴图列精确
flag2_mix.png,920 蓝色战旗,贴图列+_mix
flag3.png,921 绿色战旗,贴图列精确
flag3_mix.png,921 绿色战旗,贴图列+_mix
flag4.png,922 黄战旗,贴图列精确
flag4_mix.png,922 黄战旗,贴图列+_mix
flag5.png,923 橙色战旗,贴图列精确
flag5_mix.png,923 橙色战旗,贴图列+_mix
flag6.png,924 紫色战旗,贴图列精确
flag6_mix.png,924 紫色战旗,贴图列+_mix
flags.png,986 小彩旗,贴图列精确
flame_sand.png,125 灼沙,贴图列精确
flame_sand_emi.png,125 灼沙,贴图列+_emi
flame_sand_mix.png,125 灼沙,贴图列+_mix
flamecrystal_block.png,163 炽炎竖薄板; 410 炽炎块; 751 炽炎薄板; 755 炽炎楼梯; 1255 炽炎斜板; 1289 炽炎薄斜板; 1290 炽炎大薄斜板; 1333 炽炎竖薄斜板; 1334 炽炎竖大薄斜板; 1366 炽炎竖板; 170012 炽炎三棱柱; 171012 炽炎弧板; 172012 炽炎薄弧板; 173012 炽炎大薄弧板; 174012 炽炎竖薄弧板; 175012 炽炎大竖薄弧板; 176012 炽炎棱锥; 200014 金质野人战士雕像; 200017 金质野人祭司雕像; 200020 金质野人投矛手雕像; 200023 金质野萌宝雕像; 200026 金质毒素野人祭司雕像; 200029 金质治疗野人祭司雕像; 200032 金质雷电野人祭司雕像; 200035 金质火焰野人祭司雕像; 200038 金质蝙蝠雕像; 200041 金质符文怪雕像; 200044 金质虚空使徒雕像; 200047 金质海盗掠夺者雕像; 200050 金质海盗猎手雕像; 200053 金质爆爆蛋雕像; 200056 金质毒尾蝎雕像; 200059 金质海灵守卫雕像; 200062 金质沙灵守卫雕像; 200065 金质熔岩巨人雕像; 200068 金质硫磺弓手雕像; 200071 金质萌眼叮叮雕像; 200074 金质萌眼咚咚雕像; 200077 金质萌眼当当雕像; 200080 金质萌眼咻咻雕像; 200083 金质冰灵守卫雕像; 200086 金质寒霜野人祭司雕像; 200089 金质小型海盗船雕像; 200092 金质中型海盗船雕像; 200095 金质大型海盗船雕像,贴图列精确
flamecrystal_block_emi.png,163 炽炎竖薄板; 410 炽炎块; 751 炽炎薄板; 755 炽炎楼梯; 1255 炽炎斜板; 1289 炽炎薄斜板; 1290 炽炎大薄斜板; 1333 炽炎竖薄斜板; 1334 炽炎竖大薄斜板; 1366 炽炎竖板; 170012 炽炎三棱柱; 171012 炽炎弧板; 172012 炽炎薄弧板; 173012 炽炎大薄弧板; 174012 炽炎竖薄弧板; 175012 炽炎大竖薄弧板; 176012 炽炎棱锥; 200014 金质野人战士雕像; 200017 金质野人祭司雕像; 200020 金质野人投矛手雕像; 200023 金质野萌宝雕像; 200026 金质毒素野人祭司雕像; 200029 金质治疗野人祭司雕像; 200032 金质雷电野人祭司雕像; 200035 金质火焰野人祭司雕像; 200038 金质蝙蝠雕像; 200041 金质符文怪雕像; 200044 金质虚空使徒雕像; 200047 金质海盗掠夺者雕像; 200050 金质海盗猎手雕像; 200053 金质爆爆蛋雕像; 200056 金质毒尾蝎雕像; 200059 金质海灵守卫雕像; 200062 金质沙灵守卫雕像; 200065 金质熔岩巨人雕像; 200068 金质硫磺弓手雕像; 200071 金质萌眼叮叮雕像; 200074 金质萌眼咚咚雕像; 200077 金质萌眼当当雕像; 200080 金质萌眼咻咻雕像; 200083 金质冰灵守卫雕像; 200086 金质寒霜野人祭司雕像; 200089 金质小型海盗船雕像; 200092 金质中型海盗船雕像; 200095 金质大型海盗船雕像,贴图列+_emi
flamecrystal_block_mix.png,163 炽炎竖薄板; 410 炽炎块; 751 炽炎薄板; 755 炽炎楼梯; 1255 炽炎斜板; 1289 炽炎薄斜板; 1290 炽炎大薄斜板; 1333 炽炎竖薄斜板; 1334 炽炎竖大薄斜板; 1366 炽炎竖板; 170012 炽炎三棱柱; 171012 炽炎弧板; 172012 炽炎薄弧板; 173012 炽炎大薄弧板; 174012 炽炎竖薄弧板; 175012 炽炎大竖薄弧板; 176012 炽炎棱锥; 200014 金质野人战士雕像; 200017 金质野人祭司雕像; 200020 金质野人投矛手雕像; 200023 金质野萌宝雕像; 200026 金质毒素野人祭司雕像; 200029 金质治疗野人祭司雕像; 200032 金质雷电野人祭司雕像; 200035 金质火焰野人祭司雕像; 200038 金质蝙蝠雕像; 200041 金质符文怪雕像; 200044 金质虚空使徒雕像; 200047 金质海盗掠夺者雕像; 200050 金质海盗猎手雕像; 200053 金质爆爆蛋雕像; 200056 金质毒尾蝎雕像; 200059 金质海灵守卫雕像; 200062 金质沙灵守卫雕像; 200065 金质熔岩巨人雕像; 200068 金质硫磺弓手雕像; 200071 金质萌眼叮叮雕像; 200074 金质萌眼咚咚雕像; 200077 金质萌眼当当雕像; 200080 金质萌眼咻咻雕像; 200083 金质冰灵守卫雕像; 200086 金质寒霜野人祭司雕像; 200089 金质小型海盗船雕像; 200092 金质中型海盗船雕像; 200095 金质大型海盗船雕像,贴图列+_mix
flamecrystal_block_noise.png,163 炽炎竖薄板; 410 炽炎块; 751 炽炎薄板; 755 炽炎楼梯; 1255 炽炎斜板; 1289 炽炎薄斜板; 1290 炽炎大薄斜板; 1333 炽炎竖薄斜板; 1334 炽炎竖大薄斜板; 1366 炽炎竖板; 170012 炽炎三棱柱; 171012 炽炎弧板; 172012 炽炎薄弧板; 173012 炽炎大薄弧板; 174012 炽炎竖薄弧板; 175012 炽炎大竖薄弧板; 176012 炽炎棱锥; 200014 金质野人战士雕像; 200017 金质野人祭司雕像; 200020 金质野人投矛手雕像; 200023 金质野萌宝雕像; 200026 金质毒素野人祭司雕像; 200029 金质治疗野人祭司雕像; 200032 金质雷电野人祭司雕像; 200035 金质火焰野人祭司雕像; 200038 金质蝙蝠雕像; 200041 金质符文怪雕像; 200044 金质虚空使徒雕像; 200047 金质海盗掠夺者雕像; 200050 金质海盗猎手雕像; 200053 金质爆爆蛋雕像; 200056 金质毒尾蝎雕像; 200059 金质海灵守卫雕像; 200062 金质沙灵守卫雕像; 200065 金质熔岩巨人雕像; 200068 金质硫磺弓手雕像; 200071 金质萌眼叮叮雕像; 200074 金质萌眼咚咚雕像; 200077 金质萌眼当当雕像; 200080 金质萌眼咻咻雕像; 200083 金质冰灵守卫雕像; 200086 金质寒霜野人祭司雕像; 200089 金质小型海盗船雕像; 200092 金质中型海盗船雕像; 200095 金质大型海盗船雕像,贴图列+_noise
flamecrystal_block_snow_down_more.png,163 炽炎竖薄板; 410 炽炎块; 751 炽炎薄板; 755 炽炎楼梯; 1255 炽炎斜板; 1289 炽炎薄斜板; 1290 炽炎大薄斜板; 1333 炽炎竖薄斜板; 1334 炽炎竖大薄斜板; 1366 炽炎竖板; 170012 炽炎三棱柱; 171012 炽炎弧板; 172012 炽炎薄弧板; 173012 炽炎大薄弧板; 174012 炽炎竖薄弧板; 175012 炽炎大竖薄弧板; 176012 炽炎棱锥; 200014 金质野人战士雕像; 200017 金质野人祭司雕像; 200020 金质野人投矛手雕像; 200023 金质野萌宝雕像; 200026 金质毒素野人祭司雕像; 200029 金质治疗野人祭司雕像; 200032 金质雷电野人祭司雕像; 200035 金质火焰野人祭司雕像; 200038 金质蝙蝠雕像; 200041 金质符文怪雕像; 200044 金质虚空使徒雕像; 200047 金质海盗掠夺者雕像; 200050 金质海盗猎手雕像; 200053 金质爆爆蛋雕像; 200056 金质毒尾蝎雕像; 200059 金质海灵守卫雕像; 200062 金质沙灵守卫雕像; 200065 金质熔岩巨人雕像; 200068 金质硫磺弓手雕像; 200071 金质萌眼叮叮雕像; 200074 金质萌眼咚咚雕像; 200077 金质萌眼当当雕像; 200080 金质萌眼咻咻雕像; 200083 金质冰灵守卫雕像; 200086 金质寒霜野人祭司雕像; 200089 金质小型海盗船雕像; 200092 金质中型海盗船雕像; 200095 金质大型海盗船雕像,贴图列+_snow
flamecrystal_block_snow_horizontal_halftriangle.png,163 炽炎竖薄板; 410 炽炎块; 751 炽炎薄板; 755 炽炎楼梯; 1255 炽炎斜板; 1289 炽炎薄斜板; 1290 炽炎大薄斜板; 1333 炽炎竖薄斜板; 1334 炽炎竖大薄斜板; 1366 炽炎竖板; 170012 炽炎三棱柱; 171012 炽炎弧板; 172012 炽炎薄弧板; 173012 炽炎大薄弧板; 174012 炽炎竖薄弧板; 175012 炽炎大竖薄弧板; 176012 炽炎棱锥; 200014 金质野人战士雕像; 200017 金质野人祭司雕像; 200020 金质野人投矛手雕像; 200023 金质野萌宝雕像; 200026 金质毒素野人祭司雕像; 200029 金质治疗野人祭司雕像; 200032 金质雷电野人祭司雕像; 200035 金质火焰野人祭司雕像; 200038 金质蝙蝠雕像; 200041 金质符文怪雕像; 200044 金质虚空使徒雕像; 200047 金质海盗掠夺者雕像; 200050 金质海盗猎手雕像; 200053 金质爆爆蛋雕像; 200056 金质毒尾蝎雕像; 200059 金质海灵守卫雕像; 200062 金质沙灵守卫雕像; 200065 金质熔岩巨人雕像; 200068 金质硫磺弓手雕像; 200071 金质萌眼叮叮雕像; 200074 金质萌眼咚咚雕像; 200077 金质萌眼当当雕像; 200080 金质萌眼咻咻雕像; 200083 金质冰灵守卫雕像; 200086 金质寒霜野人祭司雕像; 200089 金质小型海盗船雕像; 200092 金质中型海盗船雕像; 200095 金质大型海盗船雕像,贴图列+_snow
flamecrystal_block_snow_side.png,163 炽炎竖薄板; 410 炽炎块; 751 炽炎薄板; 755 炽炎楼梯; 1255 炽炎斜板; 1289 炽炎薄斜板; 1290 炽炎大薄斜板; 1333 炽炎竖薄斜板; 1334 炽炎竖大薄斜板; 1366 炽炎竖板; 170012 炽炎三棱柱; 171012 炽炎弧板; 172012 炽炎薄弧板; 173012 炽炎大薄弧板; 174012 炽炎竖薄弧板; 175012 炽炎大竖薄弧板; 176012 炽炎棱锥; 200014 金质野人战士雕像; 200017 金质野人祭司雕像; 200020 金质野人投矛手雕像; 200023 金质野萌宝雕像; 200026 金质毒素野人祭司雕像; 200029 金质治疗野人祭司雕像; 200032 金质雷电野人祭司雕像; 200035 金质火焰野人祭司雕像; 200038 金质蝙蝠雕像; 200041 金质符文怪雕像; 200044 金质虚空使徒雕像; 200047 金质海盗掠夺者雕像; 200050 金质海盗猎手雕像; 200053 金质爆爆蛋雕像; 200056 金质毒尾蝎雕像; 200059 金质海灵守卫雕像; 200062 金质沙灵守卫雕像; 200065 金质熔岩巨人雕像; 200068 金质硫磺弓手雕像; 200071 金质萌眼叮叮雕像; 200074 金质萌眼咚咚雕像; 200077 金质萌眼当当雕像; 200080 金质萌眼咻咻雕像; 200083 金质冰灵守卫雕像; 200086 金质寒霜野人祭司雕像; 200089 金质小型海盗船雕像; 200092 金质中型海盗船雕像; 200095 金质大型海盗船雕像,贴图列+_snow
flamecrystal_block_snow_trapezoid_down.png,163 炽炎竖薄板; 410 炽炎块; 751 炽炎薄板; 755 炽炎楼梯; 1255 炽炎斜板; 1289 炽炎薄斜板; 1290 炽炎大薄斜板; 1333 炽炎竖薄斜板; 1334 炽炎竖大薄斜板; 1366 炽炎竖板; 170012 炽炎三棱柱; 171012 炽炎弧板; 172012 炽炎薄弧板; 173012 炽炎大薄弧板; 174012 炽炎竖薄弧板; 175012 炽炎大竖薄弧板; 176012 炽炎棱锥; 200014 金质野人战士雕像; 200017 金质野人祭司雕像; 200020 金质野人投矛手雕像; 200023 金质野萌宝雕像; 200026 金质毒素野人祭司雕像; 200029 金质治疗野人祭司雕像; 200032 金质雷电野人祭司雕像; 200035 金质火焰野人祭司雕像; 200038 金质蝙蝠雕像; 200041 金质符文怪雕像; 200044 金质虚空使徒雕像; 200047 金质海盗掠夺者雕像; 200050 金质海盗猎手雕像; 200053 金质爆爆蛋雕像; 200056 金质毒尾蝎雕像; 200059 金质海灵守卫雕像; 200062 金质沙灵守卫雕像; 200065 金质熔岩巨人雕像; 200068 金质硫磺弓手雕像; 200071 金质萌眼叮叮雕像; 200074 金质萌眼咚咚雕像; 200077 金质萌眼当当雕像; 200080 金质萌眼咻咻雕像; 200083 金质冰灵守卫雕像; 200086 金质寒霜野人祭司雕像; 200089 金质小型海盗船雕像; 200092 金质中型海盗船雕像; 200095 金质大型海盗船雕像,贴图列+_snow
flamecrystal_block_snow_trapezoid_up.png,163 炽炎竖薄板; 410 炽炎块; 751 炽炎薄板; 755 炽炎楼梯; 1255 炽炎斜板; 1289 炽炎薄斜板; 1290 炽炎大薄斜板; 1333 炽炎竖薄斜板; 1334 炽炎竖大薄斜板; 1366 炽炎竖板; 170012 炽炎三棱柱; 171012 炽炎弧板; 172012 炽炎薄弧板; 173012 炽炎大薄弧板; 174012 炽炎竖薄弧板; 175012 炽炎大竖薄弧板; 176012 炽炎棱锥; 200014 金质野人战士雕像; 200017 金质野人祭司雕像; 200020 金质野人投矛手雕像; 200023 金质野萌宝雕像; 200026 金质毒素野人祭司雕像; 200029 金质治疗野人祭司雕像; 200032 金质雷电野人祭司雕像; 200035 金质火焰野人祭司雕像; 200038 金质蝙蝠雕像; 200041 金质符文怪雕像; 200044 金质虚空使徒雕像; 200047 金质海盗掠夺者雕像; 200050 金质海盗猎手雕像; 200053 金质爆爆蛋雕像; 200056 金质毒尾蝎雕像; 200059 金质海灵守卫雕像; 200062 金质沙灵守卫雕像; 200065 金质熔岩巨人雕像; 200068 金质硫磺弓手雕像; 200071 金质萌眼叮叮雕像; 200074 金质萌眼咚咚雕像; 200077 金质萌眼当当雕像; 200080 金质萌眼咻咻雕像; 200083 金质冰灵守卫雕像; 200086 金质寒霜野人祭司雕像; 200089 金质小型海盗船雕像; 200092 金质中型海盗船雕像; 200095 金质大型海盗船雕像,贴图列+_snow
flamecrystal_block_snow_trapezoid_up_second.png,163 炽炎竖薄板; 410 炽炎块; 751 炽炎薄板; 755 炽炎楼梯; 1255 炽炎斜板; 1289 炽炎薄斜板; 1290 炽炎大薄斜板; 1333 炽炎竖薄斜板; 1334 炽炎竖大薄斜板; 1366 炽炎竖板; 170012 炽炎三棱柱; 171012 炽炎弧板; 172012 炽炎薄弧板; 173012 炽炎大薄弧板; 174012 炽炎竖薄弧板; 175012 炽炎大竖薄弧板; 176012 炽炎棱锥; 200014 金质野人战士雕像; 200017 金质野人祭司雕像; 200020 金质野人投矛手雕像; 200023 金质野萌宝雕像; 200026 金质毒素野人祭司雕像; 200029 金质治疗野人祭司雕像; 200032 金质雷电野人祭司雕像; 200035 金质火焰野人祭司雕像; 200038 金质蝙蝠雕像; 200041 金质符文怪雕像; 200044 金质虚空使徒雕像; 200047 金质海盗掠夺者雕像; 200050 金质海盗猎手雕像; 200053 金质爆爆蛋雕像; 200056 金质毒尾蝎雕像; 200059 金质海灵守卫雕像; 200062 金质沙灵守卫雕像; 200065 金质熔岩巨人雕像; 200068 金质硫磺弓手雕像; 200071 金质萌眼叮叮雕像; 200074 金质萌眼咚咚雕像; 200077 金质萌眼当当雕像; 200080 金质萌眼咻咻雕像; 200083 金质冰灵守卫雕像; 200086 金质寒霜野人祭司雕像; 200089 金质小型海盗船雕像; 200092 金质中型海盗船雕像; 200095 金质大型海盗船雕像,贴图列+_snow
flamecrystal_block_snow_triangle.png,163 炽炎竖薄板; 410 炽炎块; 751 炽炎薄板; 755 炽炎楼梯; 1255 炽炎斜板; 1289 炽炎薄斜板; 1290 炽炎大薄斜板; 1333 炽炎竖薄斜板; 1334 炽炎竖大薄斜板; 1366 炽炎竖板; 170012 炽炎三棱柱; 171012 炽炎弧板; 172012 炽炎薄弧板; 173012 炽炎大薄弧板; 174012 炽炎竖薄弧板; 175012 炽炎大竖薄弧板; 176012 炽炎棱锥; 200014 金质野人战士雕像; 200017 金质野人祭司雕像; 200020 金质野人投矛手雕像; 200023 金质野萌宝雕像; 200026 金质毒素野人祭司雕像; 200029 金质治疗野人祭司雕像; 200032 金质雷电野人祭司雕像; 200035 金质火焰野人祭司雕像; 200038 金质蝙蝠雕像; 200041 金质符文怪雕像; 200044 金质虚空使徒雕像; 200047 金质海盗掠夺者雕像; 200050 金质海盗猎手雕像; 200053 金质爆爆蛋雕像; 200056 金质毒尾蝎雕像; 200059 金质海灵守卫雕像; 200062 金质沙灵守卫雕像; 200065 金质熔岩巨人雕像; 200068 金质硫磺弓手雕像; 200071 金质萌眼叮叮雕像; 200074 金质萌眼咚咚雕像; 200077 金质萌眼当当雕像; 200080 金质萌眼咻咻雕像; 200083 金质冰灵守卫雕像; 200086 金质寒霜野人祭司雕像; 200089 金质小型海盗船雕像; 200092 金质中型海盗船雕像; 200095 金质大型海盗船雕像,贴图列+_snow
flamecrystal_block_snow_vertical_halftriangle.png,163 炽炎竖薄板; 410 炽炎块; 751 炽炎薄板; 755 炽炎楼梯; 1255 炽炎斜板; 1289 炽炎薄斜板; 1290 炽炎大薄斜板; 1333 炽炎竖薄斜板; 1334 炽炎竖大薄斜板; 1366 炽炎竖板; 170012 炽炎三棱柱; 171012 炽炎弧板; 172012 炽炎薄弧板; 173012 炽炎大薄弧板; 174012 炽炎竖薄弧板; 175012 炽炎大竖薄弧板; 176012 炽炎棱锥; 200014 金质野人战士雕像; 200017 金质野人祭司雕像; 200020 金质野人投矛手雕像; 200023 金质野萌宝雕像; 200026 金质毒素野人祭司雕像; 200029 金质治疗野人祭司雕像; 200032 金质雷电野人祭司雕像; 200035 金质火焰野人祭司雕像; 200038 金质蝙蝠雕像; 200041 金质符文怪雕像; 200044 金质虚空使徒雕像; 200047 金质海盗掠夺者雕像; 200050 金质海盗猎手雕像; 200053 金质爆爆蛋雕像; 200056 金质毒尾蝎雕像; 200059 金质海灵守卫雕像; 200062 金质沙灵守卫雕像; 200065 金质熔岩巨人雕像; 200068 金质硫磺弓手雕像; 200071 金质萌眼叮叮雕像; 200074 金质萌眼咚咚雕像; 200077 金质萌眼当当雕像; 200080 金质萌眼咻咻雕像; 200083 金质冰灵守卫雕像; 200086 金质寒霜野人祭司雕像; 200089 金质小型海盗船雕像; 200092 金质中型海盗船雕像; 200095 金质大型海盗船雕像,贴图列+_snow
floor_blue1.png,390015 蓝色条纹瓷砖,贴图列精确
floor_blue1_mix.png,390015 蓝色条纹瓷砖,贴图列+_mix
floor_blue2.png,390016 预留,贴图列精确
floor_milkwhite.png,390017 纯白釉面瓷砖,贴图列精确
floor_milkwhite_mix.png,390017 纯白釉面瓷砖,贴图列+_mix
floor_white.png,390013 浅色几何瓷砖,贴图列精确
floor_white_mix.png,390013 浅色几何瓷砖,贴图列+_mix
floor_yellow.png,390014 杏色宫廷瓷砖,贴图列精确
floor_yellow_mix.png,390014 杏色宫廷瓷砖,贴图列+_mix
flower_clover.png,150065 三叶草,贴图列精确
flower_floating.png,247 漂浮的花瓣; 201926 荧光藻,贴图列精确
flower_floating1.png,247 漂浮的花瓣; 201926 荧光藻,贴图列+1
flower_floating2.png,247 漂浮的花瓣; 201926 荧光藻,贴图列+2
flower_lamp.png,,
flower_pineapple.png,1186 彼岸花; 1194 彼岸种子; 200408 虚空彼岸花,贴图列精确
flower_populus.png,481 胡杨花方块,贴图列精确
flower_rapeseed.png,150063 油菜花,贴图列精确
flower_star.png,200430 许愿星; 200431 许愿星,贴图列精确
flower_star_emi.png,200430 许愿星; 200431 许愿星,贴图列+_emi
flower_starblue.png,,
flower_starblue_emi.png,,
flower_tulip.png,150064 郁金香,贴图列精确
flowerbeds.png,928 小花盆; 390010 小花盆; 390011 小花盆,贴图列精确
flowerbeds2.png,929 大花盆,贴图列精确
flowerbeds2_mix.png,929 大花盆,贴图列+_mix
flowerbeds3.png,948 大瓷花盆,贴图列精确
flowerbeds4.png,946 红色陶花盆; 947 绿色陶花盆,贴图列精确
flowerbeds_mix.png,928 小花盆; 390010 小花盆; 390011 小花盆,贴图列+_mix
flowers_seedling.png,,
food_berrymuffin.png,,
food_berrymuffin_mix.png,,
food_bread.png,,
food_bread_mix.png,,
food_carrotpumpkin.png,,
food_carrotpumpkin_mix.png,,
food_croissant.png,,
food_croissant_mix.png,,
food_crystalwatermelon.png,,
food_crystalwatermelon_mix.png,,
food_cucumberegg.png,,
food_cucumberegg_mix.png,,
food_daisyhoney.png,,
food_daisyhoney_mix.png,,
food_displaycase.png,,
food_displaycase_emi.png,,
food_displaycase_mix.png,,
food_dumpling.png,,
food_hamburger.png,,
food_hamburger_mix.png,,
food_iceflamepizza.png,,
food_iceflamepizza_mix.png,,
food_lotusrootwalnut.png,,
food_lotusrootwalnut_mix.png,,
food_rainbowstrawberry.png,,
food_rainbowstrawberry_mix.png,,
food_raisintoast.png,,
food_raisintoast_mix.png,,
food_strawberrycake.png,,
food_strawberrycake_mix.png,,
food_sunlighttomato.png,,
food_sunlighttomato_mix.png,,
food_sunshinegrape.png,,
food_sunshinegrape_mix.png,,
food_superrice.png,,
food_superrice_mix.png,,
food_sweetdumpling.png,,
forecast.png,581 天气预报器,贴图列精确
forecast_mix.png,581 天气预报器,贴图列+_mix
four_grid_adobe_brick.png,160011 四格土砖,贴图列精确
four_grid_adobe_brick_mix.png,160011 四格土砖,贴图列+_mix
four_grid_arenosol_brick.png,160023 四格砂土砖,贴图列精确
four_grid_arenosol_brick_mix.png,160023 四格砂土砖,贴图列+_mix
four_grid_sand_brick.png,160017 四格黄砖,贴图列精确
four_grid_sand_brick_mix.png,160017 四格黄砖,贴图列+_mix
foxtail_grass.png,150061 狗尾草,贴图列精确
foxtail_grass_yellow.png,150061 狗尾草,贴图列+_yellow
frame_1.png,201003 相框; 201007 内部相框,贴图列精确
frame_1_mix.png,201003 相框; 201007 内部相框,贴图列+_mix
frame_2.png,201003 相框; 201006 奇遇相框; 201007 内部相框,贴图列+_2
frame_2_mix.png,201003 相框; 201006 奇遇相框; 201007 内部相框,贴图列+_2
frame_3.png,201003 相框; 201006 奇遇相框; 201007 内部相框,贴图列+_3
frame_3_mix.png,201003 相框; 201006 奇遇相框; 201007 内部相框,贴图列+_3
frame_4.png,201003 相框; 201006 奇遇相框; 201007 内部相框,贴图列+_4
frame_4_mix.png,201003 相框; 201006 奇遇相框; 201007 内部相框,贴图列+_4
frame_5.png,201003 相框; 201006 奇遇相框; 201007 内部相框,贴图列+_5
frame_5_mix.png,201003 相框; 201006 奇遇相框; 201007 内部相框,贴图列+_5
frame_6.png,201006 奇遇相框,贴图列精确
frame_6_mix.png,201006 奇遇相框,贴图列+_mix
frame_7.png,201003 相框; 201006 奇遇相框; 201007 内部相框,贴图列+_7
frame_8.png,201003 相框; 201006 奇遇相框; 201007 内部相框,贴图列+_8
frame_8_mix.png,201003 相框; 201006 奇遇相框; 201007 内部相框,贴图列+_8
frame_9.png,201003 相框; 201006 奇遇相框; 201007 内部相框,贴图列+_9
frame_9_mix.png,201003 相框; 201006 奇遇相框; 201007 内部相框,贴图列+_9
freezeburyland_dry.png,121 冻土坑,贴图列+_dry
freezeburyland_dry_mix.png,121 冻土坑,贴图列+_dry
freezeburyland_side_dry.png,121 冻土坑,贴图列+_side
freezeburyland_side_dry_mix.png,121 冻土坑,贴图列+_side
freezemachine.png,150046 冻结装置,贴图列精确
freezemachine_mix.png,150046 冻结装置,贴图列+_mix
freezemachine_on.png,150046 冻结装置,贴图列+_on
freezemachine_on_emi.png,150046 冻结装置,贴图列+_on
freezemachine_on_mix.png,150046 冻结装置,贴图列+_on
freezesoil.png,120 冻土; 121 冻土坑,贴图列精确
freezesoil_mix.png,120 冻土; 121 冻土坑,贴图列+_mix
friedmushroom.png,200258 炸蘑菇,贴图列精确
friedmushroom_mix.png,200258 炸蘑菇,贴图列+_mix
fruit_corn.png,,
fruitwood.png,,
fu.png,940 春节窗花-福,贴图列精确
fuelengine.png,1089 燃料引擎,英文名
funnel.png,839 收集传输器; 1022 游戏版本过低,贴图列精确
furnace.png,,
furniture_bathtub.png,1558 简约浴缸,贴图列精确
furniture_bathtub_rgb.png,1558 简约浴缸,贴图列+_rgb
furniture_bed.png,1550 简约床,贴图列精确
furniture_bed_rgb.png,1550 简约床,贴图列+_rgb
furniture_brick.png,1571 简约砖,贴图列精确
furniture_brick_mix.png,1571 简约砖,贴图列+_mix
furniture_brick_rgb.png,1571 简约砖,贴图列+_rgb
furniture_brick_side.png,1571 简约砖,贴图列+_side
furniture_brick_side_mix.png,1571 简约砖,贴图列+_side
furniture_brick_side_rgb.png,1571 简约砖,贴图列+_side
furniture_brick_top.png,1571 简约砖,贴图列+_top
furniture_brick_top_mix.png,1571 简约砖,贴图列+_top
furniture_cabinet.png,1560 简约橱柜,贴图列精确
furniture_cabinet_rgb.png,1560 简约橱柜,贴图列+_rgb
furniture_ceiling_light.png,1565 简约吊灯,贴图列精确
furniture_ceiling_light_emi.png,1565 简约吊灯,贴图列+_emi
furniture_ceiling_light_rgb.png,1565 简约吊灯,贴图列+_rgb
furniture_chair.png,1556 简约椅子,贴图列精确
furniture_chair_rgb.png,1556 简约椅子,贴图列+_rgb
furniture_closet.png,1559 简约衣柜,贴图列精确
furniture_closet_rgb.png,1559 简约衣柜,贴图列+_rgb
furniture_desk.png,1552 简约书桌,贴图列精确
furniture_desk_rgb.png,1552 简约书桌,贴图列+_rgb
furniture_door.png,1567 简约门,贴图列精确
furniture_door_rgb.png,1567 简约门,贴图列+_rgb
furniture_erect_light.png,1564 简约立体灯,贴图列精确
furniture_erect_light_emi.png,1564 简约立体灯,贴图列+_emi
furniture_erect_light_rgb.png,1564 简约立体灯,贴图列+_rgb
furniture_group_cabinet.png,1562 简约组合柜,贴图列精确
furniture_group_cabinet_rgb.png,1562 简约组合柜,贴图列+_rgb
furniture_half_brick_side.png,1572 简约半砖,贴图列+_side
furniture_half_brick_side_mix.png,1572 简约半砖,贴图列+_side
furniture_half_brick_side_rgb.png,1572 简约半砖,贴图列+_side
furniture_half_brick_top.png,1572 简约半砖,贴图列+_top
furniture_half_brick_top_mix.png,1572 简约半砖,贴图列+_top
furniture_half_brick_top_rgb.png,1572 简约半砖,贴图列+_top
furniture_half_cabinet.png,1561 简约半格橱柜,贴图列精确
furniture_half_cabinet_rgb.png,1561 简约半格橱柜,贴图列+_rgb
furniture_rail.png,1573 简约围栏,贴图列精确
furniture_rail_rgb.png,1573 简约围栏,贴图列+_rgb
furniture_screen.png,1563 简约屏风,贴图列精确
furniture_screen_rgb.png,1563 简约屏风,贴图列+_rgb
furniture_screen_screengrass.png,1563 简约屏风,贴图列+_screengrass
furniture_sofa.png,1551 简约沙发,贴图列精确
furniture_sofa_rgb.png,1551 简约沙发,贴图列+_rgb
furniture_stairs.png,1569 简约楼梯,贴图列精确
furniture_stairs_mix.png,1569 简约楼梯,贴图列+_mix
furniture_stairs_rgb.png,1569 简约楼梯,贴图列+_rgb
furniture_table.png,1553 简约餐桌,贴图列精确
furniture_table_rgb.png,1553 简约餐桌,贴图列+_rgb
furniture_tea_table.png,1554 简约茶几,贴图列精确
furniture_tea_table_rgb.png,1554 简约茶几,贴图列+_rgb
furniture_toilet.png,1557 简约马桶,贴图列精确
furniture_toilet_rgb.png,1557 简约马桶,贴图列+_rgb
furniture_wall1_side.png,1570 简约墙砖,贴图列+数字_side
furniture_wall1_side_mix.png,,
furniture_wall_light.png,1566 简约壁灯,贴图列精确
furniture_wall_light_emi.png,1566 简约壁灯,贴图列+_emi
furniture_wall_light_rgb.png,1566 简约壁灯,贴图列+_rgb
furniture_wall_side.png,1570 简约墙砖,贴图列+_side
furniture_wall_side_mix.png,1570 简约墙砖,贴图列+_side
furniture_wall_top.png,1570 简约墙砖,贴图列+_top
furniture_wall_top_mix.png,1570 简约墙砖,贴图列+_top
furniture_wash_table.png,1555 简约洗手台,贴图列精确
furniture_wash_table_rgb.png,1555 简约洗手台,贴图列+_rgb
furniture_window.png,1568 简约窗,贴图列精确
furniture_window_rgb.png,1568 简约窗,贴图列+_rgb
furniture_window_screengrass.png,1568 简约窗,贴图列+_screengrass
fusetable.png,785 符文附魔台,贴图列精确
fusetable_emi.png,785 符文附魔台,贴图列+_emi
fusetable_mix.png,785 符文附魔台,贴图列+_mix
fusion_cage.png,150029 融合台,贴图列精确
fusion_cage_emi.png,150029 融合台,贴图列+_emi
fusion_cage_mix.png,150029 融合台,贴图列+_mix
fuzzgrass.png,293 茸草,贴图列精确
galaxyarmchair.png,201605 星河沙发椅,贴图列精确
galaxyarmchair_mix.png,201605 星河沙发椅,贴图列+_mix
galaxybigsofa.png,201606 星河大沙发,贴图列精确
galaxybigsofa_mix.png,201606 星河大沙发,贴图列+_mix
galaxyblock.png,,
galaxybookeditingdesk.png,201615 星河写作台,贴图列精确
galaxybookeditingdesk_mix.png,201615 星河写作台,贴图列+_mix
galaxycarpet.png,201614 星河地毯,贴图列精确
galaxycarpet_mix.png,201614 星河地毯,贴图列+_mix
galaxyfireplace.png,201612 星河壁炉,贴图列精确
galaxyfireplace_mix.png,201612 星河壁炉,贴图列+_mix
galaxyfloorblock.png,201600 星河地板,贴图列精确
galaxyfloorblock_mix.png,201600 星河地板,贴图列+_mix
galaxyroundstool.png,201604 星河小圆凳,贴图列精确
galaxyroundstool_mix.png,201604 星河小圆凳,贴图列+_mix
galaxytable.png,201610 星河方桌,贴图列精确
galaxytable_mix.png,201610 星河方桌,贴图列+_mix
galaxywindow.png,201602 星河视窗,贴图列精确
galaxywindow_mix.png,201602 星河视窗,贴图列+_mix
ganoderma lucidum.png,,
ganodermalucidum.png,1539 灵芝,贴图列精确
gas_tank.png,1099 油箱,贴图列精确
gas_tank_emi.png,1099 油箱,贴图列+_emi
gas_tank_mix.png,1099 油箱,贴图列+_mix
gashydrate_block.png,416 凝能块,贴图列精确
gashydrate_block_mix.png,416 凝能块,贴图列+_mix
gashydrate_ore.png,402 凝能矿,贴图列精确
gashydrate_ore_emi.png,402 凝能矿,贴图列+_emi
gashydrate_ore_mix.png,402 凝能矿,贴图列+_mix
giantbluefruit_seed_connected.png,231 巨布鲁果苗; 1502 南瓜（苗）,贴图列+_connected
giantbluefruit_seed_disconnected.png,231 巨布鲁果苗; 1502 南瓜（苗）,贴图列+_disconnected
giantbluefruit_side.png,230 巨布鲁果,贴图列+_side
giantbluefruit_side_mix.png,230 巨布鲁果,贴图列+_side
giantbluefruit_top.png,230 巨布鲁果,贴图列+_top
giantbluefruit_top_mix.png,230 巨布鲁果,贴图列+_top
giantmushroom_bottom.png,,
giantmushroom_bottom_emi.png,,
giantmushroom_bottom_mix.png,,
giantmushroom_stalks1.png,151506 巨大荧菇柄粗枝,贴图列精确
giantmushroom_stalks1_emi.png,151506 巨大荧菇柄粗枝,贴图列+_emi
giantmushroom_stalks1_mix.png,151506 巨大荧菇柄粗枝,贴图列+_mix
giantmushroom_stalks2.png,,
giantmushroom_stalks2_emi.png,,
giantmushroom_stalks2_mix.png,,
giantmushroompink_bottom.png,201904 粉色巨大荧菇伞,贴图列+_bottom
giantmushroompink_bottom_emi.png,201904 粉色巨大荧菇伞,贴图列+_bottom
giantmushroompink_bottom_mix.png,201904 粉色巨大荧菇伞,贴图列+_bottom
giantmushroompink_side.png,201904 粉色巨大荧菇伞,贴图列+_side
giantmushroompink_side2.png,201904 粉色巨大荧菇伞,贴图列+_side2
giantmushroompink_side2_emi.png,201904 粉色巨大荧菇伞,贴图列+_side2
giantmushroompink_side2_mix.png,201904 粉色巨大荧菇伞,贴图列+_side2
giantmushroompink_side_emi.png,201904 粉色巨大荧菇伞,贴图列+_side
giantmushroompink_side_mix.png,201904 粉色巨大荧菇伞,贴图列+_side
giantmushroompink_top.png,201904 粉色巨大荧菇伞,贴图列+_top
giantmushroompink_top_emi.png,201904 粉色巨大荧菇伞,贴图列+_top
giantmushroompink_top_mix.png,201904 粉色巨大荧菇伞,贴图列+_top
giantmushroompurple_bottom.png,201905 紫色巨大荧菇伞,贴图列+_bottom
giantmushroompurple_bottom_emi.png,201905 紫色巨大荧菇伞,贴图列+_bottom
giantmushroompurple_bottom_mix.png,201905 紫色巨大荧菇伞,贴图列+_bottom
giantmushroompurple_side.png,201905 紫色巨大荧菇伞,贴图列+_side
giantmushroompurple_side2.png,201905 紫色巨大荧菇伞,贴图列+_side2
giantmushroompurple_side2_emi.png,201905 紫色巨大荧菇伞,贴图列+_side2
giantmushroompurple_side2_mix.png,201905 紫色巨大荧菇伞,贴图列+_side2
giantmushroompurple_side_emi.png,201905 紫色巨大荧菇伞,贴图列+_side
giantmushroompurple_side_mix.png,201905 紫色巨大荧菇伞,贴图列+_side
giantmushroompurple_top.png,201905 紫色巨大荧菇伞,贴图列+_top
giantmushroompurple_top_emi.png,201905 紫色巨大荧菇伞,贴图列+_top
giantmushroompurple_top_mix.png,201905 紫色巨大荧菇伞,贴图列+_top
giantscallops.png,346 巨型扇贝（闭合）,贴图列精确
giantscallops_emi.png,346 巨型扇贝（闭合）,贴图列+_emi
giantscallops_mix.png,346 巨型扇贝（闭合）,贴图列+_mix
giantscalyfruit_seed_connected.png,240 巨鳞羽果苗; 1501 巨鳞羽果（苗）,贴图列+_connected
giantscalyfruit_seed_disconnected.png,240 巨鳞羽果苗; 1501 巨鳞羽果（苗）,贴图列+_disconnected
giantscalyfruit_side.png,239 巨鳞羽果,贴图列+_side
giantscalyfruit_side_mix.png,239 巨鳞羽果,贴图列+_side
giantscalyfruit_top.png,239 巨鳞羽果,贴图列+_top
giantscalyfruit_top_mix.png,239 巨鳞羽果,贴图列+_top
ginseng.png,1543 人参,贴图列精确
glass.png,632 透明玻璃块; 649 透明玻璃片,贴图列精确
glass_0001.png,632 透明玻璃块; 649 透明玻璃片,贴图列+_0001
glass_0010.png,632 透明玻璃块; 649 透明玻璃片,贴图列+_0010
glass_0011.png,632 透明玻璃块; 649 透明玻璃片,贴图列+_0011
glass_0100.png,632 透明玻璃块; 649 透明玻璃片,贴图列+_0100
glass_0101.png,632 透明玻璃块; 649 透明玻璃片,贴图列+_0101
glass_0110.png,632 透明玻璃块; 649 透明玻璃片,贴图列+_0110
glass_0111.png,632 透明玻璃块; 649 透明玻璃片,贴图列+_0111
glass_1000.png,632 透明玻璃块; 649 透明玻璃片,贴图列+_1000
glass_1001.png,632 透明玻璃块; 649 透明玻璃片,贴图列+_1001
glass_1010.png,632 透明玻璃块; 649 透明玻璃片,贴图列+_1010
glass_1011.png,632 透明玻璃块; 649 透明玻璃片,贴图列+_1011
glass_1100.png,632 透明玻璃块; 649 透明玻璃片,贴图列+_1100
glass_1101.png,632 透明玻璃块; 649 透明玻璃片,贴图列+_1101
glass_1110.png,632 透明玻璃块; 649 透明玻璃片,贴图列+_1110
glass_1111.png,632 透明玻璃块; 649 透明玻璃片,贴图列+_1111
glass_bottle.png,28 小玻璃瓶（方块）,贴图列精确
glass_bottlegrass.png,632 透明玻璃块; 649 透明玻璃片,贴图列+_bottlegrass
glass_edge.png,649 透明玻璃片,贴图列精确
glass_edge_white.png,650 玻璃片; 651 玻璃片; 652 玻璃片; 653 玻璃片; 654 玻璃片; 655 玻璃片; 656 玻璃片; 657 玻璃片; 658 玻璃片; 659 玻璃片; 660 玻璃片; 661 玻璃片; 662 玻璃片; 663 玻璃片; 664 玻璃片; 665 玻璃片; 984 白蓝纹玻璃片; 985 绿蓝纹玻璃片; 1936 玻璃片; 1937 玻璃片; 1938 玻璃片; 1939 玻璃片; 1940 玻璃片; 1941 玻璃片; 1942 玻璃片; 1943 玻璃片; 1944 玻璃片; 1945 玻璃片; 1946 玻璃片; 1947 玻璃片,贴图列精确
glass_green2.png,985 绿蓝纹玻璃片,贴图列精确
glass_lamp_black.png,877 煤乌黑玻璃灯,贴图列精确
glass_lamp_black_emi.png,877 煤乌黑玻璃灯,贴图列+_emi
glass_lamp_blue.png,873 宝石蓝玻璃灯,贴图列精确
glass_lamp_blue_emi.png,873 宝石蓝玻璃灯,贴图列+_emi
glass_lamp_brown.png,874 深栗红玻璃灯,贴图列精确
glass_lamp_brown_emi.png,874 深栗红玻璃灯,贴图列+_emi
glass_lamp_cyan.png,871 青碧绿玻璃灯,贴图列精确
glass_lamp_cyan_emi.png,871 青碧绿玻璃灯,贴图列+_emi
glass_lamp_gray.png,869 苍石灰玻璃灯,贴图列精确
glass_lamp_gray_emi.png,869 苍石灰玻璃灯,贴图列+_emi
glass_lamp_green.png,875 翡翠绿玻璃灯,贴图列精确
glass_lamp_green_emi.png,875 翡翠绿玻璃灯,贴图列+_emi
glass_lamp_lightblue.png,865 天青蓝玻璃灯,贴图列精确
glass_lamp_lightblue_emi.png,865 天青蓝玻璃灯,贴图列+_emi
glass_lamp_lightgray.png,870 浅苍灰玻璃灯,贴图列精确
glass_lamp_lightgray_emi.png,870 浅苍灰玻璃灯,贴图列+_emi
glass_lamp_lightgreen.png,867 松花绿玻璃灯,贴图列精确
glass_lamp_lightgreen_emi.png,867 松花绿玻璃灯,贴图列+_emi
glass_lamp_magenta.png,864 胭脂红玻璃灯,贴图列精确
glass_lamp_magenta_emi.png,864 胭脂红玻璃灯,贴图列+_emi
glass_lamp_orange.png,863 朱砂橙玻璃灯,贴图列精确
glass_lamp_orange_emi.png,863 朱砂橙玻璃灯,贴图列+_emi
glass_lamp_pink.png,868 海棠红玻璃灯,贴图列精确
glass_lamp_pink_emi.png,868 海棠红玻璃灯,贴图列+_emi
glass_lamp_purple.png,872 青莲紫玻璃灯,贴图列精确
glass_lamp_purple_emi.png,872 青莲紫玻璃灯,贴图列+_emi
glass_lamp_red.png,876 赫赤红玻璃灯,贴图列精确
glass_lamp_red_emi.png,876 赫赤红玻璃灯,贴图列+_emi
glass_lamp_white.png,862 象牙白玻璃灯,贴图列精确
glass_lamp_white_emi.png,862 象牙白玻璃灯,贴图列+_emi
glass_lamp_yellow.png,866 鹅毛黄玻璃灯,贴图列精确
glass_lamp_yellow_emi.png,866 鹅毛黄玻璃灯,贴图列+_emi
glass_lightblue2.png,984 白蓝纹玻璃片,贴图列精确
glass_normal.png,633 玻璃块; 634 玻璃块; 635 玻璃块; 636 玻璃块; 637 玻璃块; 638 玻璃块; 639 玻璃块; 640 玻璃块; 641 玻璃块; 642 玻璃块; 643 玻璃块; 644 玻璃块; 645 玻璃块; 646 玻璃块; 647 玻璃块; 648 玻璃块; 1924 玻璃块; 1925 玻璃块; 1926 玻璃块; 1927 玻璃块; 1928 玻璃块; 1929 玻璃块; 1930 玻璃块; 1931 玻璃块; 1932 玻璃块; 1933 玻璃块; 1934 玻璃块; 1935 玻璃块,贴图列精确
glass_normal_0001.png,633 玻璃块; 634 玻璃块; 635 玻璃块; 636 玻璃块; 637 玻璃块; 638 玻璃块; 639 玻璃块; 640 玻璃块; 641 玻璃块; 642 玻璃块; 643 玻璃块; 644 玻璃块; 645 玻璃块; 646 玻璃块; 647 玻璃块; 648 玻璃块; 1924 玻璃块; 1925 玻璃块; 1926 玻璃块; 1927 玻璃块; 1928 玻璃块; 1929 玻璃块; 1930 玻璃块; 1931 玻璃块; 1932 玻璃块; 1933 玻璃块; 1934 玻璃块; 1935 玻璃块,贴图列+_0001
glass_normal_0010.png,633 玻璃块; 634 玻璃块; 635 玻璃块; 636 玻璃块; 637 玻璃块; 638 玻璃块; 639 玻璃块; 640 玻璃块; 641 玻璃块; 642 玻璃块; 643 玻璃块; 644 玻璃块; 645 玻璃块; 646 玻璃块; 647 玻璃块; 648 玻璃块; 1924 玻璃块; 1925 玻璃块; 1926 玻璃块; 1927 玻璃块; 1928 玻璃块; 1929 玻璃块; 1930 玻璃块; 1931 玻璃块; 1932 玻璃块; 1933 玻璃块; 1934 玻璃块; 1935 玻璃块,贴图列+_0010
glass_normal_0011.png,633 玻璃块; 634 玻璃块; 635 玻璃块; 636 玻璃块; 637 玻璃块; 638 玻璃块; 639 玻璃块; 640 玻璃块; 641 玻璃块; 642 玻璃块; 643 玻璃块; 644 玻璃块; 645 玻璃块; 646 玻璃块; 647 玻璃块; 648 玻璃块; 1924 玻璃块; 1925 玻璃块; 1926 玻璃块; 1927 玻璃块; 1928 玻璃块; 1929 玻璃块; 1930 玻璃块; 1931 玻璃块; 1932 玻璃块; 1933 玻璃块; 1934 玻璃块; 1935 玻璃块,贴图列+_0011
glass_normal_0100.png,633 玻璃块; 634 玻璃块; 635 玻璃块; 636 玻璃块; 637 玻璃块; 638 玻璃块; 639 玻璃块; 640 玻璃块; 641 玻璃块; 642 玻璃块; 643 玻璃块; 644 玻璃块; 645 玻璃块; 646 玻璃块; 647 玻璃块; 648 玻璃块; 1924 玻璃块; 1925 玻璃块; 1926 玻璃块; 1927 玻璃块; 1928 玻璃块; 1929 玻璃块; 1930 玻璃块; 1931 玻璃块; 1932 玻璃块; 1933 玻璃块; 1934 玻璃块; 1935 玻璃块,贴图列+_0100
glass_normal_0101.png,633 玻璃块; 634 玻璃块; 635 玻璃块; 636 玻璃块; 637 玻璃块; 638 玻璃块; 639 玻璃块; 640 玻璃块; 641 玻璃块; 642 玻璃块; 643 玻璃块; 644 玻璃块; 645 玻璃块; 646 玻璃块; 647 玻璃块; 648 玻璃块; 1924 玻璃块; 1925 玻璃块; 1926 玻璃块; 1927 玻璃块; 1928 玻璃块; 1929 玻璃块; 1930 玻璃块; 1931 玻璃块; 1932 玻璃块; 1933 玻璃块; 1934 玻璃块; 1935 玻璃块,贴图列+_0101
glass_normal_0110.png,633 玻璃块; 634 玻璃块; 635 玻璃块; 636 玻璃块; 637 玻璃块; 638 玻璃块; 639 玻璃块; 640 玻璃块; 641 玻璃块; 642 玻璃块; 643 玻璃块; 644 玻璃块; 645 玻璃块; 646 玻璃块; 647 玻璃块; 648 玻璃块; 1924 玻璃块; 1925 玻璃块; 1926 玻璃块; 1927 玻璃块; 1928 玻璃块; 1929 玻璃块; 1930 玻璃块; 1931 玻璃块; 1932 玻璃块; 1933 玻璃块; 1934 玻璃块; 1935 玻璃块,贴图列+_0110
glass_normal_0111.png,633 玻璃块; 634 玻璃块; 635 玻璃块; 636 玻璃块; 637 玻璃块; 638 玻璃块; 639 玻璃块; 640 玻璃块; 641 玻璃块; 642 玻璃块; 643 玻璃块; 644 玻璃块; 645 玻璃块; 646 玻璃块; 647 玻璃块; 648 玻璃块; 1924 玻璃块; 1925 玻璃块; 1926 玻璃块; 1927 玻璃块; 1928 玻璃块; 1929 玻璃块; 1930 玻璃块; 1931 玻璃块; 1932 玻璃块; 1933 玻璃块; 1934 玻璃块; 1935 玻璃块,贴图列+_0111
glass_normal_1000.png,633 玻璃块; 634 玻璃块; 635 玻璃块; 636 玻璃块; 637 玻璃块; 638 玻璃块; 639 玻璃块; 640 玻璃块; 641 玻璃块; 642 玻璃块; 643 玻璃块; 644 玻璃块; 645 玻璃块; 646 玻璃块; 647 玻璃块; 648 玻璃块; 1924 玻璃块; 1925 玻璃块; 1926 玻璃块; 1927 玻璃块; 1928 玻璃块; 1929 玻璃块; 1930 玻璃块; 1931 玻璃块; 1932 玻璃块; 1933 玻璃块; 1934 玻璃块; 1935 玻璃块,贴图列+_1000
glass_normal_1001.png,633 玻璃块; 634 玻璃块; 635 玻璃块; 636 玻璃块; 637 玻璃块; 638 玻璃块; 639 玻璃块; 640 玻璃块; 641 玻璃块; 642 玻璃块; 643 玻璃块; 644 玻璃块; 645 玻璃块; 646 玻璃块; 647 玻璃块; 648 玻璃块; 1924 玻璃块; 1925 玻璃块; 1926 玻璃块; 1927 玻璃块; 1928 玻璃块; 1929 玻璃块; 1930 玻璃块; 1931 玻璃块; 1932 玻璃块; 1933 玻璃块; 1934 玻璃块; 1935 玻璃块,贴图列+_1001
glass_normal_1010.png,633 玻璃块; 634 玻璃块; 635 玻璃块; 636 玻璃块; 637 玻璃块; 638 玻璃块; 639 玻璃块; 640 玻璃块; 641 玻璃块; 642 玻璃块; 643 玻璃块; 644 玻璃块; 645 玻璃块; 646 玻璃块; 647 玻璃块; 648 玻璃块; 1924 玻璃块; 1925 玻璃块; 1926 玻璃块; 1927 玻璃块; 1928 玻璃块; 1929 玻璃块; 1930 玻璃块; 1931 玻璃块; 1932 玻璃块; 1933 玻璃块; 1934 玻璃块; 1935 玻璃块,贴图列+_1010
glass_normal_1011.png,633 玻璃块; 634 玻璃块; 635 玻璃块; 636 玻璃块; 637 玻璃块; 638 玻璃块; 639 玻璃块; 640 玻璃块; 641 玻璃块; 642 玻璃块; 643 玻璃块; 644 玻璃块; 645 玻璃块; 646 玻璃块; 647 玻璃块; 648 玻璃块; 1924 玻璃块; 1925 玻璃块; 1926 玻璃块; 1927 玻璃块; 1928 玻璃块; 1929 玻璃块; 1930 玻璃块; 1931 玻璃块; 1932 玻璃块; 1933 玻璃块; 1934 玻璃块; 1935 玻璃块,贴图列+_1011
glass_normal_1100.png,633 玻璃块; 634 玻璃块; 635 玻璃块; 636 玻璃块; 637 玻璃块; 638 玻璃块; 639 玻璃块; 640 玻璃块; 641 玻璃块; 642 玻璃块; 643 玻璃块; 644 玻璃块; 645 玻璃块; 646 玻璃块; 647 玻璃块; 648 玻璃块; 1924 玻璃块; 1925 玻璃块; 1926 玻璃块; 1927 玻璃块; 1928 玻璃块; 1929 玻璃块; 1930 玻璃块; 1931 玻璃块; 1932 玻璃块; 1933 玻璃块; 1934 玻璃块; 1935 玻璃块,贴图列+_1100
glass_normal_1101.png,633 玻璃块; 634 玻璃块; 635 玻璃块; 636 玻璃块; 637 玻璃块; 638 玻璃块; 639 玻璃块; 640 玻璃块; 641 玻璃块; 642 玻璃块; 643 玻璃块; 644 玻璃块; 645 玻璃块; 646 玻璃块; 647 玻璃块; 648 玻璃块; 1924 玻璃块; 1925 玻璃块; 1926 玻璃块; 1927 玻璃块; 1928 玻璃块; 1929 玻璃块; 1930 玻璃块; 1931 玻璃块; 1932 玻璃块; 1933 玻璃块; 1934 玻璃块; 1935 玻璃块,贴图列+_1101
glass_normal_1110.png,633 玻璃块; 634 玻璃块; 635 玻璃块; 636 玻璃块; 637 玻璃块; 638 玻璃块; 639 玻璃块; 640 玻璃块; 641 玻璃块; 642 玻璃块; 643 玻璃块; 644 玻璃块; 645 玻璃块; 646 玻璃块; 647 玻璃块; 648 玻璃块; 1924 玻璃块; 1925 玻璃块; 1926 玻璃块; 1927 玻璃块; 1928 玻璃块; 1929 玻璃块; 1930 玻璃块; 1931 玻璃块; 1932 玻璃块; 1933 玻璃块; 1934 玻璃块; 1935 玻璃块,贴图列+_1110
glass_normal_1111.png,633 玻璃块; 634 玻璃块; 635 玻璃块; 636 玻璃块; 637 玻璃块; 638 玻璃块; 639 玻璃块; 640 玻璃块; 641 玻璃块; 642 玻璃块; 643 玻璃块; 644 玻璃块; 645 玻璃块; 646 玻璃块; 647 玻璃块; 648 玻璃块; 1924 玻璃块; 1925 玻璃块; 1926 玻璃块; 1927 玻璃块; 1928 玻璃块; 1929 玻璃块; 1930 玻璃块; 1931 玻璃块; 1932 玻璃块; 1933 玻璃块; 1934 玻璃块; 1935 玻璃块,贴图列+_1111
glass_old.png,1112 铁丝网,贴图列精确
glass_old_mix.png,1112 铁丝网,贴图列+_mix
glass_pane.png,650 玻璃片; 651 玻璃片; 652 玻璃片; 653 玻璃片; 654 玻璃片; 655 玻璃片; 656 玻璃片; 657 玻璃片; 658 玻璃片; 659 玻璃片; 660 玻璃片; 661 玻璃片; 662 玻璃片; 663 玻璃片; 664 玻璃片; 665 玻璃片; 1936 玻璃片; 1937 玻璃片; 1938 玻璃片; 1939 玻璃片; 1940 玻璃片; 1941 玻璃片; 1942 玻璃片; 1943 玻璃片; 1944 玻璃片; 1945 玻璃片; 1946 玻璃片; 1947 玻璃片,贴图列精确
glass_wood.png,689 中式镂空窗,贴图列精确
glass_wood_top.png,689 中式镂空窗,贴图列精确
glassjar.png,144 红薇蝶玻璃瓶; 145 兰青蝶玻璃瓶; 146 香粉蝶玻璃瓶; 147 白香蝶玻璃瓶; 148 龙信蝶玻璃瓶; 149 舌钟蝶玻璃瓶; 748 萤火虫玻璃瓶; 200421 虚空蝴蝶玻璃瓶,贴图列精确
glassjar_emi.png,144 红薇蝶玻璃瓶; 145 兰青蝶玻璃瓶; 146 香粉蝶玻璃瓶; 147 白香蝶玻璃瓶; 148 龙信蝶玻璃瓶; 149 舌钟蝶玻璃瓶; 748 萤火虫玻璃瓶; 200421 虚空蝴蝶玻璃瓶,贴图列+_emi
glassjar_mix.png,144 红薇蝶玻璃瓶; 145 兰青蝶玻璃瓶; 146 香粉蝶玻璃瓶; 147 白香蝶玻璃瓶; 148 龙信蝶玻璃瓶; 149 舌钟蝶玻璃瓶; 748 萤火虫玻璃瓶; 200421 虚空蝴蝶玻璃瓶,贴图列+_mix
glazed_tile.png,425 釉面砖,贴图列精确
glazed_tile_1.png,426 横格釉面砖,贴图列精确
glazed_tile_1_mix.png,426 横格釉面砖,贴图列+_mix
glazed_tile_2.png,427 竖格釉面砖,贴图列精确
glazed_tile_2_mix.png,427 竖格釉面砖,贴图列+_mix
glazed_tile_3.png,428 四格釉面砖,贴图列精确
glazed_tile_3_mix.png,428 四格釉面砖,贴图列+_mix
glazed_tile_4.png,429 不规则釉面砖,贴图列精确
glazed_tile_4_mix.png,429 不规则釉面砖,贴图列+_mix
glazed_tile_mix.png,425 釉面砖,贴图列+_mix
glowalgae.png,201926 荧光藻,贴图列精确
glowalgae1.png,201926 荧光藻,贴图列+1
glowalgae1_emi.png,201926 荧光藻,贴图列+数字_emi
glowalgae2.png,201926 荧光藻,贴图列+2
glowalgae2_emi.png,201926 荧光藻,贴图列+数字_emi
glowalgae_emi.png,201926 荧光藻,贴图列+_emi
glowing_fallen_leaves.png,150058 荧光落叶,贴图列精确
glowing_fallen_leaves_emi.png,150058 荧光落叶,贴图列+_emi
glowing_grass.png,150057 荧光小草,贴图列精确
glowing_grass_emi.png,150057 荧光小草,贴图列+_emi
glowing_tree_leaves.png,150073 发光树叶,贴图列精确
glowing_tree_leaves_day.png,150073 发光树叶,贴图列+_day
glowing_tree_leaves_m.png,150073 发光树叶,贴图列+_m
glowing_tree_leaves_m_emi.png,150073 发光树叶,贴图列+_m
glowing_tree_leaves_night.png,150073 发光树叶,贴图列+_night
glowing_tree_trunk.png,150074 发光树干; 151008 粗发光树树枝; 151009 细发光树树枝,贴图列精确
glowing_tree_trunk_m.png,150074 发光树干; 151008 粗发光树树枝; 151009 细发光树树枝,贴图列+_m
glowing_tree_trunk_m_mix.png,150074 发光树干; 151008 粗发光树树枝; 151009 细发光树树枝,贴图列+_m
glowing_tree_trunk_mix.png,150074 发光树干; 151008 粗发光树树枝; 151009 细发光树树枝,贴图列+_mix
glowing_tree_trunk_top.png,150074 发光树干; 151008 粗发光树树枝; 151009 细发光树树枝,贴图列+_top
glowing_tree_trunk_top_mix.png,150074 发光树干; 151008 粗发光树树枝; 151009 细发光树树枝,贴图列+_top
glowing_vine.png,150072 发光树藤,贴图列精确
glowing_vine_1.png,150072 发光树藤,贴图列+_1
glowing_vine_1_emi.png,150072 发光树藤,贴图列+_1
glowing_vine_2.png,150072 发光树藤,贴图列+_2
glowing_vine_2_emi.png,150072 发光树藤,贴图列+_2
glowing_vine_emi.png,150072 发光树藤,贴图列+_emi
glowmushroomstew.png,200259 荧菇炖汤,贴图列精确
glowmushroomstew_mix.png,200259 荧菇炖汤,贴图列+_mix
glowstick_exhaustion.png,497 耗尽的荧光棒方块,贴图列精确
glowsticks_algae.png,495 荧光棒藻; 496 发光的荧光棒方块,贴图列精确
glowsticks_algae_emi.png,495 荧光棒藻; 496 发光的荧光棒方块,贴图列+_emi
glowsticks_seed.png,494 荧光棒藻幼苗,贴图列精确
glowstone.png,,
glowstone2.png,550 荧光晶块,贴图列精确
glowstone2_emi.png,550 荧光晶块,贴图列+_emi
glowstone2_mix.png,550 荧光晶块,贴图列+_mix
glowstone_emi.png,,
glowstone_lamp_wood.png,861 木纹灯,贴图列精确
glowstone_lamp_wood2.png,687 香薰宫灯,贴图列精确
glowstone_lamp_wood2_emi.png,687 香薰宫灯,贴图列+_emi
glowstone_lamp_wood2_mix.png,687 香薰宫灯,贴图列+_mix
glowstone_lamp_wood3.png,949 新春宫灯,贴图列精确
glowstone_lamp_wood3_emi.png,949 新春宫灯,贴图列+_emi
glowstone_lamp_wood3_mix.png,949 新春宫灯,贴图列+_mix
glowstone_lamp_wood_emi.png,861 木纹灯,贴图列+_emi
glowstone_lamp_wood_mix.png,861 木纹灯,贴图列+_mix
glue.png,,
glyphpillar.png,390 花纹细柱,贴图列精确
glyphpillar_mix.png,390 花纹细柱,贴图列+_mix
gna_iron_block.png,150914 格纳铁块,贴图列精确
gna_iron_block_matcap.png,150914 格纳铁块,贴图列+_matcap
gna_iron_block_mix.png,150914 格纳铁块,贴图列+_mix
goalblock0.png,1039 得分方块,贴图列精确
goalblock1.png,1039 得分方块,贴图列+1
goalblock2.png,1039 得分方块,贴图列+2
goalblock3.png,1039 得分方块,贴图列+3
goalblock4.png,1039 得分方块,贴图列+4
goalblock5.png,1039 得分方块,贴图列+5
goalblock6.png,1039 得分方块,贴图列+6
gold_normal.png,,
golden_egg.png,1390 金蛋,贴图列精确
grape tree.png,,
grapetree.png,1537 葡萄,贴图列精确
grass_blue_rock.png,200233 长草蘑古岩,贴图列精确
grass_blue_rock_mix.png,200233 长草蘑古岩,贴图列+_mix
grass_bottom.png,100 长草土块,贴图列+_bottom
grass_bottom_mix.png,100 长草土块,贴图列+_bottom
grass_feed.png,100 长草土块,贴图列+_feed
grass_noise.png,100 长草土块,贴图列+_noise
grass_side.png,100 长草土块,贴图列+_side
grass_side_245a0a.png,100 长草土块,贴图列+_side
grass_side_26542d.png,100 长草土块,贴图列+_side
grass_side_2c304c.png,100 长草土块,贴图列+_side
grass_side_2d5128.png,100 长草土块,贴图列+_side
grass_side_2e4c2d.png,100 长草土块,贴图列+_side
grass_side_2e5a18.png,100 长草土块,贴图列+_side
grass_side_326815.png,100 长草土块,贴图列+_side
grass_side_343350.png,100 长草土块,贴图列+_side
grass_side_383f6d.png,100 长草土块,贴图列+_side
grass_side_397d2b.png,100 长草土块,贴图列+_side
grass_side_3a6a5c.png,100 长草土块,贴图列+_side
grass_side_3a8c27.png,100 长草土块,贴图列+_side
grass_side_3b4a71.png,100 长草土块,贴图列+_side
grass_side_3c6e60.png,100 长草土块,贴图列+_side
grass_side_3d9300.png,100 长草土块,贴图列+_side
grass_side_46a922.png,100 长草土块,贴图列+_side
grass_side_4969ab.png,100 长草土块,贴图列+_side
grass_side_4b6394.png,100 长草土块,贴图列+_side
grass_side_4c5b43.png,100 长草土块,贴图列+_side
grass_side_4e5378.png,100 长草土块,贴图列+_side
grass_side_506c8f.png,100 长草土块,贴图列+_side
grass_side_527b1b.png,100 长草土块,贴图列+_side
grass_side_535946.png,100 长草土块,贴图列+_side
grass_side_55a3de.png,100 长草土块,贴图列+_side
grass_side_568c2e.png,100 长草土块,贴图列+_side
grass_side_585982.png,100 长草土块,贴图列+_side
grass_side_5885a1.png,100 长草土块,贴图列+_side
grass_side_5a7fac.png,100 长草土块,贴图列+_side
grass_side_5d7e1b.png,100 长草土块,贴图列+_side
grass_side_5e6d9d.png,100 长草土块,贴图列+_side
grass_side_656755.png,100 长草土块,贴图列+_side
grass_side_674896.png,100 长草土块,贴图列+_side
grass_side_6c6fad.png,100 长草土块,贴图列+_side
grass_side_6c89ad.png,100 长草土块,贴图列+_side
grass_side_715a81.png,100 长草土块,贴图列+_side
grass_side_726879.png,100 长草土块,贴图列+_side
grass_side_83b981.png,100 长草土块,贴图列+_side
grass_side_84b97b.png,100 长草土块,贴图列+_side
grass_side_8859c0.png,100 长草土块,贴图列+_side
grass_side_94591d.png,100 长草土块,贴图列+_side
grass_side_9b5448.png,100 长草土块,贴图列+_side
grass_side_9fd29f.png,100 长草土块,贴图列+_side
grass_side_a05c13.png,100 长草土块,贴图列+_side
grass_side_b2a889.png,100 长草土块,贴图列+_side
grass_side_b665e5.png,100 长草土块,贴图列+_side
grass_side_b73f20.png,100 长草土块,贴图列+_side
grass_side_cb5f4e.png,100 长草土块,贴图列+_side
grass_side_d6daff.png,100 长草土块,贴图列+_side
grass_side_d7c250.png,100 长草土块,贴图列+_side
grass_side_ec98ff.png,100 长草土块,贴图列+_side
grass_side_ff5d57.png,100 长草土块,贴图列+_side
grass_side_ff742b.png,100 长草土块,贴图列+_side
grass_side_ffbd4e.png,100 长草土块,贴图列+_side
grass_side_ffc875.png,100 长草土块,贴图列+_side
grass_side_ffce95.png,100 长草土块,贴图列+_side
grass_side_fffaeb.png,100 长草土块,贴图列+_side
grass_side_mix.png,100 长草土块,贴图列+_side
grass_side_overlay.png,100 长草土块,贴图列+_side
grass_side_snowed.png,100 长草土块,贴图列+_side
grass_top.png,100 长草土块,贴图列+_top
grass_top_mix.png,100 长草土块,贴图列+_top
gravel.png,107 碎石堆,贴图列精确
gravel_mix.png,107 碎石堆,贴图列+_mix
gravity_device.png,1402 重力装置,贴图列精确
gravity_device_emi.png,1402 重力装置,贴图列+_emi
gravityblock.png,450 紫荧石块,贴图列精确
gravityblock_emi.png,450 紫荧石块,贴图列+_emi
gravityblock_mix.png,450 紫荧石块,贴图列+_mix
grayagave_middle.png,440 灰色忘忧草种子,贴图列+_middle
grayagave_seed.png,440 灰色忘忧草种子,贴图列+_seed
green pepper.png,,
green_glazed.png,,
green_line.png,,
greenpepper.png,1519 青椒,贴图列精确
ground_flowers.png,322 小花堆,贴图列精确
guardflag.png,1205 守卫旗帜,贴图列精确
guardflag_on.png,1205 守卫旗帜,贴图列+_on
guardflag_on_emi.png,1205 守卫旗帜,贴图列+_on
guardflag_wild.png,150045 野生守卫旗帜,贴图列精确
guardflag_wild_on.png,150045 野生守卫旗帜,贴图列+_on
guardflag_wild_on_emi.png,150045 野生守卫旗帜,贴图列+_on
gudeng_rock.png,907 石荧光菇灯,贴图列精确
gudeng_rock_emi.png,907 石荧光菇灯,贴图列+_emi
gudeng_rock_mix.png,907 石荧光菇灯,贴图列+_mix
gudeng_wood.png,905 木荧光菇灯,贴图列精确
gudeng_wood_emi.png,905 木荧光菇灯,贴图列+_emi
gudeng_wood_mix.png,905 木荧光菇灯,贴图列+_mix
guideboard.png,200005 指路牌; 200007 依附路牌（依附方块）,贴图列精确
guideboard_mix.png,200005 指路牌; 200007 依附路牌（依附方块）,贴图列+_mix
guizi_wood.png,969 柜子; 974 象牙白柜子; 979 松木柜子,贴图列精确
guizi_wood2.png,974 象牙白柜子,贴图列精确
guizi_wood2_mix.png,974 象牙白柜子,贴图列+_mix
guizi_wood3.png,979 松木柜子,贴图列精确
guizi_wood3_mix.png,979 松木柜子,贴图列+_mix
guizi_wood_mix.png,969 柜子; 974 象牙白柜子; 979 松木柜子,贴图列+_mix
guomugs.png,324 樱桃木果实,贴图列精确
guomugs_mix.png,324 樱桃木果实,贴图列+_mix
haidi_bed.png,1223 贝壳床,贴图列精确
haidi_bed_mix.png,1223 贝壳床,贴图列+_mix
haidi_ceiling_light.png,1236 海洋吊灯; 1378 海洋吊灯（废弃）,贴图列精确
haidi_ceiling_light_emi.png,1236 海洋吊灯; 1378 海洋吊灯（废弃）,贴图列+_emi
haidi_ceiling_light_mix.png,1236 海洋吊灯; 1378 海洋吊灯（废弃）,贴图列+_mix
haidi_chair_color.png,1226 贝壳椅子,贴图列精确
haidi_chair_color_mix.png,1226 贝壳椅子,贴图列+_mix
haidi_closet.png,1231 海洋储物柜,贴图列精确
haidi_closet_mix.png,1231 海洋储物柜,贴图列+_mix
haidi_coral_rail_door.png,1240 珊瑚围栏门,贴图列精确
haidi_coral_rail_door_mix.png,1240 珊瑚围栏门,贴图列+_mix
haidi_coraldoor.png,1227 珊瑚门,贴图列精确
haidi_coraldoor_mix.png,1227 珊瑚门,贴图列+_mix
haidi_coralrail.png,1239 珊瑚围栏,贴图列精确
haidi_coralrail_mix.png,1239 珊瑚围栏,贴图列+_mix
haidi_coralwindow.png,1229 珊瑚窗,贴图列精确
haidi_coralwindow_mix.png,1229 珊瑚窗,贴图列+_mix
haidi_desk.png,1225 贝壳桌子,贴图列精确
haidi_desk_lamp.png,1237 贝壳台灯,贴图列精确
haidi_desk_lamp_emi.png,1237 贝壳台灯,贴图列+_emi
haidi_desk_lamp_mix.png,1237 贝壳台灯,贴图列+_mix
haidi_desk_mix.png,1225 贝壳桌子,贴图列+_mix
haidi_door.png,1228 贝壳门,贴图列精确
haidi_door_mix.png,1228 贝壳门,贴图列+_mix
haidi_erect_light.png,1235 海洋落地灯,贴图列精确
haidi_erect_light_emi.png,1235 海洋落地灯,贴图列+_emi
haidi_erect_light_mix.png,1235 海洋落地灯,贴图列+_mix
haidi_flowerpot.png,1238 海洋大花盆,贴图列精确
haidi_flowerpot_mix.png,1238 海洋大花盆,贴图列+_mix
haidi_rail.png,1241 贝壳围栏,贴图列精确
haidi_rail_door.png,1242 贝壳围栏门,贴图列精确
haidi_rail_door_mix.png,1242 贝壳围栏门,贴图列+_mix
haidi_rail_mix.png,1241 贝壳围栏,贴图列+_mix
haidi_robe.png,1234 海洋衣柜,贴图列精确
haidi_robe_mix.png,1234 海洋衣柜,贴图列+_mix
haidi_screen.png,1232 海洋屏风,贴图列精确
haidi_screen_mix.png,1232 海洋屏风,贴图列+_mix
haidi_screen_screengrass.png,1232 海洋屏风,贴图列+_screengrass
haidi_sofa.png,1224 贝壳沙发,贴图列精确
haidi_sofa_mix.png,1224 贝壳沙发,贴图列+_mix
haidi_stairs.png,1233 贝壳楼梯,贴图列精确
haidi_stairs_mix.png,1233 贝壳楼梯,贴图列+_mix
haidi_twin_sofa.png,1195 贝壳双人沙发,贴图列精确
haidi_twin_sofa_mix.png,1195 贝壳双人沙发,贴图列+_mix
haidi_windbell.png,1243 贝壳风铃,贴图列精确
haidi_window.png,1230 贝壳窗,贴图列精确
haidi_window_mix.png,1230 贝壳窗,贴图列+_mix
hamsterwheel.png,150931 仓鼠轮,贴图列精确
hamsterwheel_mix.png,150931 仓鼠轮,贴图列+_mix
hardglass.png,1206 透明硬质玻璃块,贴图列精确
hardglass_0001.png,1206 透明硬质玻璃块,贴图列+_0001
hardglass_0010.png,1206 透明硬质玻璃块,贴图列+_0010
hardglass_0011.png,1206 透明硬质玻璃块,贴图列+_0011
hardglass_0100.png,1206 透明硬质玻璃块,贴图列+_0100
hardglass_0101.png,1206 透明硬质玻璃块,贴图列+_0101
hardglass_0110.png,1206 透明硬质玻璃块,贴图列+_0110
hardglass_0111.png,1206 透明硬质玻璃块,贴图列+_0111
hardglass_1000.png,1206 透明硬质玻璃块,贴图列+_1000
hardglass_1001.png,1206 透明硬质玻璃块,贴图列+_1001
hardglass_1010.png,1206 透明硬质玻璃块,贴图列+_1010
hardglass_1011.png,1206 透明硬质玻璃块,贴图列+_1011
hardglass_1100.png,1206 透明硬质玻璃块,贴图列+_1100
hardglass_1101.png,1206 透明硬质玻璃块,贴图列+_1101
hardglass_1110.png,1206 透明硬质玻璃块,贴图列+_1110
hardglass_1111.png,1206 透明硬质玻璃块,贴图列+_1111
hardglass_normal.png,1207 硬质玻璃块; 1208 硬质玻璃块; 1209 硬质玻璃块; 1210 硬质玻璃块; 1211 硬质玻璃块; 1212 硬质玻璃块; 1213 硬质玻璃块; 1214 硬质玻璃块; 1215 硬质玻璃块; 1216 硬质玻璃块; 1217 硬质玻璃块; 1218 硬质玻璃块; 1219 硬质玻璃块; 1220 硬质玻璃块; 1221 硬质玻璃块; 1222 硬质玻璃块; 1948 硬质玻璃块; 1949 硬质玻璃块; 1950 硬质玻璃块; 1951 硬质玻璃块; 1952 硬质玻璃块; 1953 硬质玻璃块; 1954 硬质玻璃块; 1955 硬质玻璃块; 1956 硬质玻璃块; 1957 硬质玻璃块; 1958 硬质玻璃块; 1959 硬质玻璃块,贴图列精确
hardglass_normal_0001.png,1207 硬质玻璃块; 1208 硬质玻璃块; 1209 硬质玻璃块; 1210 硬质玻璃块; 1211 硬质玻璃块; 1212 硬质玻璃块; 1213 硬质玻璃块; 1214 硬质玻璃块; 1215 硬质玻璃块; 1216 硬质玻璃块; 1217 硬质玻璃块; 1218 硬质玻璃块; 1219 硬质玻璃块; 1220 硬质玻璃块; 1221 硬质玻璃块; 1222 硬质玻璃块; 1948 硬质玻璃块; 1949 硬质玻璃块; 1950 硬质玻璃块; 1951 硬质玻璃块; 1952 硬质玻璃块; 1953 硬质玻璃块; 1954 硬质玻璃块; 1955 硬质玻璃块; 1956 硬质玻璃块; 1957 硬质玻璃块; 1958 硬质玻璃块; 1959 硬质玻璃块,贴图列+_0001
hardglass_normal_0010.png,1207 硬质玻璃块; 1208 硬质玻璃块; 1209 硬质玻璃块; 1210 硬质玻璃块; 1211 硬质玻璃块; 1212 硬质玻璃块; 1213 硬质玻璃块; 1214 硬质玻璃块; 1215 硬质玻璃块; 1216 硬质玻璃块; 1217 硬质玻璃块; 1218 硬质玻璃块; 1219 硬质玻璃块; 1220 硬质玻璃块; 1221 硬质玻璃块; 1222 硬质玻璃块; 1948 硬质玻璃块; 1949 硬质玻璃块; 1950 硬质玻璃块; 1951 硬质玻璃块; 1952 硬质玻璃块; 1953 硬质玻璃块; 1954 硬质玻璃块; 1955 硬质玻璃块; 1956 硬质玻璃块; 1957 硬质玻璃块; 1958 硬质玻璃块; 1959 硬质玻璃块,贴图列+_0010
hardglass_normal_0011.png,1207 硬质玻璃块; 1208 硬质玻璃块; 1209 硬质玻璃块; 1210 硬质玻璃块; 1211 硬质玻璃块; 1212 硬质玻璃块; 1213 硬质玻璃块; 1214 硬质玻璃块; 1215 硬质玻璃块; 1216 硬质玻璃块; 1217 硬质玻璃块; 1218 硬质玻璃块; 1219 硬质玻璃块; 1220 硬质玻璃块; 1221 硬质玻璃块; 1222 硬质玻璃块; 1948 硬质玻璃块; 1949 硬质玻璃块; 1950 硬质玻璃块; 1951 硬质玻璃块; 1952 硬质玻璃块; 1953 硬质玻璃块; 1954 硬质玻璃块; 1955 硬质玻璃块; 1956 硬质玻璃块; 1957 硬质玻璃块; 1958 硬质玻璃块; 1959 硬质玻璃块,贴图列+_0011
hardglass_normal_0100.png,1207 硬质玻璃块; 1208 硬质玻璃块; 1209 硬质玻璃块; 1210 硬质玻璃块; 1211 硬质玻璃块; 1212 硬质玻璃块; 1213 硬质玻璃块; 1214 硬质玻璃块; 1215 硬质玻璃块; 1216 硬质玻璃块; 1217 硬质玻璃块; 1218 硬质玻璃块; 1219 硬质玻璃块; 1220 硬质玻璃块; 1221 硬质玻璃块; 1222 硬质玻璃块; 1948 硬质玻璃块; 1949 硬质玻璃块; 1950 硬质玻璃块; 1951 硬质玻璃块; 1952 硬质玻璃块; 1953 硬质玻璃块; 1954 硬质玻璃块; 1955 硬质玻璃块; 1956 硬质玻璃块; 1957 硬质玻璃块; 1958 硬质玻璃块; 1959 硬质玻璃块,贴图列+_0100
hardglass_normal_0101.png,1207 硬质玻璃块; 1208 硬质玻璃块; 1209 硬质玻璃块; 1210 硬质玻璃块; 1211 硬质玻璃块; 1212 硬质玻璃块; 1213 硬质玻璃块; 1214 硬质玻璃块; 1215 硬质玻璃块; 1216 硬质玻璃块; 1217 硬质玻璃块; 1218 硬质玻璃块; 1219 硬质玻璃块; 1220 硬质玻璃块; 1221 硬质玻璃块; 1222 硬质玻璃块; 1948 硬质玻璃块; 1949 硬质玻璃块; 1950 硬质玻璃块; 1951 硬质玻璃块; 1952 硬质玻璃块; 1953 硬质玻璃块; 1954 硬质玻璃块; 1955 硬质玻璃块; 1956 硬质玻璃块; 1957 硬质玻璃块; 1958 硬质玻璃块; 1959 硬质玻璃块,贴图列+_0101
hardglass_normal_0110.png,1207 硬质玻璃块; 1208 硬质玻璃块; 1209 硬质玻璃块; 1210 硬质玻璃块; 1211 硬质玻璃块; 1212 硬质玻璃块; 1213 硬质玻璃块; 1214 硬质玻璃块; 1215 硬质玻璃块; 1216 硬质玻璃块; 1217 硬质玻璃块; 1218 硬质玻璃块; 1219 硬质玻璃块; 1220 硬质玻璃块; 1221 硬质玻璃块; 1222 硬质玻璃块; 1948 硬质玻璃块; 1949 硬质玻璃块; 1950 硬质玻璃块; 1951 硬质玻璃块; 1952 硬质玻璃块; 1953 硬质玻璃块; 1954 硬质玻璃块; 1955 硬质玻璃块; 1956 硬质玻璃块; 1957 硬质玻璃块; 1958 硬质玻璃块; 1959 硬质玻璃块,贴图列+_0110
hardglass_normal_0111.png,1207 硬质玻璃块; 1208 硬质玻璃块; 1209 硬质玻璃块; 1210 硬质玻璃块; 1211 硬质玻璃块; 1212 硬质玻璃块; 1213 硬质玻璃块; 1214 硬质玻璃块; 1215 硬质玻璃块; 1216 硬质玻璃块; 1217 硬质玻璃块; 1218 硬质玻璃块; 1219 硬质玻璃块; 1220 硬质玻璃块; 1221 硬质玻璃块; 1222 硬质玻璃块; 1948 硬质玻璃块; 1949 硬质玻璃块; 1950 硬质玻璃块; 1951 硬质玻璃块; 1952 硬质玻璃块; 1953 硬质玻璃块; 1954 硬质玻璃块; 1955 硬质玻璃块; 1956 硬质玻璃块; 1957 硬质玻璃块; 1958 硬质玻璃块; 1959 硬质玻璃块,贴图列+_0111
hardglass_normal_1000.png,1207 硬质玻璃块; 1208 硬质玻璃块; 1209 硬质玻璃块; 1210 硬质玻璃块; 1211 硬质玻璃块; 1212 硬质玻璃块; 1213 硬质玻璃块; 1214 硬质玻璃块; 1215 硬质玻璃块; 1216 硬质玻璃块; 1217 硬质玻璃块; 1218 硬质玻璃块; 1219 硬质玻璃块; 1220 硬质玻璃块; 1221 硬质玻璃块; 1222 硬质玻璃块; 1948 硬质玻璃块; 1949 硬质玻璃块; 1950 硬质玻璃块; 1951 硬质玻璃块; 1952 硬质玻璃块; 1953 硬质玻璃块; 1954 硬质玻璃块; 1955 硬质玻璃块; 1956 硬质玻璃块; 1957 硬质玻璃块; 1958 硬质玻璃块; 1959 硬质玻璃块,贴图列+_1000
hardglass_normal_1001.png,1207 硬质玻璃块; 1208 硬质玻璃块; 1209 硬质玻璃块; 1210 硬质玻璃块; 1211 硬质玻璃块; 1212 硬质玻璃块; 1213 硬质玻璃块; 1214 硬质玻璃块; 1215 硬质玻璃块; 1216 硬质玻璃块; 1217 硬质玻璃块; 1218 硬质玻璃块; 1219 硬质玻璃块; 1220 硬质玻璃块; 1221 硬质玻璃块; 1222 硬质玻璃块; 1948 硬质玻璃块; 1949 硬质玻璃块; 1950 硬质玻璃块; 1951 硬质玻璃块; 1952 硬质玻璃块; 1953 硬质玻璃块; 1954 硬质玻璃块; 1955 硬质玻璃块; 1956 硬质玻璃块; 1957 硬质玻璃块; 1958 硬质玻璃块; 1959 硬质玻璃块,贴图列+_1001
hardglass_normal_1010.png,1207 硬质玻璃块; 1208 硬质玻璃块; 1209 硬质玻璃块; 1210 硬质玻璃块; 1211 硬质玻璃块; 1212 硬质玻璃块; 1213 硬质玻璃块; 1214 硬质玻璃块; 1215 硬质玻璃块; 1216 硬质玻璃块; 1217 硬质玻璃块; 1218 硬质玻璃块; 1219 硬质玻璃块; 1220 硬质玻璃块; 1221 硬质玻璃块; 1222 硬质玻璃块; 1948 硬质玻璃块; 1949 硬质玻璃块; 1950 硬质玻璃块; 1951 硬质玻璃块; 1952 硬质玻璃块; 1953 硬质玻璃块; 1954 硬质玻璃块; 1955 硬质玻璃块; 1956 硬质玻璃块; 1957 硬质玻璃块; 1958 硬质玻璃块; 1959 硬质玻璃块,贴图列+_1010
hardglass_normal_1011.png,1207 硬质玻璃块; 1208 硬质玻璃块; 1209 硬质玻璃块; 1210 硬质玻璃块; 1211 硬质玻璃块; 1212 硬质玻璃块; 1213 硬质玻璃块; 1214 硬质玻璃块; 1215 硬质玻璃块; 1216 硬质玻璃块; 1217 硬质玻璃块; 1218 硬质玻璃块; 1219 硬质玻璃块; 1220 硬质玻璃块; 1221 硬质玻璃块; 1222 硬质玻璃块; 1948 硬质玻璃块; 1949 硬质玻璃块; 1950 硬质玻璃块; 1951 硬质玻璃块; 1952 硬质玻璃块; 1953 硬质玻璃块; 1954 硬质玻璃块; 1955 硬质玻璃块; 1956 硬质玻璃块; 1957 硬质玻璃块; 1958 硬质玻璃块; 1959 硬质玻璃块,贴图列+_1011
hardglass_normal_1100.png,1207 硬质玻璃块; 1208 硬质玻璃块; 1209 硬质玻璃块; 1210 硬质玻璃块; 1211 硬质玻璃块; 1212 硬质玻璃块; 1213 硬质玻璃块; 1214 硬质玻璃块; 1215 硬质玻璃块; 1216 硬质玻璃块; 1217 硬质玻璃块; 1218 硬质玻璃块; 1219 硬质玻璃块; 1220 硬质玻璃块; 1221 硬质玻璃块; 1222 硬质玻璃块; 1948 硬质玻璃块; 1949 硬质玻璃块; 1950 硬质玻璃块; 1951 硬质玻璃块; 1952 硬质玻璃块; 1953 硬质玻璃块; 1954 硬质玻璃块; 1955 硬质玻璃块; 1956 硬质玻璃块; 1957 硬质玻璃块; 1958 硬质玻璃块; 1959 硬质玻璃块,贴图列+_1100
hardglass_normal_1101.png,1207 硬质玻璃块; 1208 硬质玻璃块; 1209 硬质玻璃块; 1210 硬质玻璃块; 1211 硬质玻璃块; 1212 硬质玻璃块; 1213 硬质玻璃块; 1214 硬质玻璃块; 1215 硬质玻璃块; 1216 硬质玻璃块; 1217 硬质玻璃块; 1218 硬质玻璃块; 1219 硬质玻璃块; 1220 硬质玻璃块; 1221 硬质玻璃块; 1222 硬质玻璃块; 1948 硬质玻璃块; 1949 硬质玻璃块; 1950 硬质玻璃块; 1951 硬质玻璃块; 1952 硬质玻璃块; 1953 硬质玻璃块; 1954 硬质玻璃块; 1955 硬质玻璃块; 1956 硬质玻璃块; 1957 硬质玻璃块; 1958 硬质玻璃块; 1959 硬质玻璃块,贴图列+_1101
hardglass_normal_1110.png,1207 硬质玻璃块; 1208 硬质玻璃块; 1209 硬质玻璃块; 1210 硬质玻璃块; 1211 硬质玻璃块; 1212 硬质玻璃块; 1213 硬质玻璃块; 1214 硬质玻璃块; 1215 硬质玻璃块; 1216 硬质玻璃块; 1217 硬质玻璃块; 1218 硬质玻璃块; 1219 硬质玻璃块; 1220 硬质玻璃块; 1221 硬质玻璃块; 1222 硬质玻璃块; 1948 硬质玻璃块; 1949 硬质玻璃块; 1950 硬质玻璃块; 1951 硬质玻璃块; 1952 硬质玻璃块; 1953 硬质玻璃块; 1954 硬质玻璃块; 1955 硬质玻璃块; 1956 硬质玻璃块; 1957 硬质玻璃块; 1958 硬质玻璃块; 1959 硬质玻璃块,贴图列+_1110
hardglass_normal_1111.png,1207 硬质玻璃块; 1208 硬质玻璃块; 1209 硬质玻璃块; 1210 硬质玻璃块; 1211 硬质玻璃块; 1212 硬质玻璃块; 1213 硬质玻璃块; 1214 硬质玻璃块; 1215 硬质玻璃块; 1216 硬质玻璃块; 1217 硬质玻璃块; 1218 硬质玻璃块; 1219 硬质玻璃块; 1220 硬质玻璃块; 1221 硬质玻璃块; 1222 硬质玻璃块; 1948 硬质玻璃块; 1949 硬质玻璃块; 1950 硬质玻璃块; 1951 硬质玻璃块; 1952 硬质玻璃块; 1953 硬质玻璃块; 1954 硬质玻璃块; 1955 硬质玻璃块; 1956 硬质玻璃块; 1957 硬质玻璃块; 1958 硬质玻璃块; 1959 硬质玻璃块,贴图列+_1111
hardwire0.png,706 蓝色星能线,贴图列精确
hardwire0_r.png,1009 红色星能线,贴图列精确
hardwire1.png,706 蓝色星能线,贴图列精确
hardwire1_r.png,1009 红色星能线,贴图列精确
hay_block_bottom.png,822 草垛,贴图列+_bottom
hay_block_bottom_mix.png,822 草垛,贴图列+_bottom
hay_block_side.png,822 草垛,贴图列+_side
hay_block_side_mix.png,822 草垛,贴图列+_side
hay_block_top.png,822 草垛,贴图列+_top
hay_block_top_mix.png,822 草垛,贴图列+_top
hearth1.png,1406 简单灶台,贴图列精确
hearth1_mix.png,1406 简单灶台,贴图列+_mix
hearth1_rgb.png,1406 简单灶台,贴图列+_rgb
hearth2.png,1688 银灰灶台,贴图列精确
hearth2_mix.png,1688 银灰灶台,贴图列+_mix
hearth2_rgb.png,1688 银灰灶台,贴图列+_rgb
hearth3.png,1689 酷黑灶台,贴图列精确
hearth3_emi.png,1689 酷黑灶台,贴图列+_emi
hearth3_rgb.png,1689 酷黑灶台,贴图列+_rgb
hearth4.png,1687 纯白灶台,贴图列精确
hearth4_mix.png,1687 纯白灶台,贴图列+_mix
hearth5.png,1759 美味制作者灶台,贴图列精确
height_induction_mix.png,1170 游戏版本过低,贴图列+_mix
height_induction_off.png,1170 游戏版本过低,贴图列精确
height_induction_on.png,1170 游戏版本过低,贴图列+_on
height_induction_on_emi.png,1170 游戏版本过低,贴图列+_on
helm.png,1188 船舵,贴图列精确
helm_mix.png,1188 船舵,贴图列+_mix
highlight.png,,
highlyvenom_flow.png,18 动态剧毒,贴图列精确
highlyvenom_still.png,17 静态剧毒,贴图列精确
hive_empty.png,133 空的蜂巢; 1469 满的蜂巢,贴图列精确
hive_empty_mix.png,133 空的蜂巢; 1469 满的蜂巢,贴图列+_mix
hive_full.png,134 满的蜂巢,贴图列精确
hive_full_mix.png,134 满的蜂巢,贴图列+_mix
hollowout_steelblock.png,150913 镂空散热铁块,贴图列精确
hollowout_steelblock_matcap.png,150913 镂空散热铁块,贴图列+_matcap
hollowout_steelblock_mix.png,150913 镂空散热铁块,贴图列+_mix
homecorn.png,1518 玉米,贴图列精确
homecorn_mix.png,1518 玉米,贴图列+_mix
homeland_dragonflower_bottom.png,,
homeland_dragonflower_middle.png,,
homeland_rose_bottom.png,,
homeland_rose_middle.png,,
homeland_rose_top.png,,
homeshrub.png,469 棉花树; 1457 茶树; 1462 柑橘树; 1470 辣椒树; 1471 棉花树; 1480 咖啡豆树,贴图列精确
homeshrub_saplings_big.png,469 棉花树; 1457 茶树; 1462 柑橘树; 1470 辣椒树; 1471 棉花树; 1480 咖啡豆树,贴图列+_saplings
homeshrub_saplings_small.png,469 棉花树; 1457 茶树; 1462 柑橘树; 1470 辣椒树; 1471 棉花树; 1480 咖啡豆树,贴图列+_saplings
honey_crystal.png,560 结晶的蜂蜜,贴图列精确
honey_flow.png,12 动态蜂蜜,贴图列精确
honey_scorch.png,561 烧焦的蜂蜜,贴图列精确
honey_scorch_mix.png,561 烧焦的蜂蜜,贴图列+_mix
honey_still.png,11 静态蜂蜜,贴图列精确
honey_water.png,558 蜂蜜块; 150714 自动筑路机,贴图列精确
honey_water_mix.png,558 蜂蜜块; 150714 自动筑路机,贴图列+_mix
hongshanshugs.png,328 红杉木果实,贴图列精确
honor_frame.png,1451 荣誉架,贴图列精确
horascopper_block.png,449 星瞳石块,贴图列精确
horascopper_block_emi.png,449 星瞳石块,贴图列+_emi
horascopper_block_mix.png,449 星瞳石块,贴图列+_mix
horizontal_striped_patterned_adobe_brick.png,160015 花横纹土砖; 161012 花横纹土砖薄板; 169012 花横纹土砖楼梯,贴图列精确
horizontal_striped_patterned_adobe_brick_mix.png,160015 花横纹土砖; 161012 花横纹土砖薄板; 169012 花横纹土砖楼梯,贴图列+_mix
horizontal_striped_patterned_sand_brick.png,160020 花横纹黄砖; 161013 花横纹黄砖薄板; 169013 花横纹黄砖楼梯,贴图列精确
horizontal_striped_patterned_sand_brick_mix.png,160020 花横纹黄砖; 161013 花横纹黄砖薄板; 169013 花横纹黄砖楼梯,贴图列+_mix
horncoral.png,486 角珊瑚; 487 白化角珊瑚,贴图列精确
horncoral_1.png,486 角珊瑚; 487 白化角珊瑚,贴图列+_1
horncoral_1_emi.png,486 角珊瑚; 487 白化角珊瑚,贴图列+_1
horncoral_1_mix.png,486 角珊瑚; 487 白化角珊瑚,贴图列+_1
horncoral_2.png,486 角珊瑚; 487 白化角珊瑚,贴图列+_2
horncoral_2_emi.png,486 角珊瑚; 487 白化角珊瑚,贴图列+_2
horncoral_2_mix.png,486 角珊瑚; 487 白化角珊瑚,贴图列+_2
horncoral_mix.png,486 角珊瑚; 487 白化角珊瑚,贴图列+_mix
horse_egg.png,950 魔力坐骑蛋; 951 小飞鼠坐骑蛋; 952 麒麟坐骑蛋; 953 陆行鸟坐骑蛋; 954 小白象坐骑蛋; 955 小海豹坐骑蛋; 956 小猫咪坐骑蛋; 957 小天马坐骑蛋; 958 小仓鼠坐骑蛋; 1800 魔龙坐骑蛋; 1801 月亮坐骑蛋; 1802 圣夜雪橇坐骑; 1803 巨鲸坐骑蛋; 1804 莲花坐骑蛋; 1805 九色鹿坐骑丹; 1873 飞天小猪坐骑蛋,贴图列精确
hotcrystal.png,132 硫黄晶砂,贴图列精确
hotcrystal_bottom.png,132 硫黄晶砂,贴图列+_bottom
hotcrystal_bottom_emi.png,132 硫黄晶砂,贴图列+_bottom
hotcrystal_bottom_mix.png,132 硫黄晶砂,贴图列+_bottom
hotcrystal_emi.png,132 硫黄晶砂,贴图列+_emi
hotcrystal_mix.png,132 硫黄晶砂,贴图列+_mix
hotcrystal_top.png,132 硫黄晶砂,贴图列+_top
hotcrystal_top_emi.png,132 硫黄晶砂,贴图列+_top
hotcrystal_top_mix.png,132 硫黄晶砂,贴图列+_top
hotcrystal_top_noise.png,132 硫黄晶砂,贴图列+_top
hu.png,1147 春节窗花-虎,贴图列精确
huaban.png,,
huanghua.png,390032 [水墨]屏风-黄花,贴图列精确
huangye.png,390033 [水墨]屏风-黄叶,贴图列精确
huaxiaolou.png,727 花小楼生日雕塑,贴图列精确
huaxiaoloubed.png,201661 花小楼床,贴图列精确
huaxiaoloubed_mix.png,201661 花小楼床,贴图列+_mix
huaxiaoloufireplace.png,201664 花小楼暖炉,贴图列精确
huaxiaoloufireplace_mix.png,201664 花小楼暖炉,贴图列+_mix
huaxiaolousofa.png,201660 花小楼沙发,贴图列精确
huaxiaolousofa_mix.png,201660 花小楼沙发,贴图列+_mix
huaxiaoloutable.png,201663 花小楼方桌,贴图列精确
huaxiaoloutable_mix.png,201663 花小楼方桌,贴图列+_mix
huntflag.png,150002 狩猎旗帜,贴图列精确
huntflag_on.png,150002 狩猎旗帜,贴图列+_on
huntflag_on_emi.png,150002 狩猎旗帜,贴图列+_on
huntflag_wild.png,150003 野生狩猎旗帜,贴图列精确
huntflag_wild_on.png,150003 野生狩猎旗帜,贴图列+_on
huntflag_wild_on_emi.png,150003 野生狩猎旗帜,贴图列+_on
hupo1.png,406 琥珀原石,贴图列精确
hupo1_emi.png,406 琥珀原石,贴图列+_emi
hupo1_proto.png,406 琥珀原石,贴图列+_proto
hupo1_proto_emi.png,406 琥珀原石,贴图列+_proto
hupo_x.png,406 琥珀原石,贴图列+_x
hupo_y.png,406 琥珀原石,贴图列+_y
hupo_z.png,406 琥珀原石,贴图列+_z
hutaogs.png,329 核桃木果实,贴图列精确
hyacinth.png,304 风信子; 435 风信子种子,贴图列精确
hyacinth_middle.png,304 风信子; 435 风信子种子,贴图列+_middle
hyacinth_seed.png,304 风信子; 435 风信子种子,贴图列+_seed
hyd_arm.png,718 推拉机械臂; 719 机械臂,贴图列精确
hyd_arm_on.png,840 机械臂部件; 1023 机械臂I; 1024 推拉机械臂I,贴图列精确
hydraulic_arm_down_off.png,,
hydraulic_arm_down_off_mix.png,,
hydraulic_arm_down_on.png,,
hydraulic_arm_down_on_emi.png,,
hydraulic_arm_down_on_mix.png,,
hydraulic_arm_editor_off.png,,
hydraulic_arm_editor_off_mix.png,,
hydraulic_arm_editor_on.png,,
hydraulic_arm_editor_on_emi.png,,
hydraulic_arm_editor_on_mix.png,,
hydraulic_arm_up_off.png,1161 液压臂,贴图列精确
hydraulic_arm_up_off_mix.png,1161 液压臂,贴图列+_mix
hydraulic_arm_up_on.png,,
hydraulic_arm_up_on_emi.png,,
hydraulic_arm_up_on_mix.png,,
ice.png,113 脆冰; 123 自然冰; 161002 自然冰薄板; 162003 自然冰竖薄板; 163003 自然冰斜板; 164003 自然冰竖板; 165003 自然冰薄斜板; 166003 自然冰大薄斜板; 167003 自然冰竖薄斜板; 168003 自然冰竖大薄斜板; 169002 自然冰楼梯; 170026 自然冰三棱柱; 171026 自然冰弧板; 172026 自然冰薄弧板; 173026 自然冰大薄弧板; 174026 自然冰竖薄弧板; 175026 自然冰大竖薄弧板; 176026 自然冰棱锥,贴图列精确
ice_bed.png,150015 皮草床,贴图列精确
ice_bed_mix.png,150015 皮草床,贴图列+_mix
ice_blanket.png,150025 绒毛地毯,贴图列精确
ice_blanket_mix.png,150025 绒毛地毯,贴图列+_mix
ice_brick.png,430 冰砖,贴图列精确
ice_brick_emi.png,430 冰砖,贴图列+_emi
ice_brick_mix.png,430 冰砖,贴图列+_mix
ice_chair.png,150021 冰原木椅,贴图列精确
ice_chair_matcap.png,150021 冰原木椅,贴图列+_matcap
ice_chair_mix.png,150021 冰原木椅,贴图列+_mix
ice_crystal_block.png,35 霜火石块,贴图列精确
ice_crystal_block_emi.png,35 霜火石块,贴图列+_emi
ice_crystal_block_mix.png,35 霜火石块,贴图列+_mix
ice_curtain.png,150043 冰原窗帘,贴图列精确
ice_curtain_mix.png,150043 冰原窗帘,贴图列+_mix
ice_door.png,150016 冰原木门,贴图列精确
ice_door_mix.png,150016 冰原木门,贴图列+_mix
ice_group_cabinet.png,150022 冰原木柜,贴图列精确
ice_group_cabinet_mix.png,150022 冰原木柜,贴图列+_mix
ice_lamp.png,150018 火盆灯,贴图列精确
ice_lamp_mix.png,150018 火盆灯,贴图列+_mix
ice_mix.png,113 脆冰; 123 自然冰; 161002 自然冰薄板; 162003 自然冰竖薄板; 163003 自然冰斜板; 164003 自然冰竖板; 165003 自然冰薄斜板; 166003 自然冰大薄斜板; 167003 自然冰竖薄斜板; 168003 自然冰竖大薄斜板; 169002 自然冰楼梯; 170026 自然冰三棱柱; 171026 自然冰弧板; 172026 自然冰薄弧板; 173026 自然冰大薄弧板; 174026 自然冰竖薄弧板; 175026 自然冰大竖薄弧板; 176026 自然冰棱锥,贴图列+_mix
ice_packed.png,113 脆冰; 123 自然冰; 161002 自然冰薄板; 162003 自然冰竖薄板; 163003 自然冰斜板; 164003 自然冰竖板; 165003 自然冰薄斜板; 166003 自然冰大薄斜板; 167003 自然冰竖薄斜板; 168003 自然冰竖大薄斜板; 169002 自然冰楼梯; 170026 自然冰三棱柱; 171026 自然冰弧板; 172026 自然冰薄弧板; 173026 自然冰大薄弧板; 174026 自然冰竖薄弧板; 175026 自然冰大竖薄弧板; 176026 自然冰棱锥,贴图列+_packed
ice_snow_down_more.png,113 脆冰; 123 自然冰; 161002 自然冰薄板; 162003 自然冰竖薄板; 163003 自然冰斜板; 164003 自然冰竖板; 165003 自然冰薄斜板; 166003 自然冰大薄斜板; 167003 自然冰竖薄斜板; 168003 自然冰竖大薄斜板; 169002 自然冰楼梯; 170026 自然冰三棱柱; 171026 自然冰弧板; 172026 自然冰薄弧板; 173026 自然冰大薄弧板; 174026 自然冰竖薄弧板; 175026 自然冰大竖薄弧板; 176026 自然冰棱锥,贴图列+_snow
ice_snow_horizontal_halftriangle.png,113 脆冰; 123 自然冰; 161002 自然冰薄板; 162003 自然冰竖薄板; 163003 自然冰斜板; 164003 自然冰竖板; 165003 自然冰薄斜板; 166003 自然冰大薄斜板; 167003 自然冰竖薄斜板; 168003 自然冰竖大薄斜板; 169002 自然冰楼梯; 170026 自然冰三棱柱; 171026 自然冰弧板; 172026 自然冰薄弧板; 173026 自然冰大薄弧板; 174026 自然冰竖薄弧板; 175026 自然冰大竖薄弧板; 176026 自然冰棱锥,贴图列+_snow
ice_snow_side.png,113 脆冰; 123 自然冰; 161002 自然冰薄板; 162003 自然冰竖薄板; 163003 自然冰斜板; 164003 自然冰竖板; 165003 自然冰薄斜板; 166003 自然冰大薄斜板; 167003 自然冰竖薄斜板; 168003 自然冰竖大薄斜板; 169002 自然冰楼梯; 170026 自然冰三棱柱; 171026 自然冰弧板; 172026 自然冰薄弧板; 173026 自然冰大薄弧板; 174026 自然冰竖薄弧板; 175026 自然冰大竖薄弧板; 176026 自然冰棱锥,贴图列+_snow
ice_snow_top.png,113 脆冰; 123 自然冰; 161002 自然冰薄板; 162003 自然冰竖薄板; 163003 自然冰斜板; 164003 自然冰竖板; 165003 自然冰薄斜板; 166003 自然冰大薄斜板; 167003 自然冰竖薄斜板; 168003 自然冰竖大薄斜板; 169002 自然冰楼梯; 170026 自然冰三棱柱; 171026 自然冰弧板; 172026 自然冰薄弧板; 173026 自然冰大薄弧板; 174026 自然冰竖薄弧板; 175026 自然冰大竖薄弧板; 176026 自然冰棱锥,贴图列+_snow
ice_snow_top_mix.png,113 脆冰; 123 自然冰; 161002 自然冰薄板; 162003 自然冰竖薄板; 163003 自然冰斜板; 164003 自然冰竖板; 165003 自然冰薄斜板; 166003 自然冰大薄斜板; 167003 自然冰竖薄斜板; 168003 自然冰竖大薄斜板; 169002 自然冰楼梯; 170026 自然冰三棱柱; 171026 自然冰弧板; 172026 自然冰薄弧板; 173026 自然冰大薄弧板; 174026 自然冰竖薄弧板; 175026 自然冰大竖薄弧板; 176026 自然冰棱锥,贴图列+_snow
ice_snow_trapezoid_down.png,113 脆冰; 123 自然冰; 161002 自然冰薄板; 162003 自然冰竖薄板; 163003 自然冰斜板; 164003 自然冰竖板; 165003 自然冰薄斜板; 166003 自然冰大薄斜板; 167003 自然冰竖薄斜板; 168003 自然冰竖大薄斜板; 169002 自然冰楼梯; 170026 自然冰三棱柱; 171026 自然冰弧板; 172026 自然冰薄弧板; 173026 自然冰大薄弧板; 174026 自然冰竖薄弧板; 175026 自然冰大竖薄弧板; 176026 自然冰棱锥,贴图列+_snow
ice_snow_trapezoid_up.png,113 脆冰; 123 自然冰; 161002 自然冰薄板; 162003 自然冰竖薄板; 163003 自然冰斜板; 164003 自然冰竖板; 165003 自然冰薄斜板; 166003 自然冰大薄斜板; 167003 自然冰竖薄斜板; 168003 自然冰竖大薄斜板; 169002 自然冰楼梯; 170026 自然冰三棱柱; 171026 自然冰弧板; 172026 自然冰薄弧板; 173026 自然冰大薄弧板; 174026 自然冰竖薄弧板; 175026 自然冰大竖薄弧板; 176026 自然冰棱锥,贴图列+_snow
ice_snow_trapezoid_up_second.png,113 脆冰; 123 自然冰; 161002 自然冰薄板; 162003 自然冰竖薄板; 163003 自然冰斜板; 164003 自然冰竖板; 165003 自然冰薄斜板; 166003 自然冰大薄斜板; 167003 自然冰竖薄斜板; 168003 自然冰竖大薄斜板; 169002 自然冰楼梯; 170026 自然冰三棱柱; 171026 自然冰弧板; 172026 自然冰薄弧板; 173026 自然冰大薄弧板; 174026 自然冰竖薄弧板; 175026 自然冰大竖薄弧板; 176026 自然冰棱锥,贴图列+_snow
ice_snow_triangle.png,113 脆冰; 123 自然冰; 161002 自然冰薄板; 162003 自然冰竖薄板; 163003 自然冰斜板; 164003 自然冰竖板; 165003 自然冰薄斜板; 166003 自然冰大薄斜板; 167003 自然冰竖薄斜板; 168003 自然冰竖大薄斜板; 169002 自然冰楼梯; 170026 自然冰三棱柱; 171026 自然冰弧板; 172026 自然冰薄弧板; 173026 自然冰大薄弧板; 174026 自然冰竖薄弧板; 175026 自然冰大竖薄弧板; 176026 自然冰棱锥,贴图列+_snow
ice_snow_vertical_halftriangle.png,113 脆冰; 123 自然冰; 161002 自然冰薄板; 162003 自然冰竖薄板; 163003 自然冰斜板; 164003 自然冰竖板; 165003 自然冰薄斜板; 166003 自然冰大薄斜板; 167003 自然冰竖薄斜板; 168003 自然冰竖大薄斜板; 169002 自然冰楼梯; 170026 自然冰三棱柱; 171026 自然冰弧板; 172026 自然冰薄弧板; 173026 自然冰大薄弧板; 174026 自然冰竖薄弧板; 175026 自然冰大竖薄弧板; 176026 自然冰棱锥,贴图列+_snow
ice_snowman_lamp_blue.png,150026 雪人灯; 150027 雪人灯,贴图列+_blue
ice_snowman_lamp_blue_light.png,150026 雪人灯; 150027 雪人灯,贴图列+_blue
ice_snowman_lamp_emi.png,150026 雪人灯; 150027 雪人灯,贴图列+_emi
ice_snowman_lamp_green.png,150026 雪人灯; 150027 雪人灯,贴图列+_green
ice_snowman_lamp_green_light.png,150026 雪人灯; 150027 雪人灯,贴图列+_green
ice_snowman_lamp_mix.png,150026 雪人灯; 150027 雪人灯,贴图列+_mix
ice_snowman_lamp_red.png,150026 雪人灯; 150027 雪人灯,贴图列+_red
ice_snowman_lamp_red_light.png,150026 雪人灯; 150027 雪人灯,贴图列+_red
ice_table.png,150020 冰原木桌,贴图列精确
ice_table_mix.png,150020 冰原木桌,贴图列+_mix
ice_window.png,150023 冰原方木窗,贴图列精确
ice_window_mix.png,150023 冰原方木窗,贴图列+_mix
icecrystal_normal.png,,
icecrystalfern.png,150012 冰晶蕨,贴图列精确
icecrystalfern_emi.png,150012 冰晶蕨,贴图列+_emi
icecrystalfern_mix.png,150012 冰晶蕨,贴图列+_mix
icecrystalfernbud.png,150010 冰晶蕨幼苗,贴图列精确
icecrystalfernbud_mix.png,150010 冰晶蕨幼苗,贴图列+_mix
icecrystalfernseedlings.png,150011 冰晶蕨苗,贴图列精确
icecrystalfernseedlings_mix.png,150011 冰晶蕨苗,贴图列+_mix
icecrystalmushroombud.png,150007 冰晶喷菇幼苗,贴图列精确
icecrystalmushroombud_emi.png,150007 冰晶喷菇幼苗,贴图列+_emi
icecrystalmushroombud_mix.png,150007 冰晶喷菇幼苗,贴图列+_mix
icevillagetotem.png,150000 冰原部落图腾,贴图列精确
icevillagetotem_emi.png,150000 冰原部落图腾,贴图列+_emi
icevillagetotem_mix.png,150000 冰原部落图腾,贴图列+_mix
icicle.png,31 坚固冰棱; 32 脆冰棱,贴图列精确
icicle1.png,31 坚固冰棱,贴图列精确
icicle1_mix.png,31 坚固冰棱,贴图列+_mix
icicle_mix.png,31 坚固冰棱; 32 脆冰棱,贴图列+_mix
ico_ve_center.png,,
illusionmushroom.png,200253 幻觉菇,贴图列精确
illusionmushroom_emi.png,200253 幻觉菇,贴图列+_emi
illusionmushroom_mix.png,200253 幻觉菇,贴图列+_mix
incomplete_table.png,800 不完整工匠台,贴图列精确
infiniteengine.png,1088 引擎（测试）,贴图列精确
infrared.png,1168 红外感应方块,贴图列精确
infrared_bottom.png,1168 红外感应方块,贴图列+_bottom
infrared_emi.png,1168 红外感应方块,贴图列+_emi
infrared_mix.png,1168 红外感应方块,贴图列+_mix
infrared_off.png,1168 红外感应方块,贴图列+_off
infrared_off_mix.png,1168 红外感应方块,贴图列+_off
infrared_side.png,1168 红外感应方块,贴图列+_side
infrared_top.png,1168 红外感应方块,贴图列+_top
infrared_top_emi.png,1168 红外感应方块,贴图列+_top
initialborn.png,1072 公共初始集合点,贴图列精确
initialborn_mix.png,1072 公共初始集合点,贴图列+_mix
ink_bamboocurtain.png,390107 [水墨]竹帘,贴图列精确
ink_bamboocurtain_mix.png,390107 [水墨]竹帘,贴图列+_mix
ink_bl1ack.png,200234 粗制蘑古砖,贴图列精确
ink_bl1ack_mix.png,200234 粗制蘑古砖,贴图列+_mix
ink_black.png,160003 [水墨]黑墨块; 161004 [水墨]黑墨薄板; 162005 [水墨]黑墨竖薄板; 163005 [水墨]黑墨斜板; 164005 [水墨]黑墨竖板; 165005 [水墨]黑墨薄斜板; 166005 [水墨]黑墨大薄斜板; 167005 [水墨]黑墨竖薄斜板; 168005 [水墨]黑墨竖大薄斜板; 169004 [水墨]黑墨楼梯; 170028 [水墨]黑墨三棱柱; 171028 [水墨]黑墨弧板; 172028 [水墨]黑墨薄弧板; 173028 [水墨]黑墨大薄弧板; 174028 [水墨]黑墨竖薄弧板; 175028 [水墨]黑墨大竖薄弧板; 176028 [水墨]黑墨棱锥,贴图列精确
ink_blanket.png,390076 [水墨]地毯,贴图列精确
ink_blueandwhiteporcelain_bottle1.png,390097 [水墨]小型青花瓷瓶,贴图列精确
ink_blueandwhiteporcelain_bottle2.png,390098 [水墨]中小型青花瓷瓶,贴图列精确
ink_blueandwhiteporcelain_bottle3.png,390099 [水墨]中型青花瓷瓶,贴图列精确
ink_blueandwhiteporcelain_bottle4.png,390100 [水墨]中大型青花瓷瓶,贴图列精确
ink_blueandwhiteporcelain_bottle5.png,390101 [水墨]大型青花瓷瓶,贴图列精确
ink_blueandwhiteporcelain_bowl.png,390096 [水墨]青花瓷碗,贴图列精确
ink_blueandwhiteporcelain_crock.png,390102 [水墨]大型青花瓷缸,贴图列精确
ink_blueandwhiteporcelain_plate1.png,390095 [水墨]青花瓷盘子（竖）,贴图列精确
ink_blueandwhiteporcelain_plate2.png,390094 [水墨]青花瓷盘子（横）,贴图列精确
ink_blueandwhiteporcelain_teacup.png,390093 [水墨]青花瓷茶杯,贴图列精确
ink_blueandwhiteporcelain_teapot.png,390092 [水墨]青花瓷茶壶,贴图列精确
ink_bookcase.png,390083 [水墨]书柜,贴图列精确
ink_bookchair.png,390086 [水墨]书椅,贴图列精确
ink_brushholder.png,390087 [水墨]笔架,贴图列精确
ink_chesstable.png,390028 [水墨]棋盘石桌,贴图列精确
ink_chest.png,390103 [水墨]大型储物箱（横）; 390105 [水墨]大型储物箱（竖）,贴图列精确
ink_chest_matcap.png,390103 [水墨]大型储物箱（横）; 390105 [水墨]大型储物箱（竖）,贴图列+_matcap
ink_chinabathtub.png,390044 [水墨]中式浴缸,贴图列精确
ink_chinabed.png,390036 [水墨]中式床,贴图列精确
ink_chinacabinet.png,390046 [水墨]中式橱柜,贴图列精确
ink_chinaceilinglight.png,390050 [水墨]中式吊灯,贴图列精确
ink_chinaceilinglight_emi.png,390050 [水墨]中式吊灯,贴图列+_emi
ink_chinachair.png,390042 [水墨]中式椅子,贴图列精确
ink_chinacloset.png,390045 [水墨]中式衣柜,贴图列精确
ink_chinadesk.png,390038 [水墨]中式书桌,贴图列精确
ink_chinadoor2.png,390052 [水墨]中式门,贴图列精确
ink_chinaerectlight.png,390049 [水墨]中式立体灯,贴图列精确
ink_chinaerectlight_emi.png,390049 [水墨]中式立体灯,贴图列+_emi
ink_chinagroupcabinet.png,390048 [水墨]中式组合柜,贴图列精确
ink_chinahalfcabinet.png,390047 [水墨]中式半格橱柜,贴图列精确
ink_chinarail.png,390054 [水墨]中式围栏,贴图列精确
ink_chinasofa.png,390037 [水墨]中式沙发,贴图列精确
ink_chinastairs.png,390059 [水墨]中式楼梯,贴图列精确
ink_chinatoilet.png,390043 [水墨]中式马桶,贴图列精确
ink_chinawalllight.png,390051 [水墨]中式壁灯,贴图列精确
ink_chinawalllight_emi.png,390051 [水墨]中式壁灯,贴图列+_emi
ink_chinawindow2.png,390053 [水墨]中式窗,贴图列精确
ink_chinawindow2_screengrass.png,390053 [水墨]中式窗,贴图列+_screengrass
ink_corridorwindow.png,390055 [水墨]廊窗,贴图列精确
ink_curtain.png,390077 [水墨]窗帘,贴图列精确
ink_diningtable.png,390039 [水墨]中式餐桌,贴图列精确
ink_drum.png,390081 [水墨]鼓,贴图列精确
ink_drumstone.png,390066 [水墨]抱鼓石,贴图列精确
ink_grey.png,160004 [水墨]灰墨块; 161005 [水墨]灰墨薄板; 162006 [水墨]灰墨竖薄板; 163006 [水墨]灰墨斜板; 164006 [水墨]灰墨竖板; 165006 [水墨]灰墨薄斜板; 166006 [水墨]灰墨大薄斜板; 167006 [水墨]灰墨竖薄斜板; 168006 [水墨]灰墨竖大薄斜板; 169005 [水墨]灰墨楼梯; 170029 [水墨]灰墨三棱柱; 171029 [水墨]灰墨弧板; 172029 [水墨]灰墨薄弧板; 173029 [水墨]灰墨大薄弧板; 174029 [水墨]灰墨竖薄弧板; 175029 [水墨]灰墨大竖薄弧板; 176029 [水墨]灰墨棱锥,贴图列精确
ink_greybrick.png,160005 [水墨]墨灰砖块; 161006 [水墨]墨灰砖薄板; 162007 [水墨]墨灰砖竖薄板; 163007 [水墨]墨灰砖斜板; 164007 [水墨]墨灰砖竖板; 165007 [水墨]墨灰砖薄斜板; 166007 [水墨]墨灰砖大薄斜板; 167007 [水墨]墨灰砖竖薄斜板; 168007 [水墨]墨灰砖竖大薄斜板; 169006 [水墨]墨灰砖楼梯; 170030 [水墨]墨灰砖三棱柱; 171030 [水墨]墨灰砖弧板; 172030 [水墨]墨灰砖薄弧板; 173030 [水墨]墨灰砖大薄弧板; 174030 [水墨]墨灰砖竖薄弧板; 175030 [水墨]墨灰砖大竖薄弧板; 176030 [水墨]墨灰砖棱锥,贴图列精确
ink_halfcabinet.png,,
ink_jarforpicture.png,390084 [水墨]装画卷的缸,贴图列精确
ink_lamp.png,390104 [水墨]灯笼,贴图列精确
ink_lamp_emi.png,390104 [水墨]灯笼,贴图列+_emi
ink_luwei.png,390089 [水墨]芦苇,贴图列精确
ink_owlkiss.png,390072 [水墨]鸱吻,贴图列精确
ink_paperdoor.png,390108 [水墨]纸门,贴图列精确
ink_paperwindow.png,390106 [水墨]纸窗,贴图列精确
ink_pattern.png,390056 [水墨]挂落边靠; 390057 [水墨]挂落,贴图列精确
ink_picture.png,390079 [水墨]挂画,贴图列精确
ink_plaque.png,390078 [水墨]牌匾,贴图列精确
ink_plinths.png,390070 [水墨]柱台,贴图列精确
ink_stone1.png,390060 [水墨]景观石一; 390090 [水墨]油纸伞,贴图列精确
ink_stone2.png,390061 [水墨]景观石二,贴图列精确
ink_stone3.png,390062 [水墨]景观石三,贴图列精确
ink_stone4.png,390063 [水墨]景观石四,贴图列精确
ink_stone5.png,390064 [水墨]景观石五,贴图列精确
ink_stonebench.png,390029 [水墨]石凳,贴图列精确
ink_stonelamp.png,390074 [水墨]石灯,贴图列精确
ink_stonelamp2.png,390075 [水墨]石灯二,贴图列精确
ink_stonerailing.png,390031 [水墨]白石头围栏,贴图列精确
ink_teatable.png,390040 [水墨]中式茶几,贴图列精确
ink_tripod.png,390085 [水墨]高脚架二,贴图列精确
ink_vase.png,390058 [水墨]盆栽; 390065 [水墨]石狮子,贴图列精确
ink_washtable.png,390041 [水墨]中式洗手台,贴图列精确
ink_whitebrick.png,160006 [水墨]墨白砖块; 161007 [水墨]墨白砖薄板; 162008 [水墨]墨白砖竖薄板; 163008 [水墨]墨白砖斜板; 164008 [水墨]墨白砖竖板; 165008 [水墨]墨白砖薄斜板; 166008 [水墨]墨白砖大薄斜板; 167008 [水墨]墨白砖竖薄斜板; 168008 [水墨]墨白砖竖大薄斜板; 169007 [水墨]墨白砖楼梯; 170031 [水墨]墨白砖三棱柱; 171031 [水墨]墨白砖弧板; 172031 [水墨]墨白砖薄弧板; 173031 [水墨]墨白砖大薄弧板; 174031 [水墨]墨白砖竖薄弧板; 175031 [水墨]墨白砖大竖薄弧板; 176031 [水墨]墨白砖棱锥,贴图列精确
ink_window1.png,390026 [水墨]深色中式窗,贴图列精确
ink_zither.png,390082 [水墨]古筝,贴图列精确
intact_table.png,797 工匠台,贴图列精确
intact_table_emi.png,797 工匠台,贴图列+_emi
intact_table_mix.png,797 工匠台,贴图列+_mix
interstellar_cargo_terminal.png,1098 星链货运舱,贴图列精确
iron_bars.png,526 铸铁栅栏,贴图列精确
iron_bars_mix.png,526 铸铁栅栏,贴图列+_mix
iron_ore.png,,
ironcrafttable.png,833 不完整工匠台,贴图列精确
ironcrafttable_emi.png,833 不完整工匠台,贴图列+_emi
irondomecore.png,150912 铁穹核心枢纽,贴图列精确
irregular_adobe_brick.png,160013 不规则土砖,贴图列精确
irregular_adobe_brick_mix.png,160013 不规则土砖,贴图列+_mix
jacaranda_leaves.png,,
jaggedfern.png,287 无球锯齿蕨; 288 结球锯齿蕨,贴图列精确
jaggedhorasrockwall.png,291 锯齿星球岩墙,贴图列精确
jaggedhorasrockwall_mix.png,291 锯齿星球岩墙,贴图列+_mix
jaggedmossystonewall.png,290 锯齿青石墙,贴图列精确
jaggedmossystonewall_mix.png,290 锯齿青石墙,贴图列+_mix
jaggedstonewall.png,289 锯齿碎石墙,贴图列精确
jaggedstonewall_mix.png,289 锯齿碎石墙,贴图列+_mix
jar1.png,737 简易罐子; 200420 遗落的罐子; 200442 刷怪方块,贴图列精确
jar1_mix.png,737 简易罐子; 200420 遗落的罐子; 200442 刷怪方块,贴图列+_mix
jar2.png,738 陶土罐子,贴图列精确
jar2_mix.png,738 陶土罐子,贴图列+_mix
jar3.png,739 彩陶罐子; 747 物资罐; 988 补给箱,贴图列精确
jar3_mix.png,739 彩陶罐子; 747 物资罐; 988 补给箱,贴图列+_mix
jar4.png,499 虚空宝罐; 733 黑龙宝罐; 743 熔岩宝罐; 744 混乱宝罐; 1061 巨人宝罐,贴图列精确
jar5.png,1035 随机补给罐,贴图列精确
jar5_mix.png,1035 随机补给罐,贴图列+_mix
ji.png,939 春节窗花,贴图列精确
jiguang.png,,
jubaohua.png,,
jubaohua_emi.png,,
jujube tree.png,,
jujubetree.png,1524 红枣,贴图列精确
keg_float.png,1190 浮桶,贴图列精确
keg_float_mix.png,1190 浮桶,贴图列+_mix
key_door.png,373 钥匙门,贴图列精确
key_door_mix.png,373 钥匙门,贴图列+_mix
kongming_lamp.png,848 孔明灯,贴图列精确
kongming_lamp_emi.png,848 孔明灯,贴图列+_emi
kyanite_block.png,417 缠丝玛瑙块,贴图列精确
kyanite_block_mix.png,417 缠丝玛瑙块,贴图列+_mix
l_blue.png,,
l_green.png,,
l_lightblue.png,,
l_red.png,,
l_white.png,,
l_yellow.png,,
l_yellowgreen.png,,
ladder.png,813 绳索,贴图列精确
ladder2.png,813 绳索,贴图列+2
ladder_mix.png,813 绳索,贴图列+_mix
lamp1.png,898 灯笼,贴图列精确
lamp1_emi.png,898 灯笼,贴图列+_emi
lamp1_mix.png,898 灯笼,贴图列+_mix
lamp2.png,899 古典路灯,贴图列精确
lamp2_emi.png,899 古典路灯,贴图列+_emi
lamp2_mix.png,899 古典路灯,贴图列+_mix
lamp3.png,900 现代路灯,贴图列精确
lamp3_emi.png,900 现代路灯,贴图列+_emi
lamp3_mix.png,900 现代路灯,贴图列+_mix
lamp4.png,944 新春灯笼,贴图列精确
lamp4_emi.png,944 新春灯笼,贴图列+_emi
lamp4_mix.png,944 新春灯笼,贴图列+_mix
lamp5.png,945 中式宫灯,贴图列精确
lamp5_emi.png,945 中式宫灯,贴图列+_emi
lan.png,390073 [水墨]兰草,贴图列精确
larch.png,201 落叶松木,英文名
large_blue_rock.png,,
large_blue_rock_brick.png,160028 完整蘑古砖; 163017 完整蘑古砖斜板; 164016 完整蘑古砖竖板; 165016 完整蘑古砖薄斜板; 166016 完整蘑古砖大薄斜板; 167016 完整蘑古砖竖薄斜板; 168016 完整蘑古砖竖薄大斜板; 170039 完整蘑古砖三棱柱; 171039 完整蘑古砖弧板; 172039 完整蘑古砖薄弧板; 173039 完整蘑古砖大薄弧板; 174039 完整蘑古砖竖薄弧板; 175039 完整蘑古砖大竖薄弧板; 176039 完整蘑古砖棱锥,贴图列精确
large_blue_rock_brick_mix.png,160028 完整蘑古砖; 163017 完整蘑古砖斜板; 164016 完整蘑古砖竖板; 165016 完整蘑古砖薄斜板; 166016 完整蘑古砖大薄斜板; 167016 完整蘑古砖竖薄斜板; 168016 完整蘑古砖竖薄大斜板; 170039 完整蘑古砖三棱柱; 171039 完整蘑古砖弧板; 172039 完整蘑古砖薄弧板; 173039 完整蘑古砖大薄弧板; 174039 完整蘑古砖竖薄弧板; 175039 完整蘑古砖大竖薄弧板; 176039 完整蘑古砖棱锥,贴图列+_mix
large_dark_rock_brick.png,,
large_dark_rock_brick_mix.png,,
largestarshadefruit.png,200256 星影树果实,贴图列精确
largestarshadefruit_emi.png,200256 星影树果实,贴图列+_emi
largestarshadefruit_mix.png,200256 星影树果实,贴图列+_mix
lava_flow.png,6 动态岩浆,贴图列精确
lava_flow_emi.png,6 动态岩浆,贴图列+_emi
lava_still.png,5 静态岩浆,贴图列精确
lava_still_emi.png,5 静态岩浆,贴图列+_emi
lavender.png,150056 薰衣草,贴图列精确
leaf_planet_saplings.png,259 珍木树苗,贴图列精确
leafless_planet_trees.png,260 无叶珍木,贴图列精确
leafless_planet_trees_m.png,260 无叶珍木,贴图列+_m
leafless_planet_trees_m_mix.png,260 无叶珍木,贴图列+_m
leafless_planet_trees_mix.png,260 无叶珍木,贴图列+_mix
leafless_planet_trees_top.png,260 无叶珍木,贴图列+_top
leafless_planet_trees_top_mix.png,260 无叶珍木,贴图列+_top
leafy_planet_leaves.png,258 珍木树叶,贴图列精确
leafy_planet_leaves_m.png,258 珍木树叶,贴图列+_m
leafy_planet_tree_m.png,,
leafy_planet_tree_top.png,,
leafy_planet_trees.png,257 珍木; 336 粗珍木树枝; 337 细珍木树枝,贴图列精确
leafy_planet_trees_mix.png,257 珍木; 336 粗珍木树枝; 337 细珍木树枝,贴图列+_mix
leafy_planet_trees_top.png,257 珍木; 336 粗珍木树枝; 337 细珍木树枝,贴图列+_top
leafy_planet_trees_top_mix.png,257 珍木; 336 粗珍木树枝; 337 细珍木树枝,贴图列+_top
leafy_planetharvest_leaves.png,,
leafy_planetharvest_leaves_m.png,,
leaves.png,,
leaves_acacia.png,151016 金合欢树叶,贴图列精确
leaves_acacia_m.png,151016 金合欢树叶,贴图列+_m
leaves_arbor.png,395 雨林乔木树叶,贴图列精确
leaves_arbor_m.png,395 雨林乔木树叶,贴图列+_m
leaves_arborharvest.png,,
leaves_arborharvest_m.png,,
leaves_bamboo.png,252 竹叶,贴图列精确
leaves_bamboo_m.png,252 竹叶,贴图列+_m
leaves_banana.png,384 香蕉树叶,贴图列精确
leaves_banana_mix.png,384 香蕉树叶,贴图列+_mix
leaves_birch.png,220 白杨树叶,贴图列精确
leaves_birch_m.png,220 白杨树叶,贴图列+_m
leaves_birchharvest.png,,
leaves_birchharvest_m.png,,
leaves_breadtree.png,151018 猴面包树叶,贴图列精确
leaves_breadtree_m.png,151018 猴面包树叶,贴图列+_m
leaves_cathaya.png,,
leaves_cathaya_m.png,,
leaves_cathayaharvest.png,,
leaves_cathayaharvest_m.png,,
leaves_coconut_nor.png,294 巨大椰叶,贴图列精确
leaves_coconut_nor_mix.png,294 巨大椰叶,贴图列+_mix
leaves_coconut_red.png,296 异化巨大椰叶,贴图列精确
leaves_coconut_red_mix.png,296 异化巨大椰叶,贴图列+_mix
leaves_fengxiang.png,151302 枫香树叶,贴图列精确
leaves_fengxiang_m.png,151302 枫香树叶,贴图列+_m
leaves_fruittree.png,218 樱桃木树叶; 1996 不掉落的树叶,贴图列精确
leaves_fruittree_m.png,218 樱桃木树叶; 1996 不掉落的树叶,贴图列+_m
leaves_fruittreeharvest.png,,
leaves_fruittreeharvest_m.png,,
leaves_lanhuaying.png,151303 蓝花楹树叶,贴图列精确
leaves_lanhuaying_m.png,151303 蓝花楹树叶,贴图列+_m
leaves_larch_green.png,219 落叶松树叶,贴图列+_green
leaves_larch_green_m.png,219 落叶松树叶,贴图列+_green
leaves_larch_white.png,219 落叶松树叶,贴图列+_white
leaves_larch_white_m.png,219 落叶松树叶,贴图列+_white
leaves_peachblossom.png,255 桃花树叶,贴图列精确
leaves_peachblossom_m.png,255 桃花树叶,贴图列+_m
leaves_peachharvest.png,,
leaves_peachharvest_m.png,,
leaves_phoebe.png,222 楠木树叶,贴图列精确
leaves_phoebe_m.png,222 楠木树叶,贴图列+_m
leaves_populus.png,480 胡杨叶; 1717 胡杨树叶,贴图列精确
leaves_populus_m.png,480 胡杨叶; 1717 胡杨树叶,贴图列+_m
leaves_populus_red.png,480 胡杨叶; 1717 胡杨树叶,贴图列+_red
leaves_populus_red_m.png,480 胡杨叶; 1717 胡杨树叶,贴图列+_red
leaves_populus_yellow.png,480 胡杨叶; 1717 胡杨树叶,贴图列+_yellow
leaves_populus_yellow_m.png,480 胡杨叶; 1717 胡杨树叶,贴图列+_yellow
leaves_qiuhuyang.png,151304 秋胡杨树叶,贴图列精确
leaves_qiuhuyang_m.png,151304 秋胡杨树叶,贴图列+_m
leaves_redwood.png,221 红杉树叶,贴图列精确
leaves_redwood_m.png,221 红杉树叶,贴图列+_m
leaves_redwoodharvest.png,,
leaves_redwoodharvest_m.png,,
leaves_sacredtree.png,592 神圣树叶,贴图列精确
leaves_sacredtree_emi.png,592 神圣树叶,贴图列+_emi
leaves_sacredtree_m.png,592 神圣树叶,贴图列+_m
leaves_sacredtree_m_emi.png,592 神圣树叶,贴图列+_m
leaves_starlightarbor.png,394 星光粉尘树叶,贴图列精确
leaves_starlightarbor_emi.png,394 星光粉尘树叶,贴图列+_emi
leaves_starlightarbor_m.png,394 星光粉尘树叶,贴图列+_m
leaves_starlightarbor_m_emi.png,394 星光粉尘树叶,贴图列+_m
leaves_starshadetree.png,151305 星影树叶,贴图列精确
leaves_starshadetree_emi.png,151305 星影树叶,贴图列+_emi
leaves_starshadetree_m.png,151305 星影树叶,贴图列+_m
leaves_starshadetree_m_emi.png,151305 星影树叶,贴图列+_m
leaves_startree.png,766 星辉古树叶,贴图列精确
leaves_startree2.png,768 星辉古树柳叶,贴图列精确
leaves_startree2_emi.png,768 星辉古树柳叶,贴图列+_emi
leaves_startree2_m.png,768 星辉古树柳叶,贴图列+_m
leaves_startree_m.png,766 星辉古树叶,贴图列+_m
leaves_voidtree.png,200391 虚空果木树叶,贴图列精确
leaves_voidtree_emi.png,200391 虚空果木树叶,贴图列+_emi
leaves_voidtree_m.png,200391 虚空果木树叶,贴图列+_m
leaves_voidtree_m_emi.png,200391 虚空果木树叶,贴图列+_m
leaves_walnut.png,223 核桃树叶,贴图列精确
leaves_walnut_m.png,223 核桃树叶,贴图列+_m
leaves_walnutharvest.png,,
leaves_walnutharvest_m.png,,
leaves_yinxing.png,151301 银杏树叶,贴图列精确
leaves_yinxing_m.png,151301 银杏树叶,贴图列+_m
lettuce.png,1513 生菜,贴图列精确
light_induction_mix.png,1169 光照感应器,贴图列+_mix
light_induction_off.png,1169 光照感应器,贴图列精确
light_induction_on.png,1169 光照感应器,贴图列+_on
light_induction_on_emi.png,1169 光照感应器,贴图列+_on
lightfuzzgrass.png,235 光须茸草,贴图列精确
lightfuzzgrass_emi.png,235 光须茸草,贴图列+_emi
lighticecrystalmushroom.png,150009 有光冰晶喷菇,贴图列精确
lighticecrystalmushroom_emi.png,150009 有光冰晶喷菇,贴图列+_emi
lighticecrystalmushroom_mix.png,150009 有光冰晶喷菇,贴图列+_mix
lightyellowglowmushroomblock.png,201768 淡黄色发光菇块,贴图列精确
lightyellowglowmushroomblock_emi.png,201768 淡黄色发光菇块,贴图列+_emi
lightyellowglowmushroomblock_mix.png,201768 淡黄色发光菇块,贴图列+_mix
liquid_populus.png,482 胡杨泪方块,贴图列精确
lithium1.png,176 锂矿,贴图列精确
lithium1_emi.png,176 锂矿,贴图列+_emi
lithium1_proto.png,176 锂矿,贴图列+_proto
lithium1_proto_emi.png,176 锂矿,贴图列+_proto
lithium_block.png,179 锂块,贴图列精确
lithium_x.png,176 锂矿,贴图列+_x
lithium_y.png,176 锂矿,贴图列+_y
lithium_z.png,176 锂矿,贴图列+_z
lockbox1.png,845 保险箱,贴图列精确
lockbox2.png,846 超级保险箱,贴图列精确
lockbox3.png,,
locked_woodenbox.png,200370 木箱,贴图列精确
locked_woodenbox_matcap.png,200370 木箱,贴图列+_matcap
locked_woodenbox_mix.png,200370 木箱,贴图列+_mix
log_acacia_m.png,151017 金合欢树干,贴图列+_m
log_acacia_m_mix.png,151017 金合欢树干,贴图列+_m
log_acacia_top.png,151017 金合欢树干,贴图列+_top
log_acacia_top_mix.png,151017 金合欢树干,贴图列+_top
log_acacia_trees.png,151012 粗金合欢树树枝; 151013 细金合欢树树枝; 163013 金合欢树原木,贴图列精确
log_acacia_trees_mix.png,151012 粗金合欢树树枝; 151013 细金合欢树树枝; 163013 金合欢树原木,贴图列+_mix
log_arbor.png,579 雨林乔木,贴图列精确
log_arbor_m.png,579 雨林乔木,贴图列+_m
log_arbor_m_mix.png,579 雨林乔木,贴图列+_m
log_arbor_mix.png,579 雨林乔木,贴图列+_mix
log_arbor_top.png,579 雨林乔木,贴图列+_top
log_arbor_top_mix.png,579 雨林乔木,贴图列+_top
log_banana.png,386 香蕉树干,贴图列精确
log_banana_mix.png,386 香蕉树干,贴图列+_mix
log_birch.png,202 白杨木; 342 粗白杨木树枝; 343 细白杨木树枝; 344 玉米粉,贴图列精确
log_birch_m.png,202 白杨木; 342 粗白杨木树枝; 343 细白杨木树枝; 344 玉米粉,贴图列+_m
log_birch_m_mix.png,202 白杨木; 342 粗白杨木树枝; 343 细白杨木树枝; 344 玉米粉,贴图列+_m
log_birch_mix.png,202 白杨木; 342 粗白杨木树枝; 343 细白杨木树枝; 344 玉米粉,贴图列+_mix
log_birch_top.png,202 白杨木; 342 粗白杨木树枝; 343 细白杨木树枝; 344 玉米粉,贴图列+_top
log_birch_top_mix.png,202 白杨木; 342 粗白杨木树枝; 343 细白杨木树枝; 344 玉米粉,贴图列+_top
log_breadtree_m.png,151019 猴面包树干,贴图列+_m
log_breadtree_m_mix.png,151019 猴面包树干,贴图列+_m
log_breadtree_top.png,151019 猴面包树干,贴图列+_top
log_breadtree_top_mix.png,151019 猴面包树干,贴图列+_top
log_breadtree_trees.png,151019 猴面包树干,贴图列+_trees
log_breadtree_trees_mix.png,151019 猴面包树干,贴图列+_trees
log_cathaya.png,201 落叶松木; 334 粗落叶松树枝; 335 细落叶松树枝; 150047 粗落叶松树枝; 150048 细落叶松树枝,贴图列精确
log_cathaya_m.png,201 落叶松木; 334 粗落叶松树枝; 335 细落叶松树枝; 150047 粗落叶松树枝; 150048 细落叶松树枝,贴图列+_m
log_cathaya_m_mix.png,201 落叶松木; 334 粗落叶松树枝; 335 细落叶松树枝; 150047 粗落叶松树枝; 150048 细落叶松树枝,贴图列+_m
log_cathaya_mix.png,201 落叶松木; 334 粗落叶松树枝; 335 细落叶松树枝; 150047 粗落叶松树枝; 150048 细落叶松树枝,贴图列+_mix
log_cathaya_top.png,201 落叶松木; 334 粗落叶松树枝; 335 细落叶松树枝; 150047 粗落叶松树枝; 150048 细落叶松树枝,贴图列+_top
log_cathaya_top_mix.png,201 落叶松木; 334 粗落叶松树枝; 335 细落叶松树枝; 150047 粗落叶松树枝; 150048 细落叶松树枝,贴图列+_top
log_coconut.png,1266 椰树原木,贴图列精确
log_coconut_m.png,1266 椰树原木,贴图列+_m
log_coconut_m_mix.png,1266 椰树原木,贴图列+_m
log_coconut_mix.png,1266 椰树原木,贴图列+_mix
log_coconut_snow_side.png,1266 椰树原木,贴图列+_snow
log_coconut_snow_triangle.png,1266 椰树原木,贴图列+_snow
log_deadstarshadetree.png,151406 白化星影树干,贴图列精确
log_deadstarshadetree_top.png,151406 白化星影树干,贴图列+_top
log_evilstarshadetree.png,151405 昏暗星影树干; 151505 昏暗星影粗树枝; 151605 昏暗星影细树枝,贴图列精确
log_evilstarshadetree_m.png,151405 昏暗星影树干; 151505 昏暗星影粗树枝; 151605 昏暗星影细树枝,贴图列+_m
log_evilstarshadetree_top.png,151405 昏暗星影树干; 151505 昏暗星影粗树枝; 151605 昏暗星影细树枝,贴图列+_top
log_fengxiangshu.png,151402 枫香树干; 151502 粗枫香树树枝; 151602 细枫香树树枝,贴图列精确
log_fengxiangshu_m.png,151402 枫香树干; 151502 粗枫香树树枝; 151602 细枫香树树枝,贴图列+_m
log_fengxiangshu_m_mix.png,151402 枫香树干; 151502 粗枫香树树枝; 151602 细枫香树树枝,贴图列+_m
log_fengxiangshu_mix.png,151402 枫香树干; 151502 粗枫香树树枝; 151602 细枫香树树枝,贴图列+_mix
log_fengxiangshu_top.png,151402 枫香树干; 151502 粗枫香树树枝; 151602 细枫香树树枝,贴图列+_top
log_fengxiangshu_top_mix.png,151402 枫香树干; 151502 粗枫香树树枝; 151602 细枫香树树枝,贴图列+_top
log_fruittree.png,200 樱桃木; 332 粗樱桃木树枝; 333 细樱桃木树枝; 151014 粗猴面包树树枝; 151015 细猴面包树树枝,贴图列精确
log_fruittree_m.png,200 樱桃木; 332 粗樱桃木树枝; 333 细樱桃木树枝; 151014 粗猴面包树树枝; 151015 细猴面包树树枝,贴图列+_m
log_fruittree_m_mix.png,200 樱桃木; 332 粗樱桃木树枝; 333 细樱桃木树枝; 151014 粗猴面包树树枝; 151015 细猴面包树树枝,贴图列+_m
log_fruittree_mix.png,200 樱桃木; 332 粗樱桃木树枝; 333 细樱桃木树枝; 151014 粗猴面包树树枝; 151015 细猴面包树树枝,贴图列+_mix
log_fruittree_top.png,200 樱桃木; 332 粗樱桃木树枝; 333 细樱桃木树枝; 151014 粗猴面包树树枝; 151015 细猴面包树树枝,贴图列+_top
log_fruittree_top_mix.png,200 樱桃木; 332 粗樱桃木树枝; 333 细樱桃木树枝; 151014 粗猴面包树树枝; 151015 细猴面包树树枝,贴图列+_top
log_giantmushroom.png,201901 巨大荧菇柄,贴图列精确
log_giantmushroom_emi.png,201901 巨大荧菇柄,贴图列+_emi
log_giantmushroom_mix.png,201901 巨大荧菇柄,贴图列+_mix
log_giantmushroom_top.png,201901 巨大荧菇柄,贴图列+_top
log_giantmushroom_top_emi.png,201901 巨大荧菇柄,贴图列+_top
log_giantmushroom_top_mix.png,201901 巨大荧菇柄,贴图列+_top
log_lanhuaying.png,151403 蓝花楹树干; 151503 粗蓝花楹树枝; 151603 细蓝花楹树枝,贴图列精确
log_lanhuaying_m.png,151403 蓝花楹树干; 151503 粗蓝花楹树枝; 151603 细蓝花楹树枝,贴图列+_m
log_lanhuaying_m_mix.png,151403 蓝花楹树干; 151503 粗蓝花楹树枝; 151603 细蓝花楹树枝,贴图列+_m
log_lanhuaying_mix.png,151403 蓝花楹树干; 151503 粗蓝花楹树枝; 151603 细蓝花楹树枝,贴图列+_mix
log_lanhuaying_top.png,151403 蓝花楹树干; 151503 粗蓝花楹树枝; 151603 细蓝花楹树枝,贴图列+_top
log_lanhuaying_top_mix.png,151403 蓝花楹树干; 151503 粗蓝花楹树枝; 151603 细蓝花楹树枝,贴图列+_top
log_marrowarbor.png,396 雨林之芯乔木,贴图列精确
log_marrowarbor_emi.png,396 雨林之芯乔木,贴图列+_emi
log_marrowarbor_m.png,396 雨林之芯乔木,贴图列+_m
log_marrowarbor_mix.png,396 雨林之芯乔木,贴图列+_mix
log_marrowarbor_top.png,396 雨林之芯乔木,贴图列+_top
log_peachblossom.png,254 桃花木; 340 粗桃花树树枝; 341 细桃花树树枝,贴图列精确
log_peachblossom_m.png,254 桃花木; 340 粗桃花树树枝; 341 细桃花树树枝,贴图列+_m
log_peachblossom_m_mix.png,254 桃花木; 340 粗桃花树树枝; 341 细桃花树树枝,贴图列+_m
log_peachblossom_mix.png,254 桃花木; 340 粗桃花树树枝; 341 细桃花树树枝,贴图列+_mix
log_peachblossom_top.png,254 桃花木; 340 粗桃花树树枝; 341 细桃花树树枝,贴图列+_top
log_peachblossom_top_mix.png,254 桃花木; 340 粗桃花树树枝; 341 细桃花树树枝,贴图列+_top
log_phoebe.png,204 楠木,贴图列精确
log_phoebe_m.png,204 楠木,贴图列+_m
log_phoebe_top.png,204 楠木,贴图列+_top
log_populus.png,477 胡杨原木; 478 粗胡杨树枝; 479 细胡杨树枝; 1715 胡杨木,贴图列精确
log_populus_dead.png,477 胡杨原木; 478 粗胡杨树枝; 479 细胡杨树枝; 1715 胡杨木,贴图列+_dead
log_populus_dead_mix.png,477 胡杨原木; 478 粗胡杨树枝; 479 细胡杨树枝; 1715 胡杨木,贴图列+_dead
log_populus_m.png,477 胡杨原木; 478 粗胡杨树枝; 479 细胡杨树枝; 1715 胡杨木,贴图列+_m
log_populus_m_mix.png,477 胡杨原木; 478 粗胡杨树枝; 479 细胡杨树枝; 1715 胡杨木,贴图列+_m
log_populus_mix.png,477 胡杨原木; 478 粗胡杨树枝; 479 细胡杨树枝; 1715 胡杨木,贴图列+_mix
log_populus_top.png,477 胡杨原木; 478 粗胡杨树枝; 479 细胡杨树枝; 1715 胡杨木,贴图列+_top
log_populus_top_dead.png,477 胡杨原木; 478 粗胡杨树枝; 479 细胡杨树枝; 1715 胡杨木,贴图列+_top
log_populus_top_dead_mix.png,477 胡杨原木; 478 粗胡杨树枝; 479 细胡杨树枝; 1715 胡杨木,贴图列+_top
log_populus_top_mix.png,477 胡杨原木; 478 粗胡杨树枝; 479 细胡杨树枝; 1715 胡杨木,贴图列+_top
log_qiuhuyang.png,151404 秋胡杨树干; 151504 粗秋胡杨树枝; 151604 细秋胡杨树枝,贴图列精确
log_qiuhuyang_m.png,151404 秋胡杨树干; 151504 粗秋胡杨树枝; 151604 细秋胡杨树枝,贴图列+_m
log_qiuhuyang_m_mix.png,151404 秋胡杨树干; 151504 粗秋胡杨树枝; 151604 细秋胡杨树枝,贴图列+_m
log_qiuhuyang_mix.png,151404 秋胡杨树干; 151504 粗秋胡杨树枝; 151604 细秋胡杨树枝,贴图列+_mix
log_qiuhuyang_top.png,151404 秋胡杨树干; 151504 粗秋胡杨树枝; 151604 细秋胡杨树枝,贴图列+_top
log_qiuhuyang_top_mix.png,151404 秋胡杨树干; 151504 粗秋胡杨树枝; 151604 细秋胡杨树枝,贴图列+_top
log_redwood.png,203 红杉木; 349 粗红杉木树枝; 350 细红杉木树枝,贴图列精确
log_redwood_m.png,203 红杉木; 349 粗红杉木树枝; 350 细红杉木树枝,贴图列+_m
log_redwood_m_mix.png,203 红杉木; 349 粗红杉木树枝; 350 细红杉木树枝,贴图列+_m
log_redwood_mix.png,203 红杉木; 349 粗红杉木树枝; 350 细红杉木树枝,贴图列+_mix
log_redwood_top.png,203 红杉木; 349 粗红杉木树枝; 350 细红杉木树枝,贴图列+_top
log_redwood_top_mix.png,203 红杉木; 349 粗红杉木树枝; 350 细红杉木树枝,贴图列+_top
log_sacredtree.png,590 神圣树干,贴图列精确
log_sacredtree_emi.png,590 神圣树干,贴图列+_emi
log_sacredtree_m.png,590 神圣树干,贴图列+_m
log_sacredtree_m_emi.png,590 神圣树干,贴图列+_m
log_sacredtree_m_mix.png,590 神圣树干,贴图列+_m
log_sacredtree_mix.png,590 神圣树干,贴图列+_mix
log_sacredtree_top.png,590 神圣树干,贴图列+_top
log_sacredtree_top_emi.png,590 神圣树干,贴图列+_top
log_sacredtree_top_mix.png,590 神圣树干,贴图列+_top
log_starshadetree.png,151407 星影树干,贴图列精确
log_starshadetree_top.png,151407 星影树干,贴图列+_top
log_startree.png,767 星辉古树干,贴图列精确
log_startree_top.png,767 星辉古树干,贴图列+_top
log_voidtree.png,200390 虚空果木; 200392 细虚空果木树枝; 200410 粗虚空果木树枝,贴图列精确
log_voidtree_emi.png,200390 虚空果木; 200392 细虚空果木树枝; 200410 粗虚空果木树枝,贴图列+_emi
log_voidtree_m.png,200390 虚空果木; 200392 细虚空果木树枝; 200410 粗虚空果木树枝,贴图列+_m
log_voidtree_m_emi.png,200390 虚空果木; 200392 细虚空果木树枝; 200410 粗虚空果木树枝,贴图列+_m
log_voidtree_m_mix.png,200390 虚空果木; 200392 细虚空果木树枝; 200410 粗虚空果木树枝,贴图列+_m
log_voidtree_mix.png,200390 虚空果木; 200392 细虚空果木树枝; 200410 粗虚空果木树枝,贴图列+_mix
log_voidtree_top.png,200390 虚空果木; 200392 细虚空果木树枝; 200410 粗虚空果木树枝,贴图列+_top
log_voidtree_top_emi.png,200390 虚空果木; 200392 细虚空果木树枝; 200410 粗虚空果木树枝,贴图列+_top
log_voidtree_top_mix.png,200390 虚空果木; 200392 细虚空果木树枝; 200410 粗虚空果木树枝,贴图列+_top
log_walnut.png,205 核桃木; 338 粗核桃树树枝; 339 细核桃树树枝,贴图列精确
log_walnut_m.png,205 核桃木; 338 粗核桃树树枝; 339 细核桃树树枝,贴图列+_m
log_walnut_m_mix.png,205 核桃木; 338 粗核桃树树枝; 339 细核桃树树枝,贴图列+_m
log_walnut_mix.png,205 核桃木; 338 粗核桃树树枝; 339 细核桃树树枝,贴图列+_mix
log_walnut_top.png,205 核桃木; 338 粗核桃树树枝; 339 细核桃树树枝,贴图列+_top
log_walnut_top_mix.png,205 核桃木; 338 粗核桃树树枝; 339 细核桃树树枝,贴图列+_top
log_yinxing.png,151401 银杏树干; 151501 粗银杏树树枝; 151601 细银杏树树枝,贴图列精确
log_yinxing_m.png,151401 银杏树干; 151501 粗银杏树树枝; 151601 细银杏树树枝,贴图列+_m
log_yinxing_m_mix.png,151401 银杏树干; 151501 粗银杏树树枝; 151601 细银杏树树枝,贴图列+_m
log_yinxing_mix.png,151401 银杏树干; 151501 粗银杏树树枝; 151601 细银杏树树枝,贴图列+_mix
log_yinxing_top.png,151401 银杏树干; 151501 粗银杏树树枝; 151601 细银杏树树枝,贴图列+_top
log_yinxing_top_mix.png,151401 银杏树干; 151501 粗银杏树树枝; 151601 细银杏树树枝,贴图列+_top
lotus.png,250 荷花,贴图列精确
lotus_emi.png,250 荷花,贴图列+_emi
lotus_hui.png,390025 [水墨]荷花,贴图列精确
lotus_hui_1.png,390091 [水墨]荷花,贴图列精确
lotus_leaf.png,150066 荷叶,贴图列精确
lotus_mix.png,250 荷花,贴图列+_mix
lu.png,941 春节窗花-禄,贴图列精确
lucuma.png,1530 蛋黄果,贴图列精确
luminous_mushroom.png,200254 荧菇,贴图列精确
luminous_mushroom_cluster.png,201909 荧菇丛,贴图列精确
luminous_mushroom_cluster_emi.png,201909 荧菇丛,贴图列+_emi
luminous_mushroom_cluster_mix.png,201909 荧菇丛,贴图列+_mix
luminous_mushroom_emi.png,200254 荧菇,贴图列+_emi
luminous_mushroom_mix.png,200254 荧菇,贴图列+_mix
luoyesonggs.png,325 落叶松木果实,贴图列精确
luoyesonggs_mix.png,325 落叶松木果实,贴图列+_mix
mach_accessdevice_co.png,150742 铜存取器,贴图列精确
mach_accessdevice_co_emi.png,150742 铜存取器,贴图列+_emi
mach_accessdevice_co_mix.png,150742 铜存取器,贴图列+_mix
mach_accessdevice_ir.png,150742 铜存取器; 150743 铝存取器,贴图列精确
mach_accessdevice_ir_emi.png,150742 铜存取器; 150743 铝存取器,贴图列+_emi
mach_accessdevice_ir_mix.png,150742 铜存取器; 150743 铝存取器,贴图列+_mix
mach_chain_al.png,150762 铝制链条,贴图列精确
mach_chain_al_mix.png,150762 铝制链条,贴图列+_mix
mach_chain_co.png,150760 铜制链条,贴图列精确
mach_chain_ir.png,150761 铁制链条,贴图列精确
mach_chain_ir_mix.png,150761 铁制链条,贴图列+_mix
mach_clutch_ir.png,150722 铁制离合器,贴图列精确
mach_clutch_ir_mix.png,150722 铁制离合器,贴图列+_mix
mach_clutch_ti.png,150723 钛制离合器,贴图列精确
mach_clutch_ti_mix.png,150723 钛制离合器,贴图列+_mix
mach_combustionengine.png,150739 内燃引擎,贴图列精确
mach_combustionengine_emi.png,150739 内燃引擎,贴图列+_emi
mach_combustionengine_mix.png,150739 内燃引擎,贴图列+_mix
mach_commutator_ir.png,150726 铁制换向器,贴图列精确
mach_commutator_ir_mix.png,150726 铁制换向器,贴图列+_mix
mach_commutator_ti.png,150727 钛制换向器,贴图列精确
mach_commutator_ti_mix.png,150727 钛制换向器,贴图列+_mix
mach_derailleur_ir.png,150724 铁制变速器,贴图列精确
mach_derailleur_ir_mix.png,150724 铁制变速器,贴图列+_mix
mach_derailleur_ti.png,150725 钛制变速器,贴图列精确
mach_derailleur_ti_mix.png,150725 钛制变速器,贴图列+_mix
mach_gear_corner_al.png,150759 铝制转角齿轮,贴图列精确
mach_gear_corner_base.png,150756 基础转角齿轮,贴图列精确
mach_gear_corner_base_mix.png,150756 基础转角齿轮,贴图列+_mix
mach_gear_corner_co.png,150757 铜制转角齿轮,贴图列精确
mach_gear_corner_ir.png,150758 铁制转角齿轮,贴图列精确
mach_gear_corner_ir_mix.png,150758 铁制转角齿轮,贴图列+_mix
mach_gear_l_al.png,150718 铝制大齿轮,贴图列精确
mach_gear_l_base.png,150709 基础大齿轮,贴图列精确
mach_gear_l_base_mix.png,150709 基础大齿轮,贴图列+_mix
mach_gear_l_co.png,150710 铜制大齿轮,贴图列精确
mach_gear_l_ir.png,150711 铁制大齿轮,贴图列精确
mach_gear_l_ir_mix.png,150711 铁制大齿轮,贴图列+_mix
mach_gear_s_al.png,150708 铝制小齿轮,贴图列精确
mach_gear_s_base.png,150705 基础小齿轮,贴图列精确
mach_gear_s_base_mix.png,150705 基础小齿轮,贴图列+_mix
mach_gear_s_co.png,150706 铜制小齿轮,贴图列精确
mach_gear_s_ir.png,150707 铁制小齿轮,贴图列精确
mach_gear_s_ir_mix.png,150707 铁制小齿轮,贴图列+_mix
mach_handwheel.png,150730 手轮阀门; 150731 强化手轮阀门,贴图列精确
mach_handwheel_mix.png,150730 手轮阀门; 150731 强化手轮阀门,贴图列+_mix
mach_handwheel_s.png,150731 强化手轮阀门,贴图列精确
mach_infiniteenergy.png,150766 无限动力箱,贴图列精确
mach_infiniteenergy_mix.png,150766 无限动力箱,贴图列+_mix
mach_livinglwheel.png,150732 简易动物轮,贴图列精确
mach_livinglwheel_s.png,150733 动物轮,贴图列精确
mach_livinglwheel_s_mix.png,150733 动物轮,贴图列+_mix
mach_shaft_al.png,150704 铝制传动轴,贴图列精确
mach_shaft_base.png,150701 基础传动轴,贴图列精确
mach_shaft_base_mix.png,150701 基础传动轴,贴图列+_mix
mach_shaft_co.png,150702 铜制传动轴,贴图列精确
mach_shaft_ir.png,150703 铁制传动轴,贴图列精确
mach_shaft_ir_mix.png,150703 铁制传动轴,贴图列+_mix
mach_splitter.png,150741 物品分流器,贴图列精确
mach_splitter_emi.png,150741 物品分流器,贴图列+_emi
mach_splitter_mix.png,150741 物品分流器,贴图列+_mix
mach_splitter_off.png,150741 物品分流器,贴图列+_off
mach_steamengine.png,150738 蒸汽引擎,贴图列精确
mach_steamengine_emi.png,150738 蒸汽引擎,贴图列+_emi
mach_steamengine_mix.png,150738 蒸汽引擎,贴图列+_mix
mach_transfercase_ir.png,150728 铁制分动箱,贴图列精确
mach_transfercase_ir_mix.png,150728 铁制分动箱,贴图列+_mix
mach_transfercase_ti.png,150729 钛制分动箱,贴图列精确
mach_transfercase_ti_mix.png,150729 钛制分动箱,贴图列+_mix
mach_windmill_l.png,150735 大风车; 150737 破损大风车,贴图列精确
mach_windmill_l1.png,150737 破损大风车,贴图列精确
mach_windmill_l1_mix.png,150737 破损大风车,贴图列+_mix
mach_windmill_l_mix.png,150735 大风车; 150737 破损大风车,贴图列+_mix
mach_windmill_s.png,150734 小风车; 150736 破损小风车,贴图列精确
mach_windmill_s1.png,150736 破损小风车,贴图列精确
mach_windmill_s1_mix.png,150736 破损小风车,贴图列+_mix
mach_windmill_s_mix.png,150734 小风车; 150736 破损小风车,贴图列+_mix
machine_arm.png,367 机械臂; 368 推拉机械臂,贴图列精确
machine_arm_mix.png,367 机械臂; 368 推拉机械臂,贴图列+_mix
machine_arm_on.png,1196 机械臂II; 1197 推拉机械臂II; 1198 机械臂部件,贴图列精确
machine_arm_on_emi.png,1196 机械臂II; 1197 推拉机械臂II; 1198 机械臂部件,贴图列+_emi
machine_arm_on_mix.png,1196 机械臂II; 1197 推拉机械臂II; 1198 机械臂部件,贴图列+_mix
magic-kyanite_block.png,200244 多格魔古砖,贴图列精确
magic-kyanite_block_emi.png,200244 多格魔古砖,贴图列+_emi
magic-kyanite_block_mix.png,200244 多格魔古砖,贴图列+_mix
magic-mithsilver_block.png,150088 不可破坏方块; 160029 完整魔古砖; 163018 完整魔古砖斜板; 164017 完整魔古砖竖板; 165017 完整魔古砖薄斜板; 166017 完整魔古砖大薄斜板; 167017 完整魔古砖竖薄斜板; 168017 完整魔古砖竖薄大斜板; 170040 完整魔古砖三棱柱; 171040 完整魔古砖弧板; 172040 完整魔古砖薄弧板; 173040 完整魔古砖大薄弧板; 174040 完整魔古砖竖薄弧板; 175040 完整魔古砖大竖薄弧板; 176040 完整魔古砖棱锥,贴图列精确
magic-mithsilver_block_emi.png,150088 不可破坏方块; 160029 完整魔古砖; 163018 完整魔古砖斜板; 164017 完整魔古砖竖板; 165017 完整魔古砖薄斜板; 166017 完整魔古砖大薄斜板; 167017 完整魔古砖竖薄斜板; 168017 完整魔古砖竖薄大斜板; 170040 完整魔古砖三棱柱; 171040 完整魔古砖弧板; 172040 完整魔古砖薄弧板; 173040 完整魔古砖大薄弧板; 174040 完整魔古砖竖薄弧板; 175040 完整魔古砖大竖薄弧板; 176040 完整魔古砖棱锥,贴图列+_emi
magic-mithsilver_block_mix.png,150088 不可破坏方块; 160029 完整魔古砖; 163018 完整魔古砖斜板; 164017 完整魔古砖竖板; 165017 完整魔古砖薄斜板; 166017 完整魔古砖大薄斜板; 167017 完整魔古砖竖薄斜板; 168017 完整魔古砖竖薄大斜板; 170040 完整魔古砖三棱柱; 171040 完整魔古砖弧板; 172040 完整魔古砖薄弧板; 173040 完整魔古砖大薄弧板; 174040 完整魔古砖竖薄弧板; 175040 完整魔古砖大竖薄弧板; 176040 完整魔古砖棱锥,贴图列+_mix
magic-planetstonebrick.png,200245 四格魔古砖,贴图列精确
magic-planetstonebrick_emi.png,200245 四格魔古砖,贴图列+_emi
magic-planetstonebrick_mix.png,200245 四格魔古砖,贴图列+_mix
magical1_wall_side.png,,
magical1_wall_top.png,,
magical_brick_side.png,,
magical_brick_top.png,,
magical_cabinet.png,,
magical_ceiling_light.png,,
magical_chair.png,,
magical_desk.png,,
magical_door.png,,
magical_erect_light.png,,
magical_group_cabinet.png,,
magical_half_brick_side.png,,
magical_half_brick_top.png,,
magical_half_cabinet.png,,
magical_rail.png,,
magical_screen.png,,
magical_stairs.png,,
magical_tea_table.png,,
magical_toilet.png,,
magical_wall_light.png,,
magical_wall_side.png,,
magical_wall_top.png,,
magical_window.png,,
magical_window_screengrass.png,,
malachite_block.png,409 琥珀块,贴图列精确
malachite_block_mix.png,409 琥珀块,贴图列+_mix
male_emi.png,,
male_off.png,,
male_on.png,,
manao1.png,403 缠丝玛瑙原石,贴图列精确
manao1_emi.png,403 缠丝玛瑙原石,贴图列+_emi
manao1_proto.png,403 缠丝玛瑙原石,贴图列+_proto
manao1_proto_emi.png,403 缠丝玛瑙原石,贴图列+_proto
manao_x.png,403 缠丝玛瑙原石,贴图列+_x
manao_y.png,403 缠丝玛瑙原石,贴图列+_y
manao_z.png,403 缠丝玛瑙原石,贴图列+_z
manganese_block.png,173 锰块竖薄板; 348 锰块; 542 锰块薄板; 1265 锰块斜板; 1309 锰块薄斜板; 1310 锰块大薄斜板; 1353 锰块竖薄斜板; 1354 锰块竖大薄斜板; 1376 锰块竖板; 170022 锰块三棱柱; 171022 锰块弧板; 172022 锰块薄弧板; 173022 锰块大薄弧板; 174022 锰块竖薄弧板; 175022 锰块大竖薄弧板; 176022 锰块棱锥,贴图列精确
manganese_block_matcap.png,173 锰块竖薄板; 348 锰块; 542 锰块薄板; 1265 锰块斜板; 1309 锰块薄斜板; 1310 锰块大薄斜板; 1353 锰块竖薄斜板; 1354 锰块竖大薄斜板; 1376 锰块竖板; 170022 锰块三棱柱; 171022 锰块弧板; 172022 锰块薄弧板; 173022 锰块大薄弧板; 174022 锰块竖薄弧板; 175022 锰块大竖薄弧板; 176022 锰块棱锥,贴图列+_matcap
manganese_block_mix.png,173 锰块竖薄板; 348 锰块; 542 锰块薄板; 1265 锰块斜板; 1309 锰块薄斜板; 1310 锰块大薄斜板; 1353 锰块竖薄斜板; 1354 锰块竖大薄斜板; 1376 锰块竖板; 170022 锰块三棱柱; 171022 锰块弧板; 172022 锰块薄弧板; 173022 锰块大薄弧板; 174022 锰块竖薄弧板; 175022 锰块大竖薄弧板; 176022 锰块棱锥,贴图列+_mix
manganese_block_snow_down_more.png,173 锰块竖薄板; 348 锰块; 542 锰块薄板; 1265 锰块斜板; 1309 锰块薄斜板; 1310 锰块大薄斜板; 1353 锰块竖薄斜板; 1354 锰块竖大薄斜板; 1376 锰块竖板; 170022 锰块三棱柱; 171022 锰块弧板; 172022 锰块薄弧板; 173022 锰块大薄弧板; 174022 锰块竖薄弧板; 175022 锰块大竖薄弧板; 176022 锰块棱锥,贴图列+_snow
manganese_block_snow_horizontal_halftriangle.png,173 锰块竖薄板; 348 锰块; 542 锰块薄板; 1265 锰块斜板; 1309 锰块薄斜板; 1310 锰块大薄斜板; 1353 锰块竖薄斜板; 1354 锰块竖大薄斜板; 1376 锰块竖板; 170022 锰块三棱柱; 171022 锰块弧板; 172022 锰块薄弧板; 173022 锰块大薄弧板; 174022 锰块竖薄弧板; 175022 锰块大竖薄弧板; 176022 锰块棱锥,贴图列+_snow
manganese_block_snow_side.png,173 锰块竖薄板; 348 锰块; 542 锰块薄板; 1265 锰块斜板; 1309 锰块薄斜板; 1310 锰块大薄斜板; 1353 锰块竖薄斜板; 1354 锰块竖大薄斜板; 1376 锰块竖板; 170022 锰块三棱柱; 171022 锰块弧板; 172022 锰块薄弧板; 173022 锰块大薄弧板; 174022 锰块竖薄弧板; 175022 锰块大竖薄弧板; 176022 锰块棱锥,贴图列+_snow
manganese_block_snow_trapezoid_down.png,173 锰块竖薄板; 348 锰块; 542 锰块薄板; 1265 锰块斜板; 1309 锰块薄斜板; 1310 锰块大薄斜板; 1353 锰块竖薄斜板; 1354 锰块竖大薄斜板; 1376 锰块竖板; 170022 锰块三棱柱; 171022 锰块弧板; 172022 锰块薄弧板; 173022 锰块大薄弧板; 174022 锰块竖薄弧板; 175022 锰块大竖薄弧板; 176022 锰块棱锥,贴图列+_snow
manganese_block_snow_trapezoid_up.png,173 锰块竖薄板; 348 锰块; 542 锰块薄板; 1265 锰块斜板; 1309 锰块薄斜板; 1310 锰块大薄斜板; 1353 锰块竖薄斜板; 1354 锰块竖大薄斜板; 1376 锰块竖板; 170022 锰块三棱柱; 171022 锰块弧板; 172022 锰块薄弧板; 173022 锰块大薄弧板; 174022 锰块竖薄弧板; 175022 锰块大竖薄弧板; 176022 锰块棱锥,贴图列+_snow
manganese_block_snow_trapezoid_up_second.png,173 锰块竖薄板; 348 锰块; 542 锰块薄板; 1265 锰块斜板; 1309 锰块薄斜板; 1310 锰块大薄斜板; 1353 锰块竖薄斜板; 1354 锰块竖大薄斜板; 1376 锰块竖板; 170022 锰块三棱柱; 171022 锰块弧板; 172022 锰块薄弧板; 173022 锰块大薄弧板; 174022 锰块竖薄弧板; 175022 锰块大竖薄弧板; 176022 锰块棱锥,贴图列+_snow
manganese_block_snow_triangle.png,173 锰块竖薄板; 348 锰块; 542 锰块薄板; 1265 锰块斜板; 1309 锰块薄斜板; 1310 锰块大薄斜板; 1353 锰块竖薄斜板; 1354 锰块竖大薄斜板; 1376 锰块竖板; 170022 锰块三棱柱; 171022 锰块弧板; 172022 锰块薄弧板; 173022 锰块大薄弧板; 174022 锰块竖薄弧板; 175022 锰块大竖薄弧板; 176022 锰块棱锥,贴图列+_snow
manganese_block_snow_vertical_halftriangle.png,173 锰块竖薄板; 348 锰块; 542 锰块薄板; 1265 锰块斜板; 1309 锰块薄斜板; 1310 锰块大薄斜板; 1353 锰块竖薄斜板; 1354 锰块竖大薄斜板; 1376 锰块竖板; 170022 锰块三棱柱; 171022 锰块弧板; 172022 锰块薄弧板; 173022 锰块大薄弧板; 174022 锰块竖薄弧板; 175022 锰块大竖薄弧板; 176022 锰块棱锥,贴图列+_snow
mango.png,,
maocao.png,160009 [水墨]茅草; 161010 [水墨]茅草薄板; 162011 [水墨]茅草竖薄板; 163011 [水墨]茅草斜板; 164011 [水墨]茅草竖板; 165011 [水墨]茅草薄斜板; 166011 [水墨]茅草大薄斜板; 167011 [水墨]茅草竖薄斜板; 168011 [水墨]茅草竖薄大斜板; 169010 [水墨]茅草楼梯; 170034 [水墨]茅草三棱柱; 171034 [水墨]茅草弧板; 172034 [水墨]茅草薄弧板; 173034 [水墨]茅草大薄弧板; 174034 [水墨]茅草竖薄弧板; 175034 [水墨]茅草大竖薄弧板; 176034 [水墨]茅草棱锥,贴图列精确
map_edit_pre_mesh.png,,
map_edit_pre_mesh2.png,,
map_edit_pre_mesh3.png,,
map_edit_pre_mesh4.png,,
map_edit_pre_mesh5.png,,
matcap_boss.png,,
matcap_colorful.png,,
matcap_colorful2.png,,
matcap_crystal010.png,,
matcap_crystal013.png,,
matcap_crystal014.png,,
matcap_crystal017.png,,
matcap_crystal03.png,,
matcap_crystal06.png,,
matcap_crystal09.png,,
matcap_crystal11.png,,
matcap_glass.png,,
matcap_glass02.png,,
matcap_gold.png,,
matcap_goldentestzmt4.png,,
matcap_goldentestzmt_2.png,,
matcap_metal.png,,
matcap_metal02.png,,
matcap_metal2.png,,
matcap_red4.png,,
matcap_red5.png,,
matcap_silver.png,,
matcap_spacecamp.png,,
matcap_specular.png,,
matcap_specular1.png,,
matcap_specular_red.png,,
matcap_wood.png,200012 木质野人战士雕像; 200015 木质野人祭司雕像; 200018 木质野人投矛手雕像; 200021 木质野萌宝雕像; 200024 木质毒素野人祭司雕像; 200027 木质治疗野人祭司雕像; 200030 木质雷电野人祭司雕像; 200033 木质火焰野人祭司雕像; 200036 木质蝙蝠雕像; 200039 木质符文怪雕像; 200042 木质虚空使徒雕像; 200045 木质海盗掠夺者雕像; 200048 木质海盗猎手雕像; 200051 木质爆爆蛋雕像; 200054 木质毒尾蝎雕像; 200057 木质海灵守卫雕像; 200060 木质沙灵守卫雕像; 200063 木质熔岩巨人雕像; 200066 木质硫磺弓手雕像; 200069 木质萌眼叮叮雕像; 200072 木质萌眼咚咚雕像; 200075 木质萌眼当当雕像; 200078 木质萌眼咻咻雕像; 200081 木质冰灵守卫雕像; 200084 木质寒霜野人祭司雕像; 200087 木质小型海盗船雕像; 200090 木质中型海盗船雕像; 200093 木质大型海盗船雕像,贴图列精确
meat_feed.png,,
mecha_rotate0.png,,
mecha_rotate1.png,,
mecha_rotate2.png,,
mecha_rotate3.png,,
mecha_rotate4.png,,
mecha_rotate_control_off.png,,
mecha_rotate_control_on.png,,
mecha_rotate_mix.png,,
mecha_rotate_off.png,1010 转轴方块; 1156 测试：转轴方块,贴图列精确
mecha_rotate_off_1.png,1010 转轴方块; 1156 测试：转轴方块,贴图列+_1
mecha_rotate_on.png,1010 转轴方块; 1156 测试：转轴方块,贴图列精确
mecha_rotate_on_0.png,1010 转轴方块; 1156 测试：转轴方块,贴图列+_0
mecha_rotate_on_1.png,1010 转轴方块; 1156 测试：转轴方块,贴图列+_1
mecha_rotate_on_2.png,1010 转轴方块; 1156 测试：转轴方块,贴图列+_2
mecha_rotate_on_3.png,1010 转轴方块; 1156 测试：转轴方块,贴图列+_3
mecha_rotate_on_4.png,1010 转轴方块; 1156 测试：转轴方块,贴图列+_4
mecha_rotate_on_5.png,1010 转轴方块; 1156 测试：转轴方块,贴图列+_5
mecha_rotate_on_6.png,1010 转轴方块; 1156 测试：转轴方块,贴图列+_6
mecha_rotate_on_7.png,1010 转轴方块; 1156 测试：转轴方块,贴图列+_7
mecha_rotate_on_8.png,1010 转轴方块; 1156 测试：转轴方块,贴图列+_8
mecha_rotate_on_9.png,1010 转轴方块; 1156 测试：转轴方块,贴图列+_9
mecha_rotate_on_emi.png,1010 转轴方块; 1156 测试：转轴方块,贴图列+_emi
mecha_rotate_reverse0.png,,
mecha_rotate_reverse1.png,,
mecha_rotate_reverse2.png,,
mecha_rotate_reverse3.png,,
mecha_rotate_reverse4.png,,
mechamarker_0.png,1013 标记器0号,贴图列精确
mechamarker_0_emi.png,1013 标记器0号,贴图列+_emi
mechamarker_1.png,1004 标记器（-）; 1153 测试：标记器（-）,贴图列精确
mechamarker_1_emi.png,1004 标记器（-）; 1153 测试：标记器（-）,贴图列+_emi
mechamarker_1_mix.png,1004 标记器（-）; 1153 测试：标记器（-）,贴图列+_mix
mechamarker_2.png,1005 标记器（+）; 1154 测试：标记器（+）,贴图列精确
mechamarker_2_emi.png,1005 标记器（+）; 1154 测试：标记器（+）,贴图列+_emi
mechamarker_2_mix.png,1005 标记器（+）; 1154 测试：标记器（+）,贴图列+_mix
mechaslider.png,1008 滑动方块; 1155 测试：滑动方块,贴图列精确
mechaslider_front.png,1155 测试：滑动方块,贴图列精确
mechaslider_front_emi.png,1155 测试：滑动方块,贴图列+_emi
mechaslider_mix.png,1008 滑动方块; 1155 测试：滑动方块,贴图列+_mix
mechaslider_mix .png,1008 滑动方块; 1155 测试：滑动方块,贴图列+_mix 
mechaslider_off.png,1008 滑动方块,贴图列精确
mechaslider_off_mix.png,1008 滑动方块,贴图列+_mix
mechaslider_on.png,1008 滑动方块; 1155 测试：滑动方块,贴图列+_on
mechaslider_on_emi.png,1008 滑动方块; 1155 测试：滑动方块,贴图列+_on
mechaslider_on_mix.png,1008 滑动方块; 1155 测试：滑动方块,贴图列+_on
mechineworkshop.png,1085 机械车间; 1086 车间（测试）,贴图列精确
mechineworkshop_mix.png,1085 机械车间; 1086 车间（测试）,贴图列+_mix
mechpower_symbol.png,1989 铁穹圣迹,贴图列精确
melon_side.png,1459 巨鳞羽果,贴图列+_side
melon_top.png,1459 巨鳞羽果,贴图列+_top
meng1.png,24 锰结核矿,贴图列精确
meng1_emi.png,24 锰结核矿,贴图列+_emi
meng1_proto.png,24 锰结核矿,贴图列+_proto
meng1_proto_emi.png,24 锰结核矿,贴图列+_proto
meng_x.png,24 锰结核矿,贴图列+_x
meng_y.png,24 锰结核矿,贴图列+_y
meng_z.png,24 锰结核矿,贴图列+_z
meteor_block.png,201763 流星块,贴图列精确
meteor_block_emi.png,201763 流星块,贴图列+_emi
meteor_block_mix.png,201763 流星块,贴图列+_mix
meteor_statue.png,201761 星尘神像,贴图列精确
meteor_statue_mix.png,201761 星尘神像,贴图列+_mix
meteor_statue_ruins.png,201762 破损的星尘神像,贴图列精确
meteor_statue_ruins_mix.png,201762 破损的星尘神像,贴图列+_mix
miniclub.png,780 跳舞厅,贴图列精确
miniclub_emi.png,780 跳舞厅,贴图列+_emi
mithsilver_block.png,162 铁制竖薄板; 411 铁块; 750 铁制薄板; 754 铁制楼梯; 1254 铁制斜板; 1287 铁制薄斜板; 1288 铁制大薄斜板; 1331 铁制竖薄斜板; 1332 铁制竖大薄斜板; 1365 铁制竖板,贴图列精确
mithsilver_block_matcap.png,162 铁制竖薄板; 411 铁块; 750 铁制薄板; 754 铁制楼梯; 1254 铁制斜板; 1287 铁制薄斜板; 1288 铁制大薄斜板; 1331 铁制竖薄斜板; 1332 铁制竖大薄斜板; 1365 铁制竖板,贴图列+_matcap
mithsilver_block_mix.png,162 铁制竖薄板; 411 铁块; 750 铁制薄板; 754 铁制楼梯; 1254 铁制斜板; 1287 铁制薄斜板; 1288 铁制大薄斜板; 1331 铁制竖薄斜板; 1332 铁制竖大薄斜板; 1365 铁制竖板,贴图列+_mix
mithsilver_block_snow_down_more.png,162 铁制竖薄板; 411 铁块; 750 铁制薄板; 754 铁制楼梯; 1254 铁制斜板; 1287 铁制薄斜板; 1288 铁制大薄斜板; 1331 铁制竖薄斜板; 1332 铁制竖大薄斜板; 1365 铁制竖板,贴图列+_snow
mithsilver_block_snow_horizontal_halftriangle.png,162 铁制竖薄板; 411 铁块; 750 铁制薄板; 754 铁制楼梯; 1254 铁制斜板; 1287 铁制薄斜板; 1288 铁制大薄斜板; 1331 铁制竖薄斜板; 1332 铁制竖大薄斜板; 1365 铁制竖板,贴图列+_snow
mithsilver_block_snow_side.png,162 铁制竖薄板; 411 铁块; 750 铁制薄板; 754 铁制楼梯; 1254 铁制斜板; 1287 铁制薄斜板; 1288 铁制大薄斜板; 1331 铁制竖薄斜板; 1332 铁制竖大薄斜板; 1365 铁制竖板,贴图列+_snow
mithsilver_block_snow_trapezoid_down.png,162 铁制竖薄板; 411 铁块; 750 铁制薄板; 754 铁制楼梯; 1254 铁制斜板; 1287 铁制薄斜板; 1288 铁制大薄斜板; 1331 铁制竖薄斜板; 1332 铁制竖大薄斜板; 1365 铁制竖板,贴图列+_snow
mithsilver_block_snow_trapezoid_up.png,162 铁制竖薄板; 411 铁块; 750 铁制薄板; 754 铁制楼梯; 1254 铁制斜板; 1287 铁制薄斜板; 1288 铁制大薄斜板; 1331 铁制竖薄斜板; 1332 铁制竖大薄斜板; 1365 铁制竖板,贴图列+_snow
mithsilver_block_snow_trapezoid_up_second.png,162 铁制竖薄板; 411 铁块; 750 铁制薄板; 754 铁制楼梯; 1254 铁制斜板; 1287 铁制薄斜板; 1288 铁制大薄斜板; 1331 铁制竖薄斜板; 1332 铁制竖大薄斜板; 1365 铁制竖板,贴图列+_snow
mithsilver_block_snow_triangle.png,162 铁制竖薄板; 411 铁块; 750 铁制薄板; 754 铁制楼梯; 1254 铁制斜板; 1287 铁制薄斜板; 1288 铁制大薄斜板; 1331 铁制竖薄斜板; 1332 铁制竖大薄斜板; 1365 铁制竖板,贴图列+_snow
mithsilver_block_snow_vertical_halftriangle.png,162 铁制竖薄板; 411 铁块; 750 铁制薄板; 754 铁制楼梯; 1254 铁制斜板; 1287 铁制薄斜板; 1288 铁制大薄斜板; 1331 铁制竖薄斜板; 1332 铁制竖大薄斜板; 1365 铁制竖板,贴图列+_snow
mithsilver_pot.png,795 烹饪台,贴图列精确
mithsilver_smelter.png,798 铁冶炼台,贴图列精确
mithsilver_smelter_lit.png,798 铁冶炼台,贴图列+_lit
mithsilver_smelter_lit_emi.png,798 铁冶炼台,贴图列+_lit
mithsilver_smelter_lit_matcap.png,798 铁冶炼台,贴图列+_lit
mithsilver_smelter_lit_mix.png,798 铁冶炼台,贴图列+_lit
mithsilver_smelter_matcap.png,798 铁冶炼台,贴图列+_matcap
mithsilver_smelter_mix.png,798 铁冶炼台,贴图列+_mix
miyin1.png,401 铁矿,贴图列+1
miyin1_emi.png,401 铁矿,贴图列+数字_emi
miyin1_x.png,401 铁矿,贴图列+数字_x
miyin1_y.png,401 铁矿,贴图列+数字_y
miyin1_z.png,401 铁矿,贴图列+数字_z
miyin2.png,401 铁矿,贴图列+2
miyin2_emi.png,401 铁矿,贴图列+数字_emi
miyin2_x.png,401 铁矿,贴图列+数字_x
miyin2_y.png,401 铁矿,贴图列+数字_y
miyin2_z.png,401 铁矿,贴图列+数字_z
miyin_proto.png,401 铁矿,贴图列+_proto
miyin_proto_emi.png,401 铁矿,贴图列+_proto
mobspawner2__off.png,,
mobspawner2_on.png,684 斜纹黑石块,贴图列精确
mobspawner2_on_mix.png,684 斜纹黑石块,贴图列+_mix
modelcraft.png,1138 模型工作台,贴图列精确
modelcraft1.png,1142 道具模型工作台,贴图列精确
modelcraft1_mix.png,1142 道具模型工作台,贴图列+_mix
modelcraft_mix.png,1138 模型工作台,贴图列+_mix
modelcup.png,390115 保护环境奖杯,贴图列精确
modeleditor_off.png,1151 自定义模型制作器,贴图列精确
modeleditor_off_mix.png,1151 自定义模型制作器,贴图列+_mix
modeleditor_on.png,1151 自定义模型制作器,贴图列+_on
modeleditor_on_emi.png,1151 自定义模型制作器,贴图列+_on
modeleditor_on_mix.png,1151 自定义模型制作器,贴图列+_on
modern_bathtub.png,1606 现代浴缸,贴图列精确
modern_bathtub_rgb.png,1606 现代浴缸,贴图列+_rgb
modern_bed.png,1598 现代床,贴图列精确
modern_bed_rgb.png,1598 现代床,贴图列+_rgb
modern_brick_side.png,1619 现代砖,贴图列+_side
modern_brick_top.png,1619 现代砖,贴图列+_top
modern_cabinet.png,1608 现代橱柜,贴图列精确
modern_cabinet_mix.png,1608 现代橱柜,贴图列+_mix
modern_cabinet_rgb.png,1608 现代橱柜,贴图列+_rgb
modern_ceiling_light.png,1613 现代吊灯,贴图列精确
modern_ceiling_light_emi.png,1613 现代吊灯,贴图列+_emi
modern_ceiling_light_mix.png,1613 现代吊灯,贴图列+_mix
modern_ceiling_light_rgb.png,1613 现代吊灯,贴图列+_rgb
modern_chair.png,1604 现代椅子,贴图列精确
modern_chair_mix.png,1604 现代椅子,贴图列+_mix
modern_chair_rgb.png,1604 现代椅子,贴图列+_rgb
modern_closet.png,1607 现代衣柜,贴图列精确
modern_closet_rgb.png,1607 现代衣柜,贴图列+_rgb
modern_desk.png,1600 现代书桌,贴图列精确
modern_desk_mix.png,1600 现代书桌,贴图列+_mix
modern_desk_rgb.png,1600 现代书桌,贴图列+_rgb
modern_door.png,1615 现代门,贴图列精确
modern_door_rgb.png,1615 现代门,贴图列+_rgb
modern_erect_light.png,1612 现代立体灯,贴图列精确
modern_erect_light_emi.png,1612 现代立体灯,贴图列+_emi
modern_erect_light_mix.png,1612 现代立体灯,贴图列+_mix
modern_erect_light_rgb.png,1612 现代立体灯,贴图列+_rgb
modern_group_cabinet.png,1610 现代组合柜,贴图列精确
modern_group_cabinet_rgb.png,1610 现代组合柜,贴图列+_rgb
modern_half_brick_side.png,1620 现代半砖,贴图列+_side
modern_half_brick_top.png,1620 现代半砖,贴图列+_top
modern_half_cabinet.png,1609 现代半格橱柜,贴图列精确
modern_half_cabinet_mix.png,1609 现代半格橱柜,贴图列+_mix
modern_half_cabinet_rgb.png,1609 现代半格橱柜,贴图列+_rgb
modern_rail.png,1621 现代围栏,贴图列精确
modern_rail_rgb.png,1621 现代围栏,贴图列+_rgb
modern_screen.png,1611 现代屏风,贴图列精确
modern_screen_rgb.png,1611 现代屏风,贴图列+_rgb
modern_screen_screengrass.png,1611 现代屏风,贴图列+_screengrass
modern_sofa.png,1599 现代沙发,贴图列精确
modern_sofa_mix.png,1599 现代沙发,贴图列+_mix
modern_sofa_rgb.png,1599 现代沙发,贴图列+_rgb
modern_stairs.png,1617 现代楼梯,贴图列精确
modern_stairs_mix.png,1617 现代楼梯,贴图列+_mix
modern_stairs_rgb.png,1617 现代楼梯,贴图列+_rgb
modern_table.png,1601 现代餐桌,贴图列精确
modern_table_mix.png,1601 现代餐桌,贴图列+_mix
modern_table_rgb.png,1601 现代餐桌,贴图列+_rgb
modern_tea_table.png,1602 现代茶几,贴图列精确
modern_tea_table_mix.png,1602 现代茶几,贴图列+_mix
modern_tea_table_rgb.png,1602 现代茶几,贴图列+_rgb
modern_toilet.png,1605 现代马桶,贴图列精确
modern_toilet_rgb.png,1605 现代马桶,贴图列+_rgb
modern_wall1_side.png,1618 现代墙砖,贴图列+数字_side
modern_wall_light.png,1614 现代壁灯,贴图列精确
modern_wall_light_emi.png,1614 现代壁灯,贴图列+_emi
modern_wall_light_rgb.png,1614 现代壁灯,贴图列+_rgb
modern_wall_side.png,1618 现代墙砖,贴图列+_side
modern_wall_top.png,1618 现代墙砖,贴图列+_top
modern_wash_table.png,1603 现代洗手台,贴图列精确
modern_wash_table_rgb.png,1603 现代洗手台,贴图列+_rgb
modern_window.png,1616 现代窗,贴图列精确
modern_window_rgb.png,1616 现代窗,贴图列+_rgb
modern_window_screengrass.png,1616 现代窗,贴图列+_screengrass
mogu_brick.png,160027 魔古砖; 161016 魔古砖薄板; 162017 魔古砖竖薄板; 163027 魔古砖斜板; 164025 魔古砖竖板; 165026 魔古砖薄斜板; 166026 魔古砖大薄斜板; 167026 魔古砖竖薄斜板; 168026 魔古砖竖大薄斜板; 169016 魔古砖楼梯; 170049 魔古砖三棱柱; 171049 魔古砖弧板; 172049 魔古砖薄弧板; 173049 魔古砖大薄弧板; 174049 魔古砖竖薄弧板; 175049 魔古砖大竖薄弧板; 176049 魔古砖棱锥,贴图列精确
mogu_brick_emi.png,160027 魔古砖; 161016 魔古砖薄板; 162017 魔古砖竖薄板; 163027 魔古砖斜板; 164025 魔古砖竖板; 165026 魔古砖薄斜板; 166026 魔古砖大薄斜板; 167026 魔古砖竖薄斜板; 168026 魔古砖竖大薄斜板; 169016 魔古砖楼梯; 170049 魔古砖三棱柱; 171049 魔古砖弧板; 172049 魔古砖薄弧板; 173049 魔古砖大薄弧板; 174049 魔古砖竖薄弧板; 175049 魔古砖大竖薄弧板; 176049 魔古砖棱锥,贴图列+_emi
mogu_brick_mix.png,160027 魔古砖; 161016 魔古砖薄板; 162017 魔古砖竖薄板; 163027 魔古砖斜板; 164025 魔古砖竖板; 165026 魔古砖薄斜板; 166026 魔古砖大薄斜板; 167026 魔古砖竖薄斜板; 168026 魔古砖竖大薄斜板; 169016 魔古砖楼梯; 170049 魔古砖三棱柱; 171049 魔古砖弧板; 172049 魔古砖薄弧板; 173049 魔古砖大薄弧板; 174049 魔古砖竖薄弧板; 175049 魔古砖大竖薄弧板; 176049 魔古砖棱锥,贴图列+_mix
mogu_cracked.png,200242 裂化魔古岩,贴图列精确
mogu_cracked_emi.png,200242 裂化魔古岩,贴图列+_emi
mogu_cracked_mix.png,200242 裂化魔古岩,贴图列+_mix
mogu_patternedbrick.png,200243 棱纹魔古砖,贴图列精确
mogu_patternedbrick_emi.png,200243 棱纹魔古砖,贴图列+_emi
mogu_patternedbrick_mix.png,200243 棱纹魔古砖,贴图列+_mix
mogu_sandstone.png,150080 破坏方块1; 150081 破坏方块2; 150082 破坏方块3; 150083 破坏方块4; 200241 魔古砂岩,贴图列精确
mogu_sandstone1.png,150080 破坏方块1; 150081 破坏方块2; 150082 破坏方块3; 150083 破坏方块4; 200241 魔古砂岩,贴图列+1
mogu_sandstone2.png,150080 破坏方块1; 150081 破坏方块2; 150082 破坏方块3; 150083 破坏方块4; 200241 魔古砂岩,贴图列+2
mogu_sandstone3.png,150080 破坏方块1; 150081 破坏方块2; 150082 破坏方块3; 150083 破坏方块4; 200241 魔古砂岩,贴图列+3
mogu_sandstone4.png,150080 破坏方块1; 150081 破坏方块2; 150082 破坏方块3; 150083 破坏方块4; 200241 魔古砂岩,贴图列+4
mogu_sandstone_mix.png,150080 破坏方块1; 150081 破坏方块2; 150082 破坏方块3; 150083 破坏方块4; 200241 魔古砂岩,贴图列+_mix
mogu_stone.png,126 魔古岩; 150084 破坏方块11; 150085 破坏方块22; 150086 破坏方块33; 150087 破坏方块44,贴图列精确
mogu_stone11.png,126 魔古岩; 150084 破坏方块11; 150085 破坏方块22; 150086 破坏方块33; 150087 破坏方块44,贴图列+11
mogu_stone22.png,126 魔古岩; 150084 破坏方块11; 150085 破坏方块22; 150086 破坏方块33; 150087 破坏方块44,贴图列+22
mogu_stone33.png,126 魔古岩; 150084 破坏方块11; 150085 破坏方块22; 150086 破坏方块33; 150087 破坏方块44,贴图列+33
mogu_stone44.png,126 魔古岩; 150084 破坏方块11; 150085 破坏方块22; 150086 破坏方块33; 150087 破坏方块44,贴图列+44
mogu_stone_emi.png,126 魔古岩; 150084 破坏方块11; 150085 破坏方块22; 150086 破坏方块33; 150087 破坏方块44,贴图列+_emi
mogu_stone_mix.png,126 魔古岩; 150084 破坏方块11; 150085 破坏方块22; 150086 破坏方块33; 150087 破坏方块44,贴图列+_mix
moguarableland_dry.png,771 蘑古耕地,贴图列+_dry
moguarableland_dry_mix.png,771 蘑古耕地,贴图列+_dry
moguarableland_side_dry.png,771 蘑古耕地,贴图列+_side
moguarableland_side_dry_mix.png,771 蘑古耕地,贴图列+_side
moguarableland_side_wet.png,771 蘑古耕地,贴图列+_side
moguarableland_side_wet_mix.png,771 蘑古耕地,贴图列+_side
moguarableland_wet.png,771 蘑古耕地,贴图列+_wet
moguarableland_wet_mix.png,771 蘑古耕地,贴图列+_wet
moguburyland_dry.png,772 蘑古土坑,贴图列+_dry
moguburyland_dry_mix.png,772 蘑古土坑,贴图列+_dry
moguburyland_side_dry.png,772 蘑古土坑,贴图列+_side
moguburyland_side_dry_mix.png,772 蘑古土坑,贴图列+_side
moguburyland_side_wet.png,772 蘑古土坑,贴图列+_side
moguburyland_side_wet_mix.png,772 蘑古土坑,贴图列+_side
moguburyland_wet.png,772 蘑古土坑,贴图列+_wet
moguburyland_wet_mix.png,772 蘑古土坑,贴图列+_wet
mogugrass_bottom.png,770 蘑古草块,贴图列+_bottom
mogugrass_bottom_mix.png,770 蘑古草块,贴图列+_bottom
mogugrass_side.png,770 蘑古草块,贴图列+_side
mogugrass_side_245a0a.png,770 蘑古草块,贴图列+_side
mogugrass_side_26542d.png,770 蘑古草块,贴图列+_side
mogugrass_side_2c304c.png,770 蘑古草块,贴图列+_side
mogugrass_side_2d5128.png,770 蘑古草块,贴图列+_side
mogugrass_side_2e4c2d.png,770 蘑古草块,贴图列+_side
mogugrass_side_2e5a18.png,770 蘑古草块,贴图列+_side
mogugrass_side_326815.png,770 蘑古草块,贴图列+_side
mogugrass_side_343350.png,770 蘑古草块,贴图列+_side
mogugrass_side_383f6d.png,770 蘑古草块,贴图列+_side
mogugrass_side_397d2b.png,770 蘑古草块,贴图列+_side
mogugrass_side_3a6a5c.png,770 蘑古草块,贴图列+_side
mogugrass_side_3a8c27.png,770 蘑古草块,贴图列+_side
mogugrass_side_3b4a71.png,770 蘑古草块,贴图列+_side
mogugrass_side_3c6e60.png,770 蘑古草块,贴图列+_side
mogugrass_side_3d9300.png,770 蘑古草块,贴图列+_side
mogugrass_side_46a922.png,770 蘑古草块,贴图列+_side
mogugrass_side_4969ab.png,770 蘑古草块,贴图列+_side
mogugrass_side_4b6394.png,770 蘑古草块,贴图列+_side
mogugrass_side_4c5b43.png,770 蘑古草块,贴图列+_side
mogugrass_side_4e5378.png,770 蘑古草块,贴图列+_side
mogugrass_side_506c8f.png,770 蘑古草块,贴图列+_side
mogugrass_side_527b1b.png,770 蘑古草块,贴图列+_side
mogugrass_side_535946.png,770 蘑古草块,贴图列+_side
mogugrass_side_55a3de.png,770 蘑古草块,贴图列+_side
mogugrass_side_568c2e.png,770 蘑古草块,贴图列+_side
mogugrass_side_585982.png,770 蘑古草块,贴图列+_side
mogugrass_side_5885a1.png,770 蘑古草块,贴图列+_side
mogugrass_side_5a7fac.png,770 蘑古草块,贴图列+_side
mogugrass_side_5d7e1b.png,770 蘑古草块,贴图列+_side
mogugrass_side_5e6d9d.png,770 蘑古草块,贴图列+_side
mogugrass_side_656755.png,770 蘑古草块,贴图列+_side
mogugrass_side_674896.png,770 蘑古草块,贴图列+_side
mogugrass_side_6c6fad.png,770 蘑古草块,贴图列+_side
mogugrass_side_6c89ad.png,770 蘑古草块,贴图列+_side
mogugrass_side_715a81.png,770 蘑古草块,贴图列+_side
mogugrass_side_726879.png,770 蘑古草块,贴图列+_side
mogugrass_side_83b981.png,770 蘑古草块,贴图列+_side
mogugrass_side_84b97b.png,770 蘑古草块,贴图列+_side
mogugrass_side_8859c0.png,770 蘑古草块,贴图列+_side
mogugrass_side_94591d.png,770 蘑古草块,贴图列+_side
mogugrass_side_9b5448.png,770 蘑古草块,贴图列+_side
mogugrass_side_9fd29f.png,770 蘑古草块,贴图列+_side
mogugrass_side_a05c13.png,770 蘑古草块,贴图列+_side
mogugrass_side_b2a889.png,770 蘑古草块,贴图列+_side
mogugrass_side_b665e5.png,770 蘑古草块,贴图列+_side
mogugrass_side_b73f20.png,770 蘑古草块,贴图列+_side
mogugrass_side_cb5f4e.png,770 蘑古草块,贴图列+_side
mogugrass_side_d6daff.png,770 蘑古草块,贴图列+_side
mogugrass_side_d7c250.png,770 蘑古草块,贴图列+_side
mogugrass_side_ec98ff.png,770 蘑古草块,贴图列+_side
mogugrass_side_ff5d57.png,770 蘑古草块,贴图列+_side
mogugrass_side_ff742b.png,770 蘑古草块,贴图列+_side
mogugrass_side_ffbd4e.png,770 蘑古草块,贴图列+_side
mogugrass_side_ffc875.png,770 蘑古草块,贴图列+_side
mogugrass_side_ffce95.png,770 蘑古草块,贴图列+_side
mogugrass_side_fffaeb.png,770 蘑古草块,贴图列+_side
mogugrass_side_overlay.png,770 蘑古草块,贴图列+_side
mogugrass_top.png,770 蘑古草块,贴图列+_top
mogusand.png,43 蘑古沙,贴图列精确
monument.png,1201 石碑,贴图列精确
monument_2.png,1201 石碑,贴图列+_2
monument_mix.png,1201 石碑,贴图列+_mix
monumentm_2_mix.png,,
moss.png,262 苔藓; 397 苔藓,贴图列精确
moss1_1.png,262 苔藓; 397 苔藓,贴图列+数字_1
moss1_2.png,262 苔藓; 397 苔藓,贴图列+数字_2
moss1_3.png,262 苔藓; 397 苔藓,贴图列+数字_3
moss1_4.png,262 苔藓; 397 苔藓,贴图列+数字_4
moss1_5.png,262 苔藓; 397 苔藓,贴图列+数字_5
moss2_1.png,262 苔藓; 397 苔藓,贴图列+数字_1
moss2_2.png,262 苔藓; 397 苔藓,贴图列+数字_2
moss2_3.png,262 苔藓; 397 苔藓,贴图列+数字_3
moss2_4.png,262 苔藓; 397 苔藓,贴图列+数字_4
moss2_5.png,262 苔藓; 397 苔藓,贴图列+数字_5
moss3_1.png,262 苔藓; 397 苔藓,贴图列+数字_1
moss3_2.png,262 苔藓; 397 苔藓,贴图列+数字_2
moss3_3.png,262 苔藓; 397 苔藓,贴图列+数字_3
moss3_4.png,262 苔藓; 397 苔藓,贴图列+数字_4
moss3_5.png,262 苔藓; 397 苔藓,贴图列+数字_5
moss_1.png,262 苔藓; 397 苔藓,贴图列+_1
moss_2.png,262 苔藓; 397 苔藓,贴图列+_2
moss_3_1.png,262 苔藓; 397 苔藓,贴图列+_3
moss_3_2.png,262 苔藓; 397 苔藓,贴图列+_3
moss_rock.png,105 青石; 549 青石墙,贴图列精确
moss_rock_mix.png,105 青石; 549 青石墙,贴图列+_mix
multi_grid_arenosol_brick.png,160025 多格砂土砖; 161014 多格砂土砖薄板; 162015 多格砂土砖竖薄板; 164015 多格砂土砖竖板; 169014 多格砂土砖楼梯,贴图列精确
multi_grid_arenosol_brick_mix.png,160025 多格砂土砖; 161014 多格砂土砖薄板; 162015 多格砂土砖竖薄板; 164015 多格砂土砖竖板; 169014 多格砂土砖楼梯,贴图列+_mix
multi_grid_sand_brick.png,160019 多格黄砖,贴图列精确
multi_grid_sand_brick_mix.png,160019 多格黄砖,贴图列+_mix
mural_1_1.png,483 壁画,贴图列精确
mural_1_2.png,483 壁画,贴图列+_1
mural_1_3.png,483 壁画,贴图列+_1
mural_1_4.png,483 壁画,贴图列+_1
mural_2_1.png,483 壁画,贴图列+_2
mural_2_2.png,483 壁画,贴图列+_2
mural_2_3.png,483 壁画,贴图列+_2
mural_2_4.png,483 壁画,贴图列+_2
mural_3_1.png,483 壁画,贴图列+_3
mural_3_2.png,483 壁画,贴图列+_3
mural_3_3.png,483 壁画,贴图列+_3
mural_3_4.png,483 壁画,贴图列+_3
mural_4_1.png,483 壁画,贴图列+_4
mural_4_2.png,483 壁画,贴图列+_4
mural_4_3.png,483 壁画,贴图列+_4
mural_4_4.png,483 壁画,贴图列+_4
mural_5_1.png,483 壁画,贴图列+_5
mural_5_2.png,483 壁画,贴图列+_5
mural_5_3.png,483 壁画,贴图列+_5
mural_5_4.png,483 壁画,贴图列+_5
mural_6_1.png,483 壁画,贴图列+_6
mural_6_2.png,483 壁画,贴图列+_6
mural_6_3.png,483 壁画,贴图列+_6
mural_6_4.png,483 壁画,贴图列+_6
mushroom_brown.png,1478 食用小蘑菇; 1479 食用小红菇,贴图列+_brown
mushroom_edible_brown.png,1478 食用小蘑菇; 1479 食用小红菇,贴图列+_edible
mushroom_edible_red.png,1478 食用小蘑菇; 1479 食用小红菇,贴图列+_edible
mushroom_plank.png,160034 菌菇板; 161021 菌菇板薄板; 162022 菌菇板竖薄板; 163023 菌菇板斜板; 164022 菌菇板竖板; 165022 菌菇板薄斜板; 166022 菌菇板大薄斜板; 167022 菌菇板竖薄斜板; 168022 菌菇板竖大薄斜板; 170045 菌菇板三棱柱; 171045 菌菇板弧板; 172045 菌菇板薄弧板; 173045 菌菇板大薄弧板; 174045 菌菇板竖薄弧板; 175045 菌菇板大竖薄弧板; 176045 菌菇板棱锥,贴图列精确
mushroom_plank_horizontal.png,169021 菌菇板楼梯,贴图列精确
mushroom_plank_horizontal_mix.png,169021 菌菇板楼梯,贴图列+_mix
mushroom_plank_mix.png,160034 菌菇板; 161021 菌菇板薄板; 162022 菌菇板竖薄板; 163023 菌菇板斜板; 164022 菌菇板竖板; 165022 菌菇板薄斜板; 166022 菌菇板大薄斜板; 167022 菌菇板竖薄斜板; 168022 菌菇板竖大薄斜板; 170045 菌菇板三棱柱; 171045 菌菇板弧板; 172045 菌菇板薄弧板; 173045 菌菇板大薄弧板; 174045 菌菇板竖薄弧板; 175045 菌菇板大竖薄弧板; 176045 菌菇板棱锥,贴图列+_mix
mushroom_red.png,1478 食用小蘑菇; 1479 食用小红菇,贴图列+_red
mushroom_redpoisonous.png,465 洋红毒菇,贴图列精确
mushroom_redpoisonous_mix.png,465 洋红毒菇,贴图列+_mix
mushroomcabinet.png,201753 蘑菇杂物柜,贴图列精确
mushroomcabinet_mix.png,201753 蘑菇杂物柜,贴图列+_mix
mushroomcap.png,201706 菇伞块; 201707 菇伞染色块; 201708 菇伞染色块; 201709 菇伞染色块; 201710 菇伞染色块; 201711 菇伞染色块; 201712 菇伞染色块; 201713 菇伞染色块; 201714 菇伞染色块; 201715 菇伞染色块; 201716 菇伞染色块; 201717 菇伞染色块; 201718 菇伞染色块; 201719 菇伞染色块; 201720 菇伞染色块; 201721 菇伞染色块; 201722 菇伞染色块; 201723 菇伞染色块; 201724 菇伞染色块; 201725 菇伞染色块; 201726 菇伞染色块; 201727 菇伞染色块; 201728 菇伞染色块; 201729 菇伞染色块; 201730 菇伞染色块; 201731 菇伞染色块; 201732 菇伞染色块; 201733 菇伞染色块; 201734 菇伞染色块,贴图列精确
mushroomcap_mix.png,201706 菇伞块; 201707 菇伞染色块; 201708 菇伞染色块; 201709 菇伞染色块; 201710 菇伞染色块; 201711 菇伞染色块; 201712 菇伞染色块; 201713 菇伞染色块; 201714 菇伞染色块; 201715 菇伞染色块; 201716 菇伞染色块; 201717 菇伞染色块; 201718 菇伞染色块; 201719 菇伞染色块; 201720 菇伞染色块; 201721 菇伞染色块; 201722 菇伞染色块; 201723 菇伞染色块; 201724 菇伞染色块; 201725 菇伞染色块; 201726 菇伞染色块; 201727 菇伞染色块; 201728 菇伞染色块; 201729 菇伞染色块; 201730 菇伞染色块; 201731 菇伞染色块; 201732 菇伞染色块; 201733 菇伞染色块; 201734 菇伞染色块,贴图列+_mix
mushroomfloorlamp.png,201769 蘑菇落地灯,贴图列精确
mushroomfloorlamp_mix.png,201769 蘑菇落地灯,贴图列+_mix
mushroomlamp.png,201705 暗影荧菇灯,贴图列精确
mushroomlamp_emi.png,201705 暗影荧菇灯,贴图列+_emi
mushroomlamp_mix.png,201705 暗影荧菇灯,贴图列+_mix
mushroomroundtable.png,201749 蘑菇圆桌,贴图列精确
mushroomroundtable_mix.png,201749 蘑菇圆桌,贴图列+_mix
mushroomscatteredstone.png,201906 蘑古碎石,贴图列精确
mushroomscatteredstone_mix.png,201906 蘑古碎石,贴图列+_mix
mushroomsmalltable.png,201770 蘑菇小圆桌,贴图列精确
mushroomsmalltable_mix.png,201770 蘑菇小圆桌,贴图列+_mix
mushroomsteak.png,200257 菇排,贴图列精确
mushroomsteak_mix.png,200257 菇排,贴图列+_mix
mushroomstone.png,201907 蘑晶石矿,贴图列精确
mushroomstone_emi.png,201907 蘑晶石矿,贴图列+_emi
mushroomstone_mix.png,201907 蘑晶石矿,贴图列+_mix
mushroomstool.png,201750 蘑菇矮凳,贴图列精确
mushroomstool_mix.png,201750 蘑菇矮凳,贴图列+_mix
mushroomvillagetotem.png,201019 蘑菇村图腾,贴图列精确
mushroomvillagetotem_mix.png,201019 蘑菇村图腾,贴图列+_mix
mushroomwalllamp.png,201752 蘑菇灯,贴图列精确
mushroomwalllamp_mix.png,201752 蘑菇灯,贴图列+_mix
music_box.png,1400 音乐盒,贴图列精确
musicbox_loop_bass.png,698 循环-电子,贴图列精确
musicbox_loop_bass_emi.png,698 循环-电子,贴图列+_emi
musicbox_loop_bass_mix.png,698 循环-电子,贴图列+_mix
musicbox_loop_drum.png,697 循环-鼓,贴图列精确
musicbox_loop_drum_emi.png,697 循环-鼓,贴图列+_emi
musicbox_loop_drum_mix.png,697 循环-鼓,贴图列+_mix
musicbox_loop_pad.png,699 循环-氛围,贴图列精确
musicbox_loop_pad_emi.png,699 循环-氛围,贴图列+_emi
musicbox_loop_pad_mix.png,699 循环-氛围,贴图列+_mix
musicbox_note_bass.png,694 乐器-电子,贴图列精确
musicbox_note_bass_emi.png,694 乐器-电子,贴图列+_emi
musicbox_note_bass_mix.png,694 乐器-电子,贴图列+_mix
musicbox_note_drum.png,693 乐器-鼓,贴图列精确
musicbox_note_drum_emi.png,693 乐器-鼓,贴图列+_emi
musicbox_note_drum_mix.png,693 乐器-鼓,贴图列+_mix
musicbox_note_lead.png,695 乐器-综合,贴图列精确
musicbox_note_lead_emi.png,695 乐器-综合,贴图列+_emi
musicbox_note_lead_mix.png,695 乐器-综合,贴图列+_mix
musicbox_tone_1.png,690 低音块,贴图列精确
musicbox_tone_1_emi.png,690 低音块,贴图列+_emi
musicbox_tone_1_mix.png,690 低音块,贴图列+_mix
musicbox_tone_2.png,691 中音块,贴图列精确
musicbox_tone_2_emi.png,691 中音块,贴图列+_emi
musicbox_tone_2_mix.png,691 中音块,贴图列+_mix
musicbox_tone_3.png,692 高音块,贴图列精确
musicbox_tone_3_emi.png,692 高音块,贴图列+_emi
musicbox_tone_3_mix.png,692 高音块,贴图列+_mix
musicbox_uncoil_fx.png,696 非循环-电子,贴图列精确
musicbox_uncoil_fx_emi.png,696 非循环-电子,贴图列+_emi
musicbox_uncoil_fx_mix.png,696 非循环-电子,贴图列+_mix
mutant_earthenshoots.png,266 变异土笋,贴图列精确
mutant_earthenshoots_emi.png,266 变异土笋,贴图列+_emi
mutant_earthenshoots_mix.png,266 变异土笋,贴图列+_mix
mutant_perilla.png,267 变异紫苏,贴图列精确
mutant_perilla_emi.png,267 变异紫苏,贴图列+_emi
mutant_perilla_mix.png,267 变异紫苏,贴图列+_mix
mutant_spores.png,,
mutant_spores_leaves.png,,
mutant_trunk.png,268 变异的植物杆; 286 变异紫苏杆,贴图列精确
mutant_trunk_mix.png,268 变异的植物杆; 286 变异紫苏杆,贴图列+_mix
mutant_trunk_top.png,268 变异的植物杆; 286 变异紫苏杆,贴图列+_top
mutant_trunk_top_mix.png,268 变异的植物杆; 286 变异紫苏杆,贴图列+_top
mycelium.png,464 菌丝体,贴图列精确
mycenachlorophos.png,837 荧光小菇; 838 新荧光小菇,贴图列精确
mycenachlorophos_emi.png,837 荧光小菇; 838 新荧光小菇,贴图列+_emi
mycenachlorophos_mix.png,837 荧光小菇; 838 新荧光小菇,贴图列+_mix
mysterious_fossil.png,447 神秘化石,贴图列精确
mysterious_fossil_emi.png,447 神秘化石,贴图列+_emi
mysterious_fossil_mix.png,447 神秘化石,贴图列+_mix
mysteryabyssblock.png,390116 秘渊块,贴图列精确
mysteryabyssblock_emi.png,390116 秘渊块,贴图列+_emi
mysteryabyssblock_mix.png,390116 秘渊块,贴图列+_mix
nest_block.png,1019 窝,贴图列精确
nest_block_mix.png,1019 窝,贴图列+_mix
new_pressure_bamboo.png,361 感压板-生物,贴图列精确
new_pressure_bamboo_mix.png,361 感压板-生物,贴图列+_mix
new_pressure_emi.png,359 感压板-触碰; 360 感压板-普通; 361 感压板-生物; 362 感压板-沙石,贴图列+_emi
new_pressure_sandstone.png,362 感压板-沙石,贴图列精确
new_pressure_stone.png,360 感压板-普通,贴图列精确
new_pressure_stone_mix.png,360 感压板-普通,贴图列+_mix
new_pressure_wood.png,359 感压板-触碰,贴图列精确
new_pressure_wood_mix.png,359 感压板-触碰,贴图列+_mix
new_sand.png,29 黄沙,贴图列精确
new_sand_mix.png,29 黄沙,贴图列+_mix
new_thorn.png,151024 绿色荆棘,贴图列精确
newbutton_stone.png,364 按钮-普通,贴图列精确
newbutton_stone1.png,363 按钮-触碰; 364 按钮-普通,贴图列+_stone1
newbutton_stone1_emi.png,363 按钮-触碰; 364 按钮-普通,贴图列+_stone1
newbutton_stone1_mix.png,363 按钮-触碰; 364 按钮-普通,贴图列+_stone1
newbutton_stone_emi.png,364 按钮-普通,贴图列+_emi
newbutton_stone_mix.png,364 按钮-普通,贴图列+_mix
newbutton_wood.png,363 按钮-触碰,贴图列精确
newbutton_wood1.png,363 按钮-触碰; 364 按钮-普通,贴图列+_wood1
newbutton_wood1_emi.png,363 按钮-触碰; 364 按钮-普通,贴图列+_wood1
newbutton_wood1_mix.png,363 按钮-触碰; 364 按钮-普通,贴图列+_wood1
newbutton_wood_emi.png,363 按钮-触碰,贴图列+_emi
newbutton_wood_mix.png,363 按钮-触碰,贴图列+_mix
newcorn.png,243 野生玉米,贴图列精确
newcorn1.png,243 野生玉米,贴图列精确
newcorn1_mix.png,243 野生玉米,贴图列+_mix
newmithsilver_pot.png,,
newstonepot.png,200108 石锅,贴图列精确
newstonepot_mix.png,200108 石锅,贴图列+_mix
nitrogencylinder.png,150926 氮气瓶,贴图列精确
niu.png,1145 春节窗花-牛,贴图列精确
normalwheel.png,150923 标准车轮,贴图列精确
not_gate_off.png,353 非门,贴图列精确
not_gate_off_mix.png,353 非门,贴图列+_mix
not_gate_on.png,353 非门,贴图列精确
not_gate_on_emi.png,353 非门,贴图列+_emi
not_gate_on_mix.png,353 非门,贴图列+_mix
notice_brass.png,815 黄铜星能幕布; 818 星能幕布（依附方块）,贴图列精确
notice_brass_emi.png,815 黄铜星能幕布; 818 星能幕布（依附方块）,贴图列+_emi
notice_brass_mix.png,815 黄铜星能幕布; 818 星能幕布（依附方块）,贴图列+_mix
notice_lava.png,890 熔岩星能幕布; 891 熔岩星能幕布（贴墙）,贴图列精确
notice_lava_emi.png,890 熔岩星能幕布; 891 熔岩星能幕布（贴墙）,贴图列+_emi
notice_lava_mix.png,890 熔岩星能幕布; 891 熔岩星能幕布（贴墙）,贴图列+_mix
notice_mithsilver.png,886 铸铁星能幕布; 887 铸铁星能幕布（贴墙）,贴图列精确
notice_mithsilver_emi.png,886 铸铁星能幕布; 887 铸铁星能幕布（贴墙）,贴图列+_emi
notice_mithsilver_mix.png,886 铸铁星能幕布; 887 铸铁星能幕布（贴墙）,贴图列+_mix
notice_titanium.png,888 钛金星能幕布; 889 钛金星能幕布（贴墙）,贴图列精确
notice_titanium_emi.png,888 钛金星能幕布; 889 钛金星能幕布（贴墙）,贴图列+_emi
notice_titanium_mix.png,888 钛金星能幕布; 889 钛金星能幕布（贴墙）,贴图列+_mix
oneseedling.png,,
oneseedling_voidtree.png,,
or_gate_off.png,355 或门,贴图列精确
or_gate_off_mix.png,355 或门,贴图列+_mix
or_gate_on.png,355 或门,贴图列精确
or_gate_on_emi.png,355 或门,贴图列+_emi
or_gate_on_mix.png,355 或门,贴图列+_mix
orange.png,,
orangeagave_middle.png,439 橙色忘忧草种子,贴图列+_middle
orangeagave_seed.png,439 橙色忘忧草种子,贴图列+_seed
oscillator.png,1182 星能振荡器,贴图列精确
oscillator_mix.png,1182 星能振荡器,贴图列+_mix
ostrich_egg.png,462 鸵鸟蛋,贴图列精确
ostrich_egg_mix.png,462 鸵鸟蛋,贴图列+_mix
output.png,,
oven1.png,1684 纯白烤箱,贴图列精确
oven1_rgb.png,1684 纯白烤箱,贴图列+_rgb
oven2.png,1685 银灰烤箱,贴图列精确
oven2_mix.png,1685 银灰烤箱,贴图列+_mix
oven3.png,1686 酷黑烤箱,贴图列精确
oven3_emi.png,1686 酷黑烤箱,贴图列+_emi
oven3_rgb.png,1686 酷黑烤箱,贴图列+_rgb
oxy.png,,
oxygenfruit_s0.png,1051 氧气果,贴图列+_s0
palmatus.png,1542 网盖红褶伞,贴图列精确
pan.png,,
pandalamp.png,201645 熊猫壁灯,贴图列精确
pandalamp_mix.png,201645 熊猫壁灯,贴图列+_mix
parallel_switch_mix.png,,
parallel_switch_off.png,1991 并联转换器,贴图列精确
parallel_switch_on.png,,
parallel_switch_on_emi.png,,
passengerseat.png,1091 乘客座,贴图列精确
passengerseat_mix.png,1091 乘客座,贴图列+_mix
pea.png,1533 豌豆,贴图列精确
peach.png,,
peanut.png,1510 花生,贴图列精确
pear.png,,
pedestal_boss.png,200106 怪物雕像底座,贴图列+_boss
pedestal_gold.png,200106 怪物雕像底座,贴图列+_gold
pedestal_stone.png,200106 怪物雕像底座,贴图列+_stone
pedestal_wood.png,200106 怪物雕像底座,贴图列+_wood
penguinnest.png,150028 企鹅窝,贴图列精确
penguinnest_mix.png,150028 企鹅窝,贴图列+_mix
peristele.png,1755 石柱,贴图列精确
peristele_mix.png,1755 石柱,贴图列+_mix
personalrevival.png,1079 个人集合点,贴图列精确
personalrevival_mix.png,1079 个人集合点,贴图列+_mix
pet_house.png,1405 宠物窝,贴图列精确
petbed.png,150935 宠物小窝,贴图列精确
petbed_mix.png,150935 宠物小窝,贴图列+_mix
petcabin.png,150936 宠物小屋,贴图列精确
petcabin_mix.png,150936 宠物小屋,贴图列+_mix
petcushion.png,201641 宠物坐垫,贴图列精确
petcushion_mix.png,201641 宠物坐垫,贴图列+_mix
petmat.png,201642 宠物地垫,贴图列精确
petmat_mix.png,201642 宠物地垫,贴图列+_mix
phyparts_1.png,,
phyparts_2.png,,
phyparts_3.png,,
phyparts_4.png,,
phyparts_5.png,,
phyparts_6.png,,
phyparts_7.png,,
phyparts_8.png,,
phyparts_blue.png,,
phyparts_deepgreen.png,,
phyparts_deepyellow.png,,
phyparts_green.png,,
phyparts_yellow.png,,
piano.png,726 钢琴,贴图列精确
piano1.png,726 钢琴,贴图列+1
piano_mix.png,726 钢琴,贴图列+_mix
picnicbasket.png,,
picnicbasket_mix.png,,
picture1.png,1674 抽象画,贴图列精确
picture1_rgb.png,1674 抽象画,贴图列+_rgb
picture2.png,1673 山水画,贴图列精确
picture2_rgb.png,1673 山水画,贴图列+_rgb
pineapple.png,1187 彼岸菠萝,贴图列精确
pineapple tree.png,,
pineapple_mix.png,1187 彼岸菠萝,贴图列+_mix
pineappletree.png,1536 菠萝,贴图列精确
pinecone.png,249 松果,贴图列精确
pinecone_s0.png,249 松果,贴图列+_s0
pinecone_s1.png,249 松果,贴图列+_s1
pinecone_s2.png,249 松果,贴图列+_s2
pingfan1.png,33 平凡晶核矿,贴图列精确
pingfan1_emi.png,33 平凡晶核矿,贴图列+_emi
pingfan1_proto.png,33 平凡晶核矿,贴图列+_proto
pingfan1_proto_emi.png,33 平凡晶核矿,贴图列+_proto
pingfan_x.png,33 平凡晶核矿,贴图列+_x
pingfan_y.png,33 平凡晶核矿,贴图列+_y
pingfan_z.png,33 平凡晶核矿,贴图列+_z
pinkagave_middle.png,441 粉色忘忧草种子,贴图列+_middle
pinkagave_seed.png,441 粉色忘忧草种子,贴图列+_seed
pinkpurpleglowmushroomblock.png,201767 粉紫色发光菇块,贴图列精确
pinkpurpleglowmushroomblock_emi.png,201767 粉紫色发光菇块,贴图列+_emi
pinkpurpleglowmushroomblock_mix.png,201767 粉紫色发光菇块,贴图列+_mix
plainsvillagetotem.png,201014 草原部落图腾,贴图列精确
plainsvillagetotem_mix.png,201014 草原部落图腾,贴图列+_mix
planet_famer.png,1050 星球植物培养基,贴图列精确
planet_famer_bottom.png,1050 星球植物培养基,贴图列+_bottom
planet_famer_top.png,1050 星球植物培养基,贴图列+_top
planetstonebrick.png,152 星球岩竖薄板; 570 星球岩薄板; 571 星球岩楼梯; 572 星球岩墙; 573 星球岩石砖; 1244 星球岩斜板; 1267 星球岩薄斜板; 1268 星球岩大薄斜板; 1311 星球岩竖薄斜板; 1312 星球岩竖大薄斜板; 1355 星球岩竖板; 170001 星球岩三棱柱; 171001 星球岩弧板; 172001 星球岩薄弧板; 173001 星球岩大薄弧板; 174001 星球岩竖薄弧板; 175001 星球岩大竖薄弧板; 176001 星球岩棱锥,贴图列精确
planetstonebrick_mix.png,152 星球岩竖薄板; 570 星球岩薄板; 571 星球岩楼梯; 572 星球岩墙; 573 星球岩石砖; 1244 星球岩斜板; 1267 星球岩薄斜板; 1268 星球岩大薄斜板; 1311 星球岩竖薄斜板; 1312 星球岩竖大薄斜板; 1355 星球岩竖板; 170001 星球岩三棱柱; 171001 星球岩弧板; 172001 星球岩薄弧板; 173001 星球岩大薄弧板; 174001 星球岩竖薄弧板; 175001 星球岩大竖薄弧板; 176001 星球岩棱锥,贴图列+_mix
planetstonebrick_snow_down_more.png,152 星球岩竖薄板; 570 星球岩薄板; 571 星球岩楼梯; 572 星球岩墙; 573 星球岩石砖; 1244 星球岩斜板; 1267 星球岩薄斜板; 1268 星球岩大薄斜板; 1311 星球岩竖薄斜板; 1312 星球岩竖大薄斜板; 1355 星球岩竖板; 170001 星球岩三棱柱; 171001 星球岩弧板; 172001 星球岩薄弧板; 173001 星球岩大薄弧板; 174001 星球岩竖薄弧板; 175001 星球岩大竖薄弧板; 176001 星球岩棱锥,贴图列+_snow
planetstonebrick_snow_horizontal_halftriangle.png,152 星球岩竖薄板; 570 星球岩薄板; 571 星球岩楼梯; 572 星球岩墙; 573 星球岩石砖; 1244 星球岩斜板; 1267 星球岩薄斜板; 1268 星球岩大薄斜板; 1311 星球岩竖薄斜板; 1312 星球岩竖大薄斜板; 1355 星球岩竖板; 170001 星球岩三棱柱; 171001 星球岩弧板; 172001 星球岩薄弧板; 173001 星球岩大薄弧板; 174001 星球岩竖薄弧板; 175001 星球岩大竖薄弧板; 176001 星球岩棱锥,贴图列+_snow
planetstonebrick_snow_side.png,152 星球岩竖薄板; 570 星球岩薄板; 571 星球岩楼梯; 572 星球岩墙; 573 星球岩石砖; 1244 星球岩斜板; 1267 星球岩薄斜板; 1268 星球岩大薄斜板; 1311 星球岩竖薄斜板; 1312 星球岩竖大薄斜板; 1355 星球岩竖板; 170001 星球岩三棱柱; 171001 星球岩弧板; 172001 星球岩薄弧板; 173001 星球岩大薄弧板; 174001 星球岩竖薄弧板; 175001 星球岩大竖薄弧板; 176001 星球岩棱锥,贴图列+_snow
planetstonebrick_snow_trapezoid_down.png,152 星球岩竖薄板; 570 星球岩薄板; 571 星球岩楼梯; 572 星球岩墙; 573 星球岩石砖; 1244 星球岩斜板; 1267 星球岩薄斜板; 1268 星球岩大薄斜板; 1311 星球岩竖薄斜板; 1312 星球岩竖大薄斜板; 1355 星球岩竖板; 170001 星球岩三棱柱; 171001 星球岩弧板; 172001 星球岩薄弧板; 173001 星球岩大薄弧板; 174001 星球岩竖薄弧板; 175001 星球岩大竖薄弧板; 176001 星球岩棱锥,贴图列+_snow
planetstonebrick_snow_trapezoid_up.png,152 星球岩竖薄板; 570 星球岩薄板; 571 星球岩楼梯; 572 星球岩墙; 573 星球岩石砖; 1244 星球岩斜板; 1267 星球岩薄斜板; 1268 星球岩大薄斜板; 1311 星球岩竖薄斜板; 1312 星球岩竖大薄斜板; 1355 星球岩竖板; 170001 星球岩三棱柱; 171001 星球岩弧板; 172001 星球岩薄弧板; 173001 星球岩大薄弧板; 174001 星球岩竖薄弧板; 175001 星球岩大竖薄弧板; 176001 星球岩棱锥,贴图列+_snow
planetstonebrick_snow_trapezoid_up_second.png,152 星球岩竖薄板; 570 星球岩薄板; 571 星球岩楼梯; 572 星球岩墙; 573 星球岩石砖; 1244 星球岩斜板; 1267 星球岩薄斜板; 1268 星球岩大薄斜板; 1311 星球岩竖薄斜板; 1312 星球岩竖大薄斜板; 1355 星球岩竖板; 170001 星球岩三棱柱; 171001 星球岩弧板; 172001 星球岩薄弧板; 173001 星球岩大薄弧板; 174001 星球岩竖薄弧板; 175001 星球岩大竖薄弧板; 176001 星球岩棱锥,贴图列+_snow
planetstonebrick_snow_triangle.png,152 星球岩竖薄板; 570 星球岩薄板; 571 星球岩楼梯; 572 星球岩墙; 573 星球岩石砖; 1244 星球岩斜板; 1267 星球岩薄斜板; 1268 星球岩大薄斜板; 1311 星球岩竖薄斜板; 1312 星球岩竖大薄斜板; 1355 星球岩竖板; 170001 星球岩三棱柱; 171001 星球岩弧板; 172001 星球岩薄弧板; 173001 星球岩大薄弧板; 174001 星球岩竖薄弧板; 175001 星球岩大竖薄弧板; 176001 星球岩棱锥,贴图列+_snow
planetstonebrick_snow_vertical_halftriangle.png,152 星球岩竖薄板; 570 星球岩薄板; 571 星球岩楼梯; 572 星球岩墙; 573 星球岩石砖; 1244 星球岩斜板; 1267 星球岩薄斜板; 1268 星球岩大薄斜板; 1311 星球岩竖薄斜板; 1312 星球岩竖大薄斜板; 1355 星球岩竖板; 170001 星球岩三棱柱; 171001 星球岩弧板; 172001 星球岩薄弧板; 173001 星球岩大薄弧板; 174001 星球岩竖薄弧板; 175001 星球岩大竖薄弧板; 176001 星球岩棱锥,贴图列+_snow
plank_floating.png,248 漂浮的木板,贴图列精确
plank_floating_mix.png,248 漂浮的木板,贴图列+_mix
planks_anthocyaninpurple.png,160031 花青紫木板; 161018 花青紫薄板; 162019 花青紫竖薄板; 163020 花青紫斜板; 164019 花青紫竖板; 165019 花青紫薄斜板; 166019 花青紫大薄斜板; 167019 花青紫竖薄斜板; 168019 花青紫竖大薄斜板; 169018 花青紫楼梯; 170042 花青紫三棱柱; 171042 花青紫弧板; 172042 花青紫薄弧板; 173042 花青紫大薄弧板; 174042 花青紫竖薄弧板; 175042 花青紫大竖薄弧板; 176042 花青紫棱锥,贴图列精确
planks_anthocyaninpurple_mix.png,160031 花青紫木板; 161018 花青紫薄板; 162019 花青紫竖薄板; 163020 花青紫斜板; 164019 花青紫竖板; 165019 花青紫薄斜板; 166019 花青紫大薄斜板; 167019 花青紫竖薄斜板; 168019 花青紫竖大薄斜板; 169018 花青紫楼梯; 170042 花青紫三棱柱; 171042 花青紫弧板; 172042 花青紫薄弧板; 173042 花青紫大薄弧板; 174042 花青紫竖薄弧板; 175042 花青紫大竖薄弧板; 176042 花青紫棱锥,贴图列+_mix
planks_arbor.png,164 柠檬黄竖薄板; 375 柠檬黄木板; 376 柠檬黄楼梯; 377 柠檬黄薄板; 1256 柠檬黄斜板; 1291 柠檬黄薄斜板; 1292 柠檬黄大薄斜板; 1335 柠檬黄竖薄斜板; 1336 柠檬黄竖大薄斜板; 1367 柠檬黄竖板; 170013 柠檬黄三棱柱; 171013 柠檬黄弧板; 172013 柠檬黄薄弧板; 173013 柠檬黄大薄弧板; 174013 柠檬黄竖薄弧板; 175013 柠檬黄大竖薄弧板; 176013 柠檬黄棱锥,贴图列精确
planks_arbor_mix.png,164 柠檬黄竖薄板; 375 柠檬黄木板; 376 柠檬黄楼梯; 377 柠檬黄薄板; 1256 柠檬黄斜板; 1291 柠檬黄薄斜板; 1292 柠檬黄大薄斜板; 1335 柠檬黄竖薄斜板; 1336 柠檬黄竖大薄斜板; 1367 柠檬黄竖板; 170013 柠檬黄三棱柱; 171013 柠檬黄弧板; 172013 柠檬黄薄弧板; 173013 柠檬黄大薄弧板; 174013 柠檬黄竖薄弧板; 175013 柠檬黄大竖薄弧板; 176013 柠檬黄棱锥,贴图列+_mix
planks_arbor_snow_down_more.png,164 柠檬黄竖薄板; 375 柠檬黄木板; 376 柠檬黄楼梯; 377 柠檬黄薄板; 1256 柠檬黄斜板; 1291 柠檬黄薄斜板; 1292 柠檬黄大薄斜板; 1335 柠檬黄竖薄斜板; 1336 柠檬黄竖大薄斜板; 1367 柠檬黄竖板; 170013 柠檬黄三棱柱; 171013 柠檬黄弧板; 172013 柠檬黄薄弧板; 173013 柠檬黄大薄弧板; 174013 柠檬黄竖薄弧板; 175013 柠檬黄大竖薄弧板; 176013 柠檬黄棱锥,贴图列+_snow
planks_arbor_snow_horizontal_halftriangle.png,164 柠檬黄竖薄板; 375 柠檬黄木板; 376 柠檬黄楼梯; 377 柠檬黄薄板; 1256 柠檬黄斜板; 1291 柠檬黄薄斜板; 1292 柠檬黄大薄斜板; 1335 柠檬黄竖薄斜板; 1336 柠檬黄竖大薄斜板; 1367 柠檬黄竖板; 170013 柠檬黄三棱柱; 171013 柠檬黄弧板; 172013 柠檬黄薄弧板; 173013 柠檬黄大薄弧板; 174013 柠檬黄竖薄弧板; 175013 柠檬黄大竖薄弧板; 176013 柠檬黄棱锥,贴图列+_snow
planks_arbor_snow_side.png,164 柠檬黄竖薄板; 375 柠檬黄木板; 376 柠檬黄楼梯; 377 柠檬黄薄板; 1256 柠檬黄斜板; 1291 柠檬黄薄斜板; 1292 柠檬黄大薄斜板; 1335 柠檬黄竖薄斜板; 1336 柠檬黄竖大薄斜板; 1367 柠檬黄竖板; 170013 柠檬黄三棱柱; 171013 柠檬黄弧板; 172013 柠檬黄薄弧板; 173013 柠檬黄大薄弧板; 174013 柠檬黄竖薄弧板; 175013 柠檬黄大竖薄弧板; 176013 柠檬黄棱锥,贴图列+_snow
planks_arbor_snow_trapezoid_down.png,164 柠檬黄竖薄板; 375 柠檬黄木板; 376 柠檬黄楼梯; 377 柠檬黄薄板; 1256 柠檬黄斜板; 1291 柠檬黄薄斜板; 1292 柠檬黄大薄斜板; 1335 柠檬黄竖薄斜板; 1336 柠檬黄竖大薄斜板; 1367 柠檬黄竖板; 170013 柠檬黄三棱柱; 171013 柠檬黄弧板; 172013 柠檬黄薄弧板; 173013 柠檬黄大薄弧板; 174013 柠檬黄竖薄弧板; 175013 柠檬黄大竖薄弧板; 176013 柠檬黄棱锥,贴图列+_snow
planks_arbor_snow_trapezoid_up.png,164 柠檬黄竖薄板; 375 柠檬黄木板; 376 柠檬黄楼梯; 377 柠檬黄薄板; 1256 柠檬黄斜板; 1291 柠檬黄薄斜板; 1292 柠檬黄大薄斜板; 1335 柠檬黄竖薄斜板; 1336 柠檬黄竖大薄斜板; 1367 柠檬黄竖板; 170013 柠檬黄三棱柱; 171013 柠檬黄弧板; 172013 柠檬黄薄弧板; 173013 柠檬黄大薄弧板; 174013 柠檬黄竖薄弧板; 175013 柠檬黄大竖薄弧板; 176013 柠檬黄棱锥,贴图列+_snow
planks_arbor_snow_trapezoid_up_second.png,164 柠檬黄竖薄板; 375 柠檬黄木板; 376 柠檬黄楼梯; 377 柠檬黄薄板; 1256 柠檬黄斜板; 1291 柠檬黄薄斜板; 1292 柠檬黄大薄斜板; 1335 柠檬黄竖薄斜板; 1336 柠檬黄竖大薄斜板; 1367 柠檬黄竖板; 170013 柠檬黄三棱柱; 171013 柠檬黄弧板; 172013 柠檬黄薄弧板; 173013 柠檬黄大薄弧板; 174013 柠檬黄竖薄弧板; 175013 柠檬黄大竖薄弧板; 176013 柠檬黄棱锥,贴图列+_snow
planks_arbor_snow_triangle.png,164 柠檬黄竖薄板; 375 柠檬黄木板; 376 柠檬黄楼梯; 377 柠檬黄薄板; 1256 柠檬黄斜板; 1291 柠檬黄薄斜板; 1292 柠檬黄大薄斜板; 1335 柠檬黄竖薄斜板; 1336 柠檬黄竖大薄斜板; 1367 柠檬黄竖板; 170013 柠檬黄三棱柱; 171013 柠檬黄弧板; 172013 柠檬黄薄弧板; 173013 柠檬黄大薄弧板; 174013 柠檬黄竖薄弧板; 175013 柠檬黄大竖薄弧板; 176013 柠檬黄棱锥,贴图列+_snow
planks_arbor_snow_vertical_halftriangle.png,164 柠檬黄竖薄板; 375 柠檬黄木板; 376 柠檬黄楼梯; 377 柠檬黄薄板; 1256 柠檬黄斜板; 1291 柠檬黄薄斜板; 1292 柠檬黄大薄斜板; 1335 柠檬黄竖薄斜板; 1336 柠檬黄竖大薄斜板; 1367 柠檬黄竖板; 170013 柠檬黄三棱柱; 171013 柠檬黄弧板; 172013 柠檬黄薄弧板; 173013 柠檬黄大薄弧板; 174013 柠檬黄竖薄弧板; 175013 柠檬黄大竖薄弧板; 176013 柠檬黄棱锥,贴图列+_snow
planks_bamboo.png,153 竹板竖薄板; 563 竹板; 565 竹板薄板; 567 竹板楼梯; 1245 竹板斜板; 1269 竹板薄斜板; 1270 竹板大薄斜板; 1313 竹板竖薄斜板; 1314 竹板竖大薄斜板; 1356 竹板竖板; 170002 竹板三棱柱; 171002 竹板弧板; 172002 竹板薄弧板; 173002 竹板大薄弧板; 174002 竹板竖薄弧板; 175002 竹板大竖薄弧板; 176002 竹板棱锥,贴图列精确
planks_bamboo_mix.png,153 竹板竖薄板; 563 竹板; 565 竹板薄板; 567 竹板楼梯; 1245 竹板斜板; 1269 竹板薄斜板; 1270 竹板大薄斜板; 1313 竹板竖薄斜板; 1314 竹板竖大薄斜板; 1356 竹板竖板; 170002 竹板三棱柱; 171002 竹板弧板; 172002 竹板薄弧板; 173002 竹板大薄弧板; 174002 竹板竖薄弧板; 175002 竹板大竖薄弧板; 176002 竹板棱锥,贴图列+_mix
planks_bamboo_snow_down_more.png,153 竹板竖薄板; 563 竹板; 565 竹板薄板; 567 竹板楼梯; 1245 竹板斜板; 1269 竹板薄斜板; 1270 竹板大薄斜板; 1313 竹板竖薄斜板; 1314 竹板竖大薄斜板; 1356 竹板竖板; 170002 竹板三棱柱; 171002 竹板弧板; 172002 竹板薄弧板; 173002 竹板大薄弧板; 174002 竹板竖薄弧板; 175002 竹板大竖薄弧板; 176002 竹板棱锥,贴图列+_snow
planks_bamboo_snow_horizontal_halftriangle.png,153 竹板竖薄板; 563 竹板; 565 竹板薄板; 567 竹板楼梯; 1245 竹板斜板; 1269 竹板薄斜板; 1270 竹板大薄斜板; 1313 竹板竖薄斜板; 1314 竹板竖大薄斜板; 1356 竹板竖板; 170002 竹板三棱柱; 171002 竹板弧板; 172002 竹板薄弧板; 173002 竹板大薄弧板; 174002 竹板竖薄弧板; 175002 竹板大竖薄弧板; 176002 竹板棱锥,贴图列+_snow
planks_bamboo_snow_side.png,153 竹板竖薄板; 563 竹板; 565 竹板薄板; 567 竹板楼梯; 1245 竹板斜板; 1269 竹板薄斜板; 1270 竹板大薄斜板; 1313 竹板竖薄斜板; 1314 竹板竖大薄斜板; 1356 竹板竖板; 170002 竹板三棱柱; 171002 竹板弧板; 172002 竹板薄弧板; 173002 竹板大薄弧板; 174002 竹板竖薄弧板; 175002 竹板大竖薄弧板; 176002 竹板棱锥,贴图列+_snow
planks_bamboo_snow_trapezoid_down.png,153 竹板竖薄板; 563 竹板; 565 竹板薄板; 567 竹板楼梯; 1245 竹板斜板; 1269 竹板薄斜板; 1270 竹板大薄斜板; 1313 竹板竖薄斜板; 1314 竹板竖大薄斜板; 1356 竹板竖板; 170002 竹板三棱柱; 171002 竹板弧板; 172002 竹板薄弧板; 173002 竹板大薄弧板; 174002 竹板竖薄弧板; 175002 竹板大竖薄弧板; 176002 竹板棱锥,贴图列+_snow
planks_bamboo_snow_trapezoid_up.png,153 竹板竖薄板; 563 竹板; 565 竹板薄板; 567 竹板楼梯; 1245 竹板斜板; 1269 竹板薄斜板; 1270 竹板大薄斜板; 1313 竹板竖薄斜板; 1314 竹板竖大薄斜板; 1356 竹板竖板; 170002 竹板三棱柱; 171002 竹板弧板; 172002 竹板薄弧板; 173002 竹板大薄弧板; 174002 竹板竖薄弧板; 175002 竹板大竖薄弧板; 176002 竹板棱锥,贴图列+_snow
planks_bamboo_snow_trapezoid_up_second.png,153 竹板竖薄板; 563 竹板; 565 竹板薄板; 567 竹板楼梯; 1245 竹板斜板; 1269 竹板薄斜板; 1270 竹板大薄斜板; 1313 竹板竖薄斜板; 1314 竹板竖大薄斜板; 1356 竹板竖板; 170002 竹板三棱柱; 171002 竹板弧板; 172002 竹板薄弧板; 173002 竹板大薄弧板; 174002 竹板竖薄弧板; 175002 竹板大竖薄弧板; 176002 竹板棱锥,贴图列+_snow
planks_bamboo_snow_triangle.png,153 竹板竖薄板; 563 竹板; 565 竹板薄板; 567 竹板楼梯; 1245 竹板斜板; 1269 竹板薄斜板; 1270 竹板大薄斜板; 1313 竹板竖薄斜板; 1314 竹板竖大薄斜板; 1356 竹板竖板; 170002 竹板三棱柱; 171002 竹板弧板; 172002 竹板薄弧板; 173002 竹板大薄弧板; 174002 竹板竖薄弧板; 175002 竹板大竖薄弧板; 176002 竹板棱锥,贴图列+_snow
planks_bamboo_snow_vertical_halftriangle.png,153 竹板竖薄板; 563 竹板; 565 竹板薄板; 567 竹板楼梯; 1245 竹板斜板; 1269 竹板薄斜板; 1270 竹板大薄斜板; 1313 竹板竖薄斜板; 1314 竹板竖大薄斜板; 1356 竹板竖板; 170002 竹板三棱柱; 171002 竹板弧板; 172002 竹板薄弧板; 173002 竹板大薄弧板; 174002 竹板竖薄弧板; 175002 竹板大竖薄弧板; 176002 竹板棱锥,贴图列+_snow
planks_birch.png,169 象牙白竖薄板; 208 象牙白木板; 516 象牙白薄板; 522 象牙白楼梯; 1261 象牙白斜板; 1301 象牙白薄斜板; 1302 象牙白大薄斜板; 1345 象牙白竖薄斜板; 1346 象牙白竖大薄斜板; 1372 象牙白竖板; 170018 象牙白三棱柱; 171018 象牙白弧板; 172018 象牙白薄弧板; 173018 象牙白大薄弧板; 174018 象牙白竖薄弧板; 175018 象牙白大竖薄弧板; 176018 象牙白棱锥,贴图列精确
planks_birch_mix.png,169 象牙白竖薄板; 208 象牙白木板; 516 象牙白薄板; 522 象牙白楼梯; 1261 象牙白斜板; 1301 象牙白薄斜板; 1302 象牙白大薄斜板; 1345 象牙白竖薄斜板; 1346 象牙白竖大薄斜板; 1372 象牙白竖板; 170018 象牙白三棱柱; 171018 象牙白弧板; 172018 象牙白薄弧板; 173018 象牙白大薄弧板; 174018 象牙白竖薄弧板; 175018 象牙白大竖薄弧板; 176018 象牙白棱锥,贴图列+_mix
planks_birch_snow_down_more.png,169 象牙白竖薄板; 208 象牙白木板; 516 象牙白薄板; 522 象牙白楼梯; 1261 象牙白斜板; 1301 象牙白薄斜板; 1302 象牙白大薄斜板; 1345 象牙白竖薄斜板; 1346 象牙白竖大薄斜板; 1372 象牙白竖板; 170018 象牙白三棱柱; 171018 象牙白弧板; 172018 象牙白薄弧板; 173018 象牙白大薄弧板; 174018 象牙白竖薄弧板; 175018 象牙白大竖薄弧板; 176018 象牙白棱锥,贴图列+_snow
planks_birch_snow_horizontal_halftriangle.png,169 象牙白竖薄板; 208 象牙白木板; 516 象牙白薄板; 522 象牙白楼梯; 1261 象牙白斜板; 1301 象牙白薄斜板; 1302 象牙白大薄斜板; 1345 象牙白竖薄斜板; 1346 象牙白竖大薄斜板; 1372 象牙白竖板; 170018 象牙白三棱柱; 171018 象牙白弧板; 172018 象牙白薄弧板; 173018 象牙白大薄弧板; 174018 象牙白竖薄弧板; 175018 象牙白大竖薄弧板; 176018 象牙白棱锥,贴图列+_snow
planks_birch_snow_side.png,169 象牙白竖薄板; 208 象牙白木板; 516 象牙白薄板; 522 象牙白楼梯; 1261 象牙白斜板; 1301 象牙白薄斜板; 1302 象牙白大薄斜板; 1345 象牙白竖薄斜板; 1346 象牙白竖大薄斜板; 1372 象牙白竖板; 170018 象牙白三棱柱; 171018 象牙白弧板; 172018 象牙白薄弧板; 173018 象牙白大薄弧板; 174018 象牙白竖薄弧板; 175018 象牙白大竖薄弧板; 176018 象牙白棱锥,贴图列+_snow
planks_birch_snow_trapezoid_down.png,169 象牙白竖薄板; 208 象牙白木板; 516 象牙白薄板; 522 象牙白楼梯; 1261 象牙白斜板; 1301 象牙白薄斜板; 1302 象牙白大薄斜板; 1345 象牙白竖薄斜板; 1346 象牙白竖大薄斜板; 1372 象牙白竖板; 170018 象牙白三棱柱; 171018 象牙白弧板; 172018 象牙白薄弧板; 173018 象牙白大薄弧板; 174018 象牙白竖薄弧板; 175018 象牙白大竖薄弧板; 176018 象牙白棱锥,贴图列+_snow
planks_birch_snow_trapezoid_up.png,169 象牙白竖薄板; 208 象牙白木板; 516 象牙白薄板; 522 象牙白楼梯; 1261 象牙白斜板; 1301 象牙白薄斜板; 1302 象牙白大薄斜板; 1345 象牙白竖薄斜板; 1346 象牙白竖大薄斜板; 1372 象牙白竖板; 170018 象牙白三棱柱; 171018 象牙白弧板; 172018 象牙白薄弧板; 173018 象牙白大薄弧板; 174018 象牙白竖薄弧板; 175018 象牙白大竖薄弧板; 176018 象牙白棱锥,贴图列+_snow
planks_birch_snow_trapezoid_up_second.png,169 象牙白竖薄板; 208 象牙白木板; 516 象牙白薄板; 522 象牙白楼梯; 1261 象牙白斜板; 1301 象牙白薄斜板; 1302 象牙白大薄斜板; 1345 象牙白竖薄斜板; 1346 象牙白竖大薄斜板; 1372 象牙白竖板; 170018 象牙白三棱柱; 171018 象牙白弧板; 172018 象牙白薄弧板; 173018 象牙白大薄弧板; 174018 象牙白竖薄弧板; 175018 象牙白大竖薄弧板; 176018 象牙白棱锥,贴图列+_snow
planks_birch_snow_triangle.png,169 象牙白竖薄板; 208 象牙白木板; 516 象牙白薄板; 522 象牙白楼梯; 1261 象牙白斜板; 1301 象牙白薄斜板; 1302 象牙白大薄斜板; 1345 象牙白竖薄斜板; 1346 象牙白竖大薄斜板; 1372 象牙白竖板; 170018 象牙白三棱柱; 171018 象牙白弧板; 172018 象牙白薄弧板; 173018 象牙白大薄弧板; 174018 象牙白竖薄弧板; 175018 象牙白大竖薄弧板; 176018 象牙白棱锥,贴图列+_snow
planks_birch_snow_vertical_halftriangle.png,169 象牙白竖薄板; 208 象牙白木板; 516 象牙白薄板; 522 象牙白楼梯; 1261 象牙白斜板; 1301 象牙白薄斜板; 1302 象牙白大薄斜板; 1345 象牙白竖薄斜板; 1346 象牙白竖大薄斜板; 1372 象牙白竖板; 170018 象牙白三棱柱; 171018 象牙白弧板; 172018 象牙白薄弧板; 173018 象牙白大薄弧板; 174018 象牙白竖薄弧板; 175018 象牙白大竖薄弧板; 176018 象牙白棱锥,贴图列+_snow
planks_cathaya.png,170 秋叶橙竖薄板; 207 秋叶橙木板; 515 秋叶橙薄板; 521 秋叶橙楼梯; 1262 秋叶橙斜板; 1303 秋叶橙薄斜板; 1304 秋叶橙大薄斜板; 1347 秋叶橙竖薄斜板; 1348 秋叶橙竖大薄斜板; 1373 秋叶橙竖板; 170019 秋叶橙三棱柱; 171019 秋叶橙弧板; 172019 秋叶橙薄弧板; 173019 秋叶橙大薄弧板; 174019 秋叶橙竖薄弧板; 175019 秋叶橙大竖薄弧板; 176019 秋叶橙棱锥,贴图列精确
planks_cathaya_mix.png,170 秋叶橙竖薄板; 207 秋叶橙木板; 515 秋叶橙薄板; 521 秋叶橙楼梯; 1262 秋叶橙斜板; 1303 秋叶橙薄斜板; 1304 秋叶橙大薄斜板; 1347 秋叶橙竖薄斜板; 1348 秋叶橙竖大薄斜板; 1373 秋叶橙竖板; 170019 秋叶橙三棱柱; 171019 秋叶橙弧板; 172019 秋叶橙薄弧板; 173019 秋叶橙大薄弧板; 174019 秋叶橙竖薄弧板; 175019 秋叶橙大竖薄弧板; 176019 秋叶橙棱锥,贴图列+_mix
planks_cathaya_snow_down_more.png,170 秋叶橙竖薄板; 207 秋叶橙木板; 515 秋叶橙薄板; 521 秋叶橙楼梯; 1262 秋叶橙斜板; 1303 秋叶橙薄斜板; 1304 秋叶橙大薄斜板; 1347 秋叶橙竖薄斜板; 1348 秋叶橙竖大薄斜板; 1373 秋叶橙竖板; 170019 秋叶橙三棱柱; 171019 秋叶橙弧板; 172019 秋叶橙薄弧板; 173019 秋叶橙大薄弧板; 174019 秋叶橙竖薄弧板; 175019 秋叶橙大竖薄弧板; 176019 秋叶橙棱锥,贴图列+_snow
planks_cathaya_snow_horizontal_halftriangle.png,170 秋叶橙竖薄板; 207 秋叶橙木板; 515 秋叶橙薄板; 521 秋叶橙楼梯; 1262 秋叶橙斜板; 1303 秋叶橙薄斜板; 1304 秋叶橙大薄斜板; 1347 秋叶橙竖薄斜板; 1348 秋叶橙竖大薄斜板; 1373 秋叶橙竖板; 170019 秋叶橙三棱柱; 171019 秋叶橙弧板; 172019 秋叶橙薄弧板; 173019 秋叶橙大薄弧板; 174019 秋叶橙竖薄弧板; 175019 秋叶橙大竖薄弧板; 176019 秋叶橙棱锥,贴图列+_snow
planks_cathaya_snow_side.png,170 秋叶橙竖薄板; 207 秋叶橙木板; 515 秋叶橙薄板; 521 秋叶橙楼梯; 1262 秋叶橙斜板; 1303 秋叶橙薄斜板; 1304 秋叶橙大薄斜板; 1347 秋叶橙竖薄斜板; 1348 秋叶橙竖大薄斜板; 1373 秋叶橙竖板; 170019 秋叶橙三棱柱; 171019 秋叶橙弧板; 172019 秋叶橙薄弧板; 173019 秋叶橙大薄弧板; 174019 秋叶橙竖薄弧板; 175019 秋叶橙大竖薄弧板; 176019 秋叶橙棱锥,贴图列+_snow
planks_cathaya_snow_trapezoid_down.png,170 秋叶橙竖薄板; 207 秋叶橙木板; 515 秋叶橙薄板; 521 秋叶橙楼梯; 1262 秋叶橙斜板; 1303 秋叶橙薄斜板; 1304 秋叶橙大薄斜板; 1347 秋叶橙竖薄斜板; 1348 秋叶橙竖大薄斜板; 1373 秋叶橙竖板; 170019 秋叶橙三棱柱; 171019 秋叶橙弧板; 172019 秋叶橙薄弧板; 173019 秋叶橙大薄弧板; 174019 秋叶橙竖薄弧板; 175019 秋叶橙大竖薄弧板; 176019 秋叶橙棱锥,贴图列+_snow
planks_cathaya_snow_trapezoid_up.png,170 秋叶橙竖薄板; 207 秋叶橙木板; 515 秋叶橙薄板; 521 秋叶橙楼梯; 1262 秋叶橙斜板; 1303 秋叶橙薄斜板; 1304 秋叶橙大薄斜板; 1347 秋叶橙竖薄斜板; 1348 秋叶橙竖大薄斜板; 1373 秋叶橙竖板; 170019 秋叶橙三棱柱; 171019 秋叶橙弧板; 172019 秋叶橙薄弧板; 173019 秋叶橙大薄弧板; 174019 秋叶橙竖薄弧板; 175019 秋叶橙大竖薄弧板; 176019 秋叶橙棱锥,贴图列+_snow
planks_cathaya_snow_trapezoid_up_second.png,170 秋叶橙竖薄板; 207 秋叶橙木板; 515 秋叶橙薄板; 521 秋叶橙楼梯; 1262 秋叶橙斜板; 1303 秋叶橙薄斜板; 1304 秋叶橙大薄斜板; 1347 秋叶橙竖薄斜板; 1348 秋叶橙竖大薄斜板; 1373 秋叶橙竖板; 170019 秋叶橙三棱柱; 171019 秋叶橙弧板; 172019 秋叶橙薄弧板; 173019 秋叶橙大薄弧板; 174019 秋叶橙竖薄弧板; 175019 秋叶橙大竖薄弧板; 176019 秋叶橙棱锥,贴图列+_snow
planks_cathaya_snow_triangle.png,170 秋叶橙竖薄板; 207 秋叶橙木板; 515 秋叶橙薄板; 521 秋叶橙楼梯; 1262 秋叶橙斜板; 1303 秋叶橙薄斜板; 1304 秋叶橙大薄斜板; 1347 秋叶橙竖薄斜板; 1348 秋叶橙竖大薄斜板; 1373 秋叶橙竖板; 170019 秋叶橙三棱柱; 171019 秋叶橙弧板; 172019 秋叶橙薄弧板; 173019 秋叶橙大薄弧板; 174019 秋叶橙竖薄弧板; 175019 秋叶橙大竖薄弧板; 176019 秋叶橙棱锥,贴图列+_snow
planks_cathaya_snow_vertical_halftriangle.png,170 秋叶橙竖薄板; 207 秋叶橙木板; 515 秋叶橙薄板; 521 秋叶橙楼梯; 1262 秋叶橙斜板; 1303 秋叶橙薄斜板; 1304 秋叶橙大薄斜板; 1347 秋叶橙竖薄斜板; 1348 秋叶橙竖大薄斜板; 1373 秋叶橙竖板; 170019 秋叶橙三棱柱; 171019 秋叶橙弧板; 172019 秋叶橙薄弧板; 173019 秋叶橙大薄弧板; 174019 秋叶橙竖薄弧板; 175019 秋叶橙大竖薄弧板; 176019 秋叶橙棱锥,贴图列+_snow
planks_coconut.png,174 浅苍灰竖薄板; 1380 浅苍灰木板; 1381 浅苍灰楼梯; 1382 浅苍灰薄板; 1383 浅苍灰斜板; 1384 浅苍灰薄斜板; 1385 浅苍灰大薄斜板; 1386 浅苍灰竖薄斜板; 1387 浅苍灰竖大薄斜板; 1388 浅苍灰竖板; 170023 浅苍灰三棱柱; 171023 浅苍灰弧板; 172023 浅苍灰薄弧板; 173023 浅苍灰大薄弧板; 174023 浅苍灰竖薄弧板; 175023 浅苍灰大竖薄弧板; 176023 浅苍灰棱锥,贴图列精确
planks_coconut_mix.png,174 浅苍灰竖薄板; 1380 浅苍灰木板; 1381 浅苍灰楼梯; 1382 浅苍灰薄板; 1383 浅苍灰斜板; 1384 浅苍灰薄斜板; 1385 浅苍灰大薄斜板; 1386 浅苍灰竖薄斜板; 1387 浅苍灰竖大薄斜板; 1388 浅苍灰竖板; 170023 浅苍灰三棱柱; 171023 浅苍灰弧板; 172023 浅苍灰薄弧板; 173023 浅苍灰大薄弧板; 174023 浅苍灰竖薄弧板; 175023 浅苍灰大竖薄弧板; 176023 浅苍灰棱锥,贴图列+_mix
planks_coconut_snow_down_more.png,174 浅苍灰竖薄板; 1380 浅苍灰木板; 1381 浅苍灰楼梯; 1382 浅苍灰薄板; 1383 浅苍灰斜板; 1384 浅苍灰薄斜板; 1385 浅苍灰大薄斜板; 1386 浅苍灰竖薄斜板; 1387 浅苍灰竖大薄斜板; 1388 浅苍灰竖板; 170023 浅苍灰三棱柱; 171023 浅苍灰弧板; 172023 浅苍灰薄弧板; 173023 浅苍灰大薄弧板; 174023 浅苍灰竖薄弧板; 175023 浅苍灰大竖薄弧板; 176023 浅苍灰棱锥,贴图列+_snow
planks_coconut_snow_horizontal_halftriangle.png,174 浅苍灰竖薄板; 1380 浅苍灰木板; 1381 浅苍灰楼梯; 1382 浅苍灰薄板; 1383 浅苍灰斜板; 1384 浅苍灰薄斜板; 1385 浅苍灰大薄斜板; 1386 浅苍灰竖薄斜板; 1387 浅苍灰竖大薄斜板; 1388 浅苍灰竖板; 170023 浅苍灰三棱柱; 171023 浅苍灰弧板; 172023 浅苍灰薄弧板; 173023 浅苍灰大薄弧板; 174023 浅苍灰竖薄弧板; 175023 浅苍灰大竖薄弧板; 176023 浅苍灰棱锥,贴图列+_snow
planks_coconut_snow_side.png,174 浅苍灰竖薄板; 1380 浅苍灰木板; 1381 浅苍灰楼梯; 1382 浅苍灰薄板; 1383 浅苍灰斜板; 1384 浅苍灰薄斜板; 1385 浅苍灰大薄斜板; 1386 浅苍灰竖薄斜板; 1387 浅苍灰竖大薄斜板; 1388 浅苍灰竖板; 170023 浅苍灰三棱柱; 171023 浅苍灰弧板; 172023 浅苍灰薄弧板; 173023 浅苍灰大薄弧板; 174023 浅苍灰竖薄弧板; 175023 浅苍灰大竖薄弧板; 176023 浅苍灰棱锥,贴图列+_snow
planks_coconut_snow_trapezoid_down.png,174 浅苍灰竖薄板; 1380 浅苍灰木板; 1381 浅苍灰楼梯; 1382 浅苍灰薄板; 1383 浅苍灰斜板; 1384 浅苍灰薄斜板; 1385 浅苍灰大薄斜板; 1386 浅苍灰竖薄斜板; 1387 浅苍灰竖大薄斜板; 1388 浅苍灰竖板; 170023 浅苍灰三棱柱; 171023 浅苍灰弧板; 172023 浅苍灰薄弧板; 173023 浅苍灰大薄弧板; 174023 浅苍灰竖薄弧板; 175023 浅苍灰大竖薄弧板; 176023 浅苍灰棱锥,贴图列+_snow
planks_coconut_snow_trapezoid_up.png,174 浅苍灰竖薄板; 1380 浅苍灰木板; 1381 浅苍灰楼梯; 1382 浅苍灰薄板; 1383 浅苍灰斜板; 1384 浅苍灰薄斜板; 1385 浅苍灰大薄斜板; 1386 浅苍灰竖薄斜板; 1387 浅苍灰竖大薄斜板; 1388 浅苍灰竖板; 170023 浅苍灰三棱柱; 171023 浅苍灰弧板; 172023 浅苍灰薄弧板; 173023 浅苍灰大薄弧板; 174023 浅苍灰竖薄弧板; 175023 浅苍灰大竖薄弧板; 176023 浅苍灰棱锥,贴图列+_snow
planks_coconut_snow_trapezoid_up_second.png,174 浅苍灰竖薄板; 1380 浅苍灰木板; 1381 浅苍灰楼梯; 1382 浅苍灰薄板; 1383 浅苍灰斜板; 1384 浅苍灰薄斜板; 1385 浅苍灰大薄斜板; 1386 浅苍灰竖薄斜板; 1387 浅苍灰竖大薄斜板; 1388 浅苍灰竖板; 170023 浅苍灰三棱柱; 171023 浅苍灰弧板; 172023 浅苍灰薄弧板; 173023 浅苍灰大薄弧板; 174023 浅苍灰竖薄弧板; 175023 浅苍灰大竖薄弧板; 176023 浅苍灰棱锥,贴图列+_snow
planks_coconut_snow_triangle.png,174 浅苍灰竖薄板; 1380 浅苍灰木板; 1381 浅苍灰楼梯; 1382 浅苍灰薄板; 1383 浅苍灰斜板; 1384 浅苍灰薄斜板; 1385 浅苍灰大薄斜板; 1386 浅苍灰竖薄斜板; 1387 浅苍灰竖大薄斜板; 1388 浅苍灰竖板; 170023 浅苍灰三棱柱; 171023 浅苍灰弧板; 172023 浅苍灰薄弧板; 173023 浅苍灰大薄弧板; 174023 浅苍灰竖薄弧板; 175023 浅苍灰大竖薄弧板; 176023 浅苍灰棱锥,贴图列+_snow
planks_coconut_snow_vertical_halftriangle.png,174 浅苍灰竖薄板; 1380 浅苍灰木板; 1381 浅苍灰楼梯; 1382 浅苍灰薄板; 1383 浅苍灰斜板; 1384 浅苍灰薄斜板; 1385 浅苍灰大薄斜板; 1386 浅苍灰竖薄斜板; 1387 浅苍灰竖大薄斜板; 1388 浅苍灰竖板; 170023 浅苍灰三棱柱; 171023 浅苍灰弧板; 172023 浅苍灰薄弧板; 173023 浅苍灰大薄弧板; 174023 浅苍灰竖薄弧板; 175023 浅苍灰大竖薄弧板; 176023 浅苍灰棱锥,贴图列+_snow
planks_fruittree.png,171 竖薄板; 206 木板; 514 薄板; 520 楼梯; 1263 斜板; 1305 薄斜板; 1306 大薄斜板; 1349 竖薄斜板; 1350 竖大薄斜板; 1374 竖板; 170020 三棱柱; 171020 弧板; 172020 薄弧板; 173020 大薄弧板; 174020 竖薄弧板; 175020 大竖薄弧板; 176020 棱锥,贴图列精确
planks_fruittree_mix.png,171 竖薄板; 206 木板; 514 薄板; 520 楼梯; 1263 斜板; 1305 薄斜板; 1306 大薄斜板; 1349 竖薄斜板; 1350 竖大薄斜板; 1374 竖板; 170020 三棱柱; 171020 弧板; 172020 薄弧板; 173020 大薄弧板; 174020 竖薄弧板; 175020 大竖薄弧板; 176020 棱锥,贴图列+_mix
planks_fruittree_snow_down_more.png,171 竖薄板; 206 木板; 514 薄板; 520 楼梯; 1263 斜板; 1305 薄斜板; 1306 大薄斜板; 1349 竖薄斜板; 1350 竖大薄斜板; 1374 竖板; 170020 三棱柱; 171020 弧板; 172020 薄弧板; 173020 大薄弧板; 174020 竖薄弧板; 175020 大竖薄弧板; 176020 棱锥,贴图列+_snow
planks_fruittree_snow_horizontal_halftriangle.png,171 竖薄板; 206 木板; 514 薄板; 520 楼梯; 1263 斜板; 1305 薄斜板; 1306 大薄斜板; 1349 竖薄斜板; 1350 竖大薄斜板; 1374 竖板; 170020 三棱柱; 171020 弧板; 172020 薄弧板; 173020 大薄弧板; 174020 竖薄弧板; 175020 大竖薄弧板; 176020 棱锥,贴图列+_snow
planks_fruittree_snow_side.png,171 竖薄板; 206 木板; 514 薄板; 520 楼梯; 1263 斜板; 1305 薄斜板; 1306 大薄斜板; 1349 竖薄斜板; 1350 竖大薄斜板; 1374 竖板; 170020 三棱柱; 171020 弧板; 172020 薄弧板; 173020 大薄弧板; 174020 竖薄弧板; 175020 大竖薄弧板; 176020 棱锥,贴图列+_snow
planks_fruittree_snow_trapezoid_down.png,171 竖薄板; 206 木板; 514 薄板; 520 楼梯; 1263 斜板; 1305 薄斜板; 1306 大薄斜板; 1349 竖薄斜板; 1350 竖大薄斜板; 1374 竖板; 170020 三棱柱; 171020 弧板; 172020 薄弧板; 173020 大薄弧板; 174020 竖薄弧板; 175020 大竖薄弧板; 176020 棱锥,贴图列+_snow
planks_fruittree_snow_trapezoid_up.png,171 竖薄板; 206 木板; 514 薄板; 520 楼梯; 1263 斜板; 1305 薄斜板; 1306 大薄斜板; 1349 竖薄斜板; 1350 竖大薄斜板; 1374 竖板; 170020 三棱柱; 171020 弧板; 172020 薄弧板; 173020 大薄弧板; 174020 竖薄弧板; 175020 大竖薄弧板; 176020 棱锥,贴图列+_snow
planks_fruittree_snow_trapezoid_up_second.png,171 竖薄板; 206 木板; 514 薄板; 520 楼梯; 1263 斜板; 1305 薄斜板; 1306 大薄斜板; 1349 竖薄斜板; 1350 竖大薄斜板; 1374 竖板; 170020 三棱柱; 171020 弧板; 172020 薄弧板; 173020 大薄弧板; 174020 竖薄弧板; 175020 大竖薄弧板; 176020 棱锥,贴图列+_snow
planks_fruittree_snow_triangle.png,171 竖薄板; 206 木板; 514 薄板; 520 楼梯; 1263 斜板; 1305 薄斜板; 1306 大薄斜板; 1349 竖薄斜板; 1350 竖大薄斜板; 1374 竖板; 170020 三棱柱; 171020 弧板; 172020 薄弧板; 173020 大薄弧板; 174020 竖薄弧板; 175020 大竖薄弧板; 176020 棱锥,贴图列+_snow
planks_fruittree_snow_vertical_halftriangle.png,171 竖薄板; 206 木板; 514 薄板; 520 楼梯; 1263 斜板; 1305 薄斜板; 1306 大薄斜板; 1349 竖薄斜板; 1350 竖大薄斜板; 1374 竖板; 170020 三棱柱; 171020 弧板; 172020 薄弧板; 173020 大薄弧板; 174020 竖薄弧板; 175020 大竖薄弧板; 176020 棱锥,贴图列+_snow
planks_leafless.png,165 苍石灰竖薄板; 265 无叶珍木木板; 574 苍石灰薄板; 575 苍石灰楼梯; 1257 苍石灰斜板; 1293 苍石灰薄斜板; 1294 苍石灰大薄斜板; 1337 苍石灰竖薄斜板; 1338 苍石灰竖大薄斜板; 1368 苍石灰竖板; 170014 苍石灰三棱柱; 171014 苍石灰弧板; 172014 苍石灰薄弧板; 173014 苍石灰大薄弧板; 174014 苍石灰竖薄弧板; 175014 苍石灰大竖薄弧板; 176014 苍石灰棱锥,贴图列精确
planks_leafless_mix.png,165 苍石灰竖薄板; 265 无叶珍木木板; 574 苍石灰薄板; 575 苍石灰楼梯; 1257 苍石灰斜板; 1293 苍石灰薄斜板; 1294 苍石灰大薄斜板; 1337 苍石灰竖薄斜板; 1338 苍石灰竖大薄斜板; 1368 苍石灰竖板; 170014 苍石灰三棱柱; 171014 苍石灰弧板; 172014 苍石灰薄弧板; 173014 苍石灰大薄弧板; 174014 苍石灰竖薄弧板; 175014 苍石灰大竖薄弧板; 176014 苍石灰棱锥,贴图列+_mix
planks_leafless_snow_down_more.png,165 苍石灰竖薄板; 265 无叶珍木木板; 574 苍石灰薄板; 575 苍石灰楼梯; 1257 苍石灰斜板; 1293 苍石灰薄斜板; 1294 苍石灰大薄斜板; 1337 苍石灰竖薄斜板; 1338 苍石灰竖大薄斜板; 1368 苍石灰竖板; 170014 苍石灰三棱柱; 171014 苍石灰弧板; 172014 苍石灰薄弧板; 173014 苍石灰大薄弧板; 174014 苍石灰竖薄弧板; 175014 苍石灰大竖薄弧板; 176014 苍石灰棱锥,贴图列+_snow
planks_leafless_snow_horizontal_halftriangle.png,165 苍石灰竖薄板; 265 无叶珍木木板; 574 苍石灰薄板; 575 苍石灰楼梯; 1257 苍石灰斜板; 1293 苍石灰薄斜板; 1294 苍石灰大薄斜板; 1337 苍石灰竖薄斜板; 1338 苍石灰竖大薄斜板; 1368 苍石灰竖板; 170014 苍石灰三棱柱; 171014 苍石灰弧板; 172014 苍石灰薄弧板; 173014 苍石灰大薄弧板; 174014 苍石灰竖薄弧板; 175014 苍石灰大竖薄弧板; 176014 苍石灰棱锥,贴图列+_snow
planks_leafless_snow_side.png,165 苍石灰竖薄板; 265 无叶珍木木板; 574 苍石灰薄板; 575 苍石灰楼梯; 1257 苍石灰斜板; 1293 苍石灰薄斜板; 1294 苍石灰大薄斜板; 1337 苍石灰竖薄斜板; 1338 苍石灰竖大薄斜板; 1368 苍石灰竖板; 170014 苍石灰三棱柱; 171014 苍石灰弧板; 172014 苍石灰薄弧板; 173014 苍石灰大薄弧板; 174014 苍石灰竖薄弧板; 175014 苍石灰大竖薄弧板; 176014 苍石灰棱锥,贴图列+_snow
planks_leafless_snow_trapezoid_down.png,165 苍石灰竖薄板; 265 无叶珍木木板; 574 苍石灰薄板; 575 苍石灰楼梯; 1257 苍石灰斜板; 1293 苍石灰薄斜板; 1294 苍石灰大薄斜板; 1337 苍石灰竖薄斜板; 1338 苍石灰竖大薄斜板; 1368 苍石灰竖板; 170014 苍石灰三棱柱; 171014 苍石灰弧板; 172014 苍石灰薄弧板; 173014 苍石灰大薄弧板; 174014 苍石灰竖薄弧板; 175014 苍石灰大竖薄弧板; 176014 苍石灰棱锥,贴图列+_snow
planks_leafless_snow_trapezoid_up.png,165 苍石灰竖薄板; 265 无叶珍木木板; 574 苍石灰薄板; 575 苍石灰楼梯; 1257 苍石灰斜板; 1293 苍石灰薄斜板; 1294 苍石灰大薄斜板; 1337 苍石灰竖薄斜板; 1338 苍石灰竖大薄斜板; 1368 苍石灰竖板; 170014 苍石灰三棱柱; 171014 苍石灰弧板; 172014 苍石灰薄弧板; 173014 苍石灰大薄弧板; 174014 苍石灰竖薄弧板; 175014 苍石灰大竖薄弧板; 176014 苍石灰棱锥,贴图列+_snow
planks_leafless_snow_trapezoid_up_second.png,165 苍石灰竖薄板; 265 无叶珍木木板; 574 苍石灰薄板; 575 苍石灰楼梯; 1257 苍石灰斜板; 1293 苍石灰薄斜板; 1294 苍石灰大薄斜板; 1337 苍石灰竖薄斜板; 1338 苍石灰竖大薄斜板; 1368 苍石灰竖板; 170014 苍石灰三棱柱; 171014 苍石灰弧板; 172014 苍石灰薄弧板; 173014 苍石灰大薄弧板; 174014 苍石灰竖薄弧板; 175014 苍石灰大竖薄弧板; 176014 苍石灰棱锥,贴图列+_snow
planks_leafless_snow_triangle.png,165 苍石灰竖薄板; 265 无叶珍木木板; 574 苍石灰薄板; 575 苍石灰楼梯; 1257 苍石灰斜板; 1293 苍石灰薄斜板; 1294 苍石灰大薄斜板; 1337 苍石灰竖薄斜板; 1338 苍石灰竖大薄斜板; 1368 苍石灰竖板; 170014 苍石灰三棱柱; 171014 苍石灰弧板; 172014 苍石灰薄弧板; 173014 苍石灰大薄弧板; 174014 苍石灰竖薄弧板; 175014 苍石灰大竖薄弧板; 176014 苍石灰棱锥,贴图列+_snow
planks_leafless_snow_vertical_halftriangle.png,165 苍石灰竖薄板; 265 无叶珍木木板; 574 苍石灰薄板; 575 苍石灰楼梯; 1257 苍石灰斜板; 1293 苍石灰薄斜板; 1294 苍石灰大薄斜板; 1337 苍石灰竖薄斜板; 1338 苍石灰竖大薄斜板; 1368 苍石灰竖板; 170014 苍石灰三棱柱; 171014 苍石灰弧板; 172014 苍石灰薄弧板; 173014 苍石灰大薄弧板; 174014 苍石灰竖薄弧板; 175014 苍石灰大竖薄弧板; 176014 苍石灰棱锥,贴图列+_snow
planks_leafy.png,264 苍石灰木板,贴图列精确
planks_leafy_mix.png,264 苍石灰木板,贴图列+_mix
planks_peachblossom.png,154 胭脂红竖薄板; 562 胭脂红木板; 564 胭脂红薄板; 566 胭脂红楼梯; 1246 胭脂红斜板; 1271 胭脂红薄斜板; 1272 胭脂红大薄斜板; 1315 胭脂红竖薄斜板; 1316 胭脂红竖大薄斜板; 1357 胭脂红竖板; 150747 一体化收割机; 170003 胭脂红三棱柱; 171003 胭脂红弧板; 172003 胭脂红薄弧板; 173003 胭脂红大薄弧板; 174003 胭脂红竖薄弧板; 175003 胭脂红大竖薄弧板; 176003 胭脂红棱锥,贴图列精确
planks_peachblossom_mix.png,154 胭脂红竖薄板; 562 胭脂红木板; 564 胭脂红薄板; 566 胭脂红楼梯; 1246 胭脂红斜板; 1271 胭脂红薄斜板; 1272 胭脂红大薄斜板; 1315 胭脂红竖薄斜板; 1316 胭脂红竖大薄斜板; 1357 胭脂红竖板; 150747 一体化收割机; 170003 胭脂红三棱柱; 171003 胭脂红弧板; 172003 胭脂红薄弧板; 173003 胭脂红大薄弧板; 174003 胭脂红竖薄弧板; 175003 胭脂红大竖薄弧板; 176003 胭脂红棱锥,贴图列+_mix
planks_peachblossom_snow_down_more.png,154 胭脂红竖薄板; 562 胭脂红木板; 564 胭脂红薄板; 566 胭脂红楼梯; 1246 胭脂红斜板; 1271 胭脂红薄斜板; 1272 胭脂红大薄斜板; 1315 胭脂红竖薄斜板; 1316 胭脂红竖大薄斜板; 1357 胭脂红竖板; 150747 一体化收割机; 170003 胭脂红三棱柱; 171003 胭脂红弧板; 172003 胭脂红薄弧板; 173003 胭脂红大薄弧板; 174003 胭脂红竖薄弧板; 175003 胭脂红大竖薄弧板; 176003 胭脂红棱锥,贴图列+_snow
planks_peachblossom_snow_horizontal_halftriangle.png,154 胭脂红竖薄板; 562 胭脂红木板; 564 胭脂红薄板; 566 胭脂红楼梯; 1246 胭脂红斜板; 1271 胭脂红薄斜板; 1272 胭脂红大薄斜板; 1315 胭脂红竖薄斜板; 1316 胭脂红竖大薄斜板; 1357 胭脂红竖板; 150747 一体化收割机; 170003 胭脂红三棱柱; 171003 胭脂红弧板; 172003 胭脂红薄弧板; 173003 胭脂红大薄弧板; 174003 胭脂红竖薄弧板; 175003 胭脂红大竖薄弧板; 176003 胭脂红棱锥,贴图列+_snow
planks_peachblossom_snow_side.png,154 胭脂红竖薄板; 562 胭脂红木板; 564 胭脂红薄板; 566 胭脂红楼梯; 1246 胭脂红斜板; 1271 胭脂红薄斜板; 1272 胭脂红大薄斜板; 1315 胭脂红竖薄斜板; 1316 胭脂红竖大薄斜板; 1357 胭脂红竖板; 150747 一体化收割机; 170003 胭脂红三棱柱; 171003 胭脂红弧板; 172003 胭脂红薄弧板; 173003 胭脂红大薄弧板; 174003 胭脂红竖薄弧板; 175003 胭脂红大竖薄弧板; 176003 胭脂红棱锥,贴图列+_snow
planks_peachblossom_snow_trapezoid_down.png,154 胭脂红竖薄板; 562 胭脂红木板; 564 胭脂红薄板; 566 胭脂红楼梯; 1246 胭脂红斜板; 1271 胭脂红薄斜板; 1272 胭脂红大薄斜板; 1315 胭脂红竖薄斜板; 1316 胭脂红竖大薄斜板; 1357 胭脂红竖板; 150747 一体化收割机; 170003 胭脂红三棱柱; 171003 胭脂红弧板; 172003 胭脂红薄弧板; 173003 胭脂红大薄弧板; 174003 胭脂红竖薄弧板; 175003 胭脂红大竖薄弧板; 176003 胭脂红棱锥,贴图列+_snow
planks_peachblossom_snow_trapezoid_up.png,154 胭脂红竖薄板; 562 胭脂红木板; 564 胭脂红薄板; 566 胭脂红楼梯; 1246 胭脂红斜板; 1271 胭脂红薄斜板; 1272 胭脂红大薄斜板; 1315 胭脂红竖薄斜板; 1316 胭脂红竖大薄斜板; 1357 胭脂红竖板; 150747 一体化收割机; 170003 胭脂红三棱柱; 171003 胭脂红弧板; 172003 胭脂红薄弧板; 173003 胭脂红大薄弧板; 174003 胭脂红竖薄弧板; 175003 胭脂红大竖薄弧板; 176003 胭脂红棱锥,贴图列+_snow
planks_peachblossom_snow_trapezoid_up_second.png,154 胭脂红竖薄板; 562 胭脂红木板; 564 胭脂红薄板; 566 胭脂红楼梯; 1246 胭脂红斜板; 1271 胭脂红薄斜板; 1272 胭脂红大薄斜板; 1315 胭脂红竖薄斜板; 1316 胭脂红竖大薄斜板; 1357 胭脂红竖板; 150747 一体化收割机; 170003 胭脂红三棱柱; 171003 胭脂红弧板; 172003 胭脂红薄弧板; 173003 胭脂红大薄弧板; 174003 胭脂红竖薄弧板; 175003 胭脂红大竖薄弧板; 176003 胭脂红棱锥,贴图列+_snow
planks_peachblossom_snow_triangle.png,154 胭脂红竖薄板; 562 胭脂红木板; 564 胭脂红薄板; 566 胭脂红楼梯; 1246 胭脂红斜板; 1271 胭脂红薄斜板; 1272 胭脂红大薄斜板; 1315 胭脂红竖薄斜板; 1316 胭脂红竖大薄斜板; 1357 胭脂红竖板; 150747 一体化收割机; 170003 胭脂红三棱柱; 171003 胭脂红弧板; 172003 胭脂红薄弧板; 173003 胭脂红大薄弧板; 174003 胭脂红竖薄弧板; 175003 胭脂红大竖薄弧板; 176003 胭脂红棱锥,贴图列+_snow
planks_peachblossom_snow_vertical_halftriangle.png,154 胭脂红竖薄板; 562 胭脂红木板; 564 胭脂红薄板; 566 胭脂红楼梯; 1246 胭脂红斜板; 1271 胭脂红薄斜板; 1272 胭脂红大薄斜板; 1315 胭脂红竖薄斜板; 1316 胭脂红竖大薄斜板; 1357 胭脂红竖板; 150747 一体化收割机; 170003 胭脂红三棱柱; 171003 胭脂红弧板; 172003 胭脂红薄弧板; 173003 胭脂红大薄弧板; 174003 胭脂红竖薄弧板; 175003 胭脂红大竖薄弧板; 176003 胭脂红棱锥,贴图列+_snow
planks_phoebe.png,167 落日橙竖薄板; 210 落日橙木板; 518 落日橙薄板; 524 落日橙楼梯; 1259 落日橙斜板; 1297 落日橙薄斜板; 1298 落日橙大薄斜板; 1341 落日橙竖薄斜板; 1342 落日橙竖大薄斜板; 1370 落日橙竖板; 170016 落日橙三棱柱; 171016 落日橙弧板; 172016 落日橙薄弧板; 173016 落日橙大薄弧板; 174016 落日橙竖薄弧板; 175016 落日橙大竖薄弧板; 176016 落日橙棱锥,贴图列精确
planks_phoebe_mix.png,167 落日橙竖薄板; 210 落日橙木板; 518 落日橙薄板; 524 落日橙楼梯; 1259 落日橙斜板; 1297 落日橙薄斜板; 1298 落日橙大薄斜板; 1341 落日橙竖薄斜板; 1342 落日橙竖大薄斜板; 1370 落日橙竖板; 170016 落日橙三棱柱; 171016 落日橙弧板; 172016 落日橙薄弧板; 173016 落日橙大薄弧板; 174016 落日橙竖薄弧板; 175016 落日橙大竖薄弧板; 176016 落日橙棱锥,贴图列+_mix
planks_phoebe_snow_down_more.png,167 落日橙竖薄板; 210 落日橙木板; 518 落日橙薄板; 524 落日橙楼梯; 1259 落日橙斜板; 1297 落日橙薄斜板; 1298 落日橙大薄斜板; 1341 落日橙竖薄斜板; 1342 落日橙竖大薄斜板; 1370 落日橙竖板; 170016 落日橙三棱柱; 171016 落日橙弧板; 172016 落日橙薄弧板; 173016 落日橙大薄弧板; 174016 落日橙竖薄弧板; 175016 落日橙大竖薄弧板; 176016 落日橙棱锥,贴图列+_snow
planks_phoebe_snow_horizontal_halftriangle.png,167 落日橙竖薄板; 210 落日橙木板; 518 落日橙薄板; 524 落日橙楼梯; 1259 落日橙斜板; 1297 落日橙薄斜板; 1298 落日橙大薄斜板; 1341 落日橙竖薄斜板; 1342 落日橙竖大薄斜板; 1370 落日橙竖板; 170016 落日橙三棱柱; 171016 落日橙弧板; 172016 落日橙薄弧板; 173016 落日橙大薄弧板; 174016 落日橙竖薄弧板; 175016 落日橙大竖薄弧板; 176016 落日橙棱锥,贴图列+_snow
planks_phoebe_snow_side.png,167 落日橙竖薄板; 210 落日橙木板; 518 落日橙薄板; 524 落日橙楼梯; 1259 落日橙斜板; 1297 落日橙薄斜板; 1298 落日橙大薄斜板; 1341 落日橙竖薄斜板; 1342 落日橙竖大薄斜板; 1370 落日橙竖板; 170016 落日橙三棱柱; 171016 落日橙弧板; 172016 落日橙薄弧板; 173016 落日橙大薄弧板; 174016 落日橙竖薄弧板; 175016 落日橙大竖薄弧板; 176016 落日橙棱锥,贴图列+_snow
planks_phoebe_snow_trapezoid_down.png,167 落日橙竖薄板; 210 落日橙木板; 518 落日橙薄板; 524 落日橙楼梯; 1259 落日橙斜板; 1297 落日橙薄斜板; 1298 落日橙大薄斜板; 1341 落日橙竖薄斜板; 1342 落日橙竖大薄斜板; 1370 落日橙竖板; 170016 落日橙三棱柱; 171016 落日橙弧板; 172016 落日橙薄弧板; 173016 落日橙大薄弧板; 174016 落日橙竖薄弧板; 175016 落日橙大竖薄弧板; 176016 落日橙棱锥,贴图列+_snow
planks_phoebe_snow_trapezoid_up.png,167 落日橙竖薄板; 210 落日橙木板; 518 落日橙薄板; 524 落日橙楼梯; 1259 落日橙斜板; 1297 落日橙薄斜板; 1298 落日橙大薄斜板; 1341 落日橙竖薄斜板; 1342 落日橙竖大薄斜板; 1370 落日橙竖板; 170016 落日橙三棱柱; 171016 落日橙弧板; 172016 落日橙薄弧板; 173016 落日橙大薄弧板; 174016 落日橙竖薄弧板; 175016 落日橙大竖薄弧板; 176016 落日橙棱锥,贴图列+_snow
planks_phoebe_snow_trapezoid_up_second.png,167 落日橙竖薄板; 210 落日橙木板; 518 落日橙薄板; 524 落日橙楼梯; 1259 落日橙斜板; 1297 落日橙薄斜板; 1298 落日橙大薄斜板; 1341 落日橙竖薄斜板; 1342 落日橙竖大薄斜板; 1370 落日橙竖板; 170016 落日橙三棱柱; 171016 落日橙弧板; 172016 落日橙薄弧板; 173016 落日橙大薄弧板; 174016 落日橙竖薄弧板; 175016 落日橙大竖薄弧板; 176016 落日橙棱锥,贴图列+_snow
planks_phoebe_snow_triangle.png,167 落日橙竖薄板; 210 落日橙木板; 518 落日橙薄板; 524 落日橙楼梯; 1259 落日橙斜板; 1297 落日橙薄斜板; 1298 落日橙大薄斜板; 1341 落日橙竖薄斜板; 1342 落日橙竖大薄斜板; 1370 落日橙竖板; 170016 落日橙三棱柱; 171016 落日橙弧板; 172016 落日橙薄弧板; 173016 落日橙大薄弧板; 174016 落日橙竖薄弧板; 175016 落日橙大竖薄弧板; 176016 落日橙棱锥,贴图列+_snow
planks_phoebe_snow_vertical_halftriangle.png,167 落日橙竖薄板; 210 落日橙木板; 518 落日橙薄板; 524 落日橙楼梯; 1259 落日橙斜板; 1297 落日橙薄斜板; 1298 落日橙大薄斜板; 1341 落日橙竖薄斜板; 1342 落日橙竖大薄斜板; 1370 落日橙竖板; 170016 落日橙三棱柱; 171016 落日橙弧板; 172016 落日橙薄弧板; 173016 落日橙大薄弧板; 174016 落日橙竖薄弧板; 175016 落日橙大竖薄弧板; 176016 落日橙棱锥,贴图列+_snow
planks_populus.png,1716 胡杨木板; 1718 胡杨薄板; 1719 胡杨楼梯,贴图列精确
planks_redwood.png,168 海棠红竖薄板; 209 海棠红木板; 517 海棠红薄板; 523 海棠红楼梯; 1260 海棠红斜板; 1299 海棠红薄斜板; 1300 海棠红大薄斜板; 1343 海棠红竖薄斜板; 1344 海棠红竖大薄斜板; 1371 海棠红竖板; 170017 海棠红三棱柱; 171017 海棠红弧板; 172017 海棠红薄弧板; 173017 海棠红大薄弧板; 174017 海棠红竖薄弧板; 175017 海棠红大竖薄弧板; 176017 海棠红棱锥,贴图列精确
planks_redwood_mix.png,168 海棠红竖薄板; 209 海棠红木板; 517 海棠红薄板; 523 海棠红楼梯; 1260 海棠红斜板; 1299 海棠红薄斜板; 1300 海棠红大薄斜板; 1343 海棠红竖薄斜板; 1344 海棠红竖大薄斜板; 1371 海棠红竖板; 170017 海棠红三棱柱; 171017 海棠红弧板; 172017 海棠红薄弧板; 173017 海棠红大薄弧板; 174017 海棠红竖薄弧板; 175017 海棠红大竖薄弧板; 176017 海棠红棱锥,贴图列+_mix
planks_redwood_snow_down_more.png,168 海棠红竖薄板; 209 海棠红木板; 517 海棠红薄板; 523 海棠红楼梯; 1260 海棠红斜板; 1299 海棠红薄斜板; 1300 海棠红大薄斜板; 1343 海棠红竖薄斜板; 1344 海棠红竖大薄斜板; 1371 海棠红竖板; 170017 海棠红三棱柱; 171017 海棠红弧板; 172017 海棠红薄弧板; 173017 海棠红大薄弧板; 174017 海棠红竖薄弧板; 175017 海棠红大竖薄弧板; 176017 海棠红棱锥,贴图列+_snow
planks_redwood_snow_horizontal_halftriangle.png,168 海棠红竖薄板; 209 海棠红木板; 517 海棠红薄板; 523 海棠红楼梯; 1260 海棠红斜板; 1299 海棠红薄斜板; 1300 海棠红大薄斜板; 1343 海棠红竖薄斜板; 1344 海棠红竖大薄斜板; 1371 海棠红竖板; 170017 海棠红三棱柱; 171017 海棠红弧板; 172017 海棠红薄弧板; 173017 海棠红大薄弧板; 174017 海棠红竖薄弧板; 175017 海棠红大竖薄弧板; 176017 海棠红棱锥,贴图列+_snow
planks_redwood_snow_side.png,168 海棠红竖薄板; 209 海棠红木板; 517 海棠红薄板; 523 海棠红楼梯; 1260 海棠红斜板; 1299 海棠红薄斜板; 1300 海棠红大薄斜板; 1343 海棠红竖薄斜板; 1344 海棠红竖大薄斜板; 1371 海棠红竖板; 170017 海棠红三棱柱; 171017 海棠红弧板; 172017 海棠红薄弧板; 173017 海棠红大薄弧板; 174017 海棠红竖薄弧板; 175017 海棠红大竖薄弧板; 176017 海棠红棱锥,贴图列+_snow
planks_redwood_snow_trapezoid_down.png,168 海棠红竖薄板; 209 海棠红木板; 517 海棠红薄板; 523 海棠红楼梯; 1260 海棠红斜板; 1299 海棠红薄斜板; 1300 海棠红大薄斜板; 1343 海棠红竖薄斜板; 1344 海棠红竖大薄斜板; 1371 海棠红竖板; 170017 海棠红三棱柱; 171017 海棠红弧板; 172017 海棠红薄弧板; 173017 海棠红大薄弧板; 174017 海棠红竖薄弧板; 175017 海棠红大竖薄弧板; 176017 海棠红棱锥,贴图列+_snow
planks_redwood_snow_trapezoid_up.png,168 海棠红竖薄板; 209 海棠红木板; 517 海棠红薄板; 523 海棠红楼梯; 1260 海棠红斜板; 1299 海棠红薄斜板; 1300 海棠红大薄斜板; 1343 海棠红竖薄斜板; 1344 海棠红竖大薄斜板; 1371 海棠红竖板; 170017 海棠红三棱柱; 171017 海棠红弧板; 172017 海棠红薄弧板; 173017 海棠红大薄弧板; 174017 海棠红竖薄弧板; 175017 海棠红大竖薄弧板; 176017 海棠红棱锥,贴图列+_snow
planks_redwood_snow_trapezoid_up_second.png,168 海棠红竖薄板; 209 海棠红木板; 517 海棠红薄板; 523 海棠红楼梯; 1260 海棠红斜板; 1299 海棠红薄斜板; 1300 海棠红大薄斜板; 1343 海棠红竖薄斜板; 1344 海棠红竖大薄斜板; 1371 海棠红竖板; 170017 海棠红三棱柱; 171017 海棠红弧板; 172017 海棠红薄弧板; 173017 海棠红大薄弧板; 174017 海棠红竖薄弧板; 175017 海棠红大竖薄弧板; 176017 海棠红棱锥,贴图列+_snow
planks_redwood_snow_triangle.png,168 海棠红竖薄板; 209 海棠红木板; 517 海棠红薄板; 523 海棠红楼梯; 1260 海棠红斜板; 1299 海棠红薄斜板; 1300 海棠红大薄斜板; 1343 海棠红竖薄斜板; 1344 海棠红竖大薄斜板; 1371 海棠红竖板; 170017 海棠红三棱柱; 171017 海棠红弧板; 172017 海棠红薄弧板; 173017 海棠红大薄弧板; 174017 海棠红竖薄弧板; 175017 海棠红大竖薄弧板; 176017 海棠红棱锥,贴图列+_snow
planks_redwood_snow_vertical_halftriangle.png,168 海棠红竖薄板; 209 海棠红木板; 517 海棠红薄板; 523 海棠红楼梯; 1260 海棠红斜板; 1299 海棠红薄斜板; 1300 海棠红大薄斜板; 1343 海棠红竖薄斜板; 1344 海棠红竖大薄斜板; 1371 海棠红竖板; 170017 海棠红三棱柱; 171017 海棠红弧板; 172017 海棠红薄弧板; 173017 海棠红大薄弧板; 174017 海棠红竖薄弧板; 175017 海棠红大竖薄弧板; 176017 海棠红棱锥,贴图列+_snow
planks_sapphireblue.png,160030 宝石蓝木板; 161017 宝石蓝薄板; 162018 宝石蓝竖薄板; 163019 宝石蓝斜板; 164018 宝石蓝竖板; 165018 宝石蓝薄斜板; 166018 宝石蓝大薄斜板; 167018 宝石蓝竖薄斜板; 168018 宝石蓝竖大薄斜板; 170041 宝石蓝三棱柱; 171041 宝石蓝弧板; 172041 宝石蓝薄弧板; 173041 宝石蓝大薄弧板; 174041 宝石蓝竖薄弧板; 175041 宝石蓝大竖薄弧板; 176041 宝石蓝棱锥,贴图列精确
planks_sapphireblue_horizontal.png,169017 宝石蓝楼梯,贴图列精确
planks_sapphireblue_horizontal_mix.png,169017 宝石蓝楼梯,贴图列+_mix
planks_sapphireblue_mix.png,160030 宝石蓝木板; 161017 宝石蓝薄板; 162018 宝石蓝竖薄板; 163019 宝石蓝斜板; 164018 宝石蓝竖板; 165018 宝石蓝薄斜板; 166018 宝石蓝大薄斜板; 167018 宝石蓝竖薄斜板; 168018 宝石蓝竖大薄斜板; 170041 宝石蓝三棱柱; 171041 宝石蓝弧板; 172041 宝石蓝薄弧板; 173041 宝石蓝大薄弧板; 174041 宝石蓝竖薄弧板; 175041 宝石蓝大竖薄弧板; 176041 宝石蓝棱锥,贴图列+_mix
planks_walnut.png,166 深栗红竖薄板; 211 深栗红木板; 519 深栗红薄板; 525 深栗红楼梯; 1258 深栗红斜板; 1295 深栗红薄斜板; 1296 深栗红大薄斜板; 1339 深栗红竖薄斜板; 1340 深栗红竖大薄斜板; 1369 深栗红竖板; 170015 深栗红三棱柱; 171015 深栗红弧板; 172015 深栗红薄弧板; 173015 深栗红大薄弧板; 174015 深栗红竖薄弧板; 175015 深栗红大竖薄弧板; 176015 深栗红棱锥,贴图列精确
planks_walnut_mix.png,166 深栗红竖薄板; 211 深栗红木板; 519 深栗红薄板; 525 深栗红楼梯; 1258 深栗红斜板; 1295 深栗红薄斜板; 1296 深栗红大薄斜板; 1339 深栗红竖薄斜板; 1340 深栗红竖大薄斜板; 1369 深栗红竖板; 170015 深栗红三棱柱; 171015 深栗红弧板; 172015 深栗红薄弧板; 173015 深栗红大薄弧板; 174015 深栗红竖薄弧板; 175015 深栗红大竖薄弧板; 176015 深栗红棱锥,贴图列+_mix
planks_walnut_snow_down_more.png,166 深栗红竖薄板; 211 深栗红木板; 519 深栗红薄板; 525 深栗红楼梯; 1258 深栗红斜板; 1295 深栗红薄斜板; 1296 深栗红大薄斜板; 1339 深栗红竖薄斜板; 1340 深栗红竖大薄斜板; 1369 深栗红竖板; 170015 深栗红三棱柱; 171015 深栗红弧板; 172015 深栗红薄弧板; 173015 深栗红大薄弧板; 174015 深栗红竖薄弧板; 175015 深栗红大竖薄弧板; 176015 深栗红棱锥,贴图列+_snow
planks_walnut_snow_horizontal_halftriangle.png,166 深栗红竖薄板; 211 深栗红木板; 519 深栗红薄板; 525 深栗红楼梯; 1258 深栗红斜板; 1295 深栗红薄斜板; 1296 深栗红大薄斜板; 1339 深栗红竖薄斜板; 1340 深栗红竖大薄斜板; 1369 深栗红竖板; 170015 深栗红三棱柱; 171015 深栗红弧板; 172015 深栗红薄弧板; 173015 深栗红大薄弧板; 174015 深栗红竖薄弧板; 175015 深栗红大竖薄弧板; 176015 深栗红棱锥,贴图列+_snow
planks_walnut_snow_side.png,166 深栗红竖薄板; 211 深栗红木板; 519 深栗红薄板; 525 深栗红楼梯; 1258 深栗红斜板; 1295 深栗红薄斜板; 1296 深栗红大薄斜板; 1339 深栗红竖薄斜板; 1340 深栗红竖大薄斜板; 1369 深栗红竖板; 170015 深栗红三棱柱; 171015 深栗红弧板; 172015 深栗红薄弧板; 173015 深栗红大薄弧板; 174015 深栗红竖薄弧板; 175015 深栗红大竖薄弧板; 176015 深栗红棱锥,贴图列+_snow
planks_walnut_snow_trapezoid_down.png,166 深栗红竖薄板; 211 深栗红木板; 519 深栗红薄板; 525 深栗红楼梯; 1258 深栗红斜板; 1295 深栗红薄斜板; 1296 深栗红大薄斜板; 1339 深栗红竖薄斜板; 1340 深栗红竖大薄斜板; 1369 深栗红竖板; 170015 深栗红三棱柱; 171015 深栗红弧板; 172015 深栗红薄弧板; 173015 深栗红大薄弧板; 174015 深栗红竖薄弧板; 175015 深栗红大竖薄弧板; 176015 深栗红棱锥,贴图列+_snow
planks_walnut_snow_trapezoid_up.png,166 深栗红竖薄板; 211 深栗红木板; 519 深栗红薄板; 525 深栗红楼梯; 1258 深栗红斜板; 1295 深栗红薄斜板; 1296 深栗红大薄斜板; 1339 深栗红竖薄斜板; 1340 深栗红竖大薄斜板; 1369 深栗红竖板; 170015 深栗红三棱柱; 171015 深栗红弧板; 172015 深栗红薄弧板; 173015 深栗红大薄弧板; 174015 深栗红竖薄弧板; 175015 深栗红大竖薄弧板; 176015 深栗红棱锥,贴图列+_snow
planks_walnut_snow_trapezoid_up_second.png,166 深栗红竖薄板; 211 深栗红木板; 519 深栗红薄板; 525 深栗红楼梯; 1258 深栗红斜板; 1295 深栗红薄斜板; 1296 深栗红大薄斜板; 1339 深栗红竖薄斜板; 1340 深栗红竖大薄斜板; 1369 深栗红竖板; 170015 深栗红三棱柱; 171015 深栗红弧板; 172015 深栗红薄弧板; 173015 深栗红大薄弧板; 174015 深栗红竖薄弧板; 175015 深栗红大竖薄弧板; 176015 深栗红棱锥,贴图列+_snow
planks_walnut_snow_triangle.png,166 深栗红竖薄板; 211 深栗红木板; 519 深栗红薄板; 525 深栗红楼梯; 1258 深栗红斜板; 1295 深栗红薄斜板; 1296 深栗红大薄斜板; 1339 深栗红竖薄斜板; 1340 深栗红竖大薄斜板; 1369 深栗红竖板; 170015 深栗红三棱柱; 171015 深栗红弧板; 172015 深栗红薄弧板; 173015 深栗红大薄弧板; 174015 深栗红竖薄弧板; 175015 深栗红大竖薄弧板; 176015 深栗红棱锥,贴图列+_snow
planks_walnut_snow_vertical_halftriangle.png,166 深栗红竖薄板; 211 深栗红木板; 519 深栗红薄板; 525 深栗红楼梯; 1258 深栗红斜板; 1295 深栗红薄斜板; 1296 深栗红大薄斜板; 1339 深栗红竖薄斜板; 1340 深栗红竖大薄斜板; 1369 深栗红竖板; 170015 深栗红三棱柱; 171015 深栗红弧板; 172015 深栗红薄弧板; 173015 深栗红大薄弧板; 174015 深栗红竖薄弧板; 175015 深栗红大竖薄弧板; 176015 深栗红棱锥,贴图列+_snow
plant_berrypatch.png,,
plant_berrypatch_mix.png,,
plant_carrot.png,,
plant_carrot_mix.png,,
plant_crystalwatermelon.png,,
plant_cucumber.png,,
plant_cucumber_mix.png,,
plant_finecorn.png,,
plant_finecorn_mix.png,,
plant_flamemelon.png,,
plant_flamemelon_emi.png,,
plant_flamemelon_mix.png,,
plant_fruitful_watermelon.png,,
plant_fruitful_watermelon_mix.png,,
plant_grape.png,,
plant_grape_mix.png,,
plant_hybridrice.png,,
plant_hybridrice_mix.png,,
plant_icefruit.png,,
plant_kingradish.png,,
plant_kingradish_mix.png,,
plant_lotusroot.png,,
plant_lotusroot_mix.png,,
plant_pumpkin.png,,
plant_pumpkin_mix.png,,
plant_rainbowstrawberry.png,,
plant_rainbowstrawberry_crystalmask.png,,
plant_rainbowstrawberry_matcapmask.png,,
plant_rainbowstrawberry_mix.png,,
plant_rice.png,,
plant_rice_mix.png,,
plant_seabuckthorn.png,,
plant_seabuckthorn_mix.png,,
plant_stardewberry.png,,
plant_stardewberry_emi.png,,
plant_strawberry.png,,
plant_strawberry_mix.png,,
plant_sugarcane.png,,
plant_sugarcane_mix.png,,
plant_sunshinegreengrape.png,,
plant_sunshinegreengrape_emi.png,,
plant_sunshinegreengrape_mix.png,,
plant_suntomato.png,,
plant_suntomato_mix.png,,
plant_tomato.png,,
plant_tomato_mix.png,,
plant_watermelon.png,,
plant_watermelon_crystalmask.png,,
plant_watermelon_mix.png,,
plant_yams.png,,
plantash.png,398 草木灰方块; 399 草木灰耕地; 150744 钛钻头; 150754 置块机; 200162 草木灰土坑,贴图列精确
plantash_buryland_dry.png,200162 草木灰土坑,贴图列+_dry
plantash_buryland_wet.png,200162 草木灰土坑,贴图列+_wet
plantash_farmland_dry.png,399 草木灰耕地,贴图列+_dry
plantash_farmland_dry_mix.png,399 草木灰耕地,贴图列+_dry
plantash_farmland_dry_normal.png,399 草木灰耕地,贴图列+_dry
plantash_farmland_wet.png,399 草木灰耕地,贴图列+_wet
plantash_mix.png,398 草木灰方块; 399 草木灰耕地; 150744 钛钻头; 150754 置块机; 200162 草木灰土坑,贴图列+_mix
plaque.png,688 中式字牌; 892 木质字牌; 893 石质字牌; 894 铁制字牌; 895 炽炎字牌; 896 钨金字牌; 897 熔岩字牌,贴图列精确
plaque1.png,893 石质字牌,贴图列精确
plaque2.png,894 铁制字牌,贴图列精确
plaque3.png,895 炽炎字牌,贴图列精确
plaque4.png,896 钨金字牌,贴图列精确
plaque5.png,897 熔岩字牌,贴图列精确
plaque6.png,688 中式字牌,贴图列精确
plaque6_mix.png,688 中式字牌,贴图列+_mix
plaque6_on.png,688 中式字牌,贴图列+_on
plaque7.png,938 对联字牌,贴图列精确
plum_screen.png,1136 雪梅屏风,贴图列精确
plum_screen_mix.png,1136 雪梅屏风,贴图列+_mix
plum_screen_screengrass.png,1136 雪梅屏风,贴图列+_screengrass
poplar.png,,
populus.png,,
populus_chair.png,1721 胡杨凳子,贴图列精确
populus_tea_table.png,1720 胡杨茶几,贴图列精确
portal.png,,
poseidon_statue.png,1191 海神像,贴图列精确
poseidon_statue_bad.png,1193 海神像（破）,贴图列精确
poseidon_statue_bad_mix.png,1193 海神像（破）,贴图列+_mix
poseidon_statue_emi.png,1191 海神像,贴图列+_emi
poseidon_statue_mix.png,1191 海神像,贴图列+_mix
powerwheel.png,1087 动力车轮; 150924 大型车轮,贴图列精确
powerwheel_mix.png,1087 动力车轮; 150924 大型车轮,贴图列+_mix
pressure_bamboo.png,713 生物感压板,贴图列精确
pressure_sandstone.png,1183 黄砖感压板,贴图列精确
pressure_stone.png,712 普通感压板,贴图列精确
pressure_wood.png,711 触碰感压板,贴图列精确
pressurizer.png,372 星能增压器,贴图列精确
pressurizer_emi.png,372 星能增压器,贴图列+_emi
pressurizer_mix.png,372 星能增压器,贴图列+_mix
propeller.png,1093 推进器001型,贴图列精确
propeller_emi.png,1093 推进器001型,贴图列+_emi
propeller_mix.png,1093 推进器001型,贴图列+_mix
propeller_on.png,1093 推进器001型,贴图列+_on
"propeller_on_,mix.png",1093 推进器001型,贴图列+_on
propeller_on_emi.png,1093 推进器001型,贴图列+_on
propeller_on_mix.png,1093 推进器001型,贴图列+_on
pudding.png,1992 布丁块,贴图列精确
pudding_mix.png,1992 布丁块,贴图列+_mix
pumpkin_bottom.png,1467 南瓜,贴图列+_bottom
pumpkin_side.png,1467 南瓜,贴图列+_side
pumpkin_top.png,1467 南瓜,贴图列+_top
qiangti1.png,,
qiangti2.png,,
qiangtiding.png,,
qiaomugs.png,326 乔木果实,贴图列精确
qingmei.png,390034 [水墨]屏风-梅花,贴图列精确
qingwa.png,160010 [水墨]青瓦; 161011 [水墨]青瓦薄板; 162012 [水墨]青瓦竖薄板; 163012 [水墨]青瓦斜板; 164012 [水墨]青瓦竖板; 165012 [水墨]青瓦薄斜板; 166012 [水墨]青瓦大薄斜板; 167012 [水墨]青瓦竖薄斜板; 168012 [水墨]青瓦竖薄大斜板; 169011 [水墨]青瓦楼梯; 170035 [水墨]青瓦三棱柱; 171035 [水墨]青瓦弧板; 172035 [水墨]青瓦薄弧板; 173035 [水墨]青瓦大薄弧板; 174035 [水墨]青瓦竖薄弧板; 175035 [水墨]青瓦大竖薄弧板; 176035 [水墨]青瓦棱锥,贴图列精确
rabbitlamp.png,201646 兔子灯,贴图列精确
rabbitlamp_emi.png,201646 兔子灯,贴图列+_emi
rabbitlamp_mix.png,201646 兔子灯,贴图列+_mix
radio.png,,
radiochannel_off.png,,
radiochannel_on.png,,
radioproducer.png,1052 信号发生器,贴图列精确
radioproducer1.png,1052 信号发生器,贴图列+1
radioproducer1_on.png,1052 信号发生器,贴图列+数字_on
radioproducer2.png,1052 信号发生器,贴图列+2
radioproducer2_on.png,1052 信号发生器,贴图列+数字_on
radioproducer3.png,1052 信号发生器,贴图列+3
radioproducer3_on.png,1052 信号发生器,贴图列+数字_on
radioproducer4.png,1052 信号发生器,贴图列+4
radioproducer4_on.png,1052 信号发生器,贴图列+数字_on
radioproducer5.png,1052 信号发生器,贴图列+5
radioproducer5_on.png,1052 信号发生器,贴图列+数字_on
radioproducer6.png,1052 信号发生器,贴图列+6
radioproducer6_on.png,1052 信号发生器,贴图列+数字_on
radioproducer_emi.png,1052 信号发生器,贴图列+_emi
radioproducer_mix.png,1052 信号发生器,贴图列+_mix
radioproducer_off0.png,1052 信号发生器,贴图列精确
radioproducer_off1.png,1052 信号发生器,贴图列+_off1
radioproducer_off2.png,1052 信号发生器,贴图列+_off2
radioproducer_off3.png,1052 信号发生器,贴图列+_off3
radioproducer_off4.png,1052 信号发生器,贴图列+_off4
radioproducer_off5.png,1052 信号发生器,贴图列+_off5
radioproducer_off6.png,1052 信号发生器,贴图列+_off6
radioproducer_on.png,1052 信号发生器,贴图列+_on
radioproducer_on0.png,1052 信号发生器,贴图列+_on0
radioproducer_on0_emi.png,1052 信号发生器,贴图列+_on0
radioproducer_on1.png,1052 信号发生器,贴图列+_on1
radioproducer_on1_emi.png,1052 信号发生器,贴图列+_on1
radioproducer_on2.png,1052 信号发生器,贴图列+_on2
radioproducer_on2_emi.png,1052 信号发生器,贴图列+_on2
radioproducer_on3.png,1052 信号发生器,贴图列+_on3
radioproducer_on3_emi.png,1052 信号发生器,贴图列+_on3
radioproducer_on4.png,1052 信号发生器,贴图列+_on4
radioproducer_on4_emi.png,1052 信号发生器,贴图列+_on4
radioproducer_on5.png,1052 信号发生器,贴图列+_on5
radioproducer_on5_emi.png,1052 信号发生器,贴图列+_on5
radioproducer_on6.png,1052 信号发生器,贴图列+_on6
radioproducer_on6_emi.png,1052 信号发生器,贴图列+_on6
radioproducer_on_emi.png,1052 信号发生器,贴图列+_on
radioreceiver.png,1053 信号接收器,贴图列精确
radioreceiver1.png,1053 信号接收器,贴图列+1
radioreceiver1_on.png,1053 信号接收器,贴图列+数字_on
radioreceiver2.png,1053 信号接收器,贴图列+2
radioreceiver2_on.png,1053 信号接收器,贴图列+数字_on
radioreceiver3.png,1053 信号接收器,贴图列+3
radioreceiver3_on.png,1053 信号接收器,贴图列+数字_on
radioreceiver4.png,1053 信号接收器,贴图列+4
radioreceiver4_on.png,1053 信号接收器,贴图列+数字_on
radioreceiver5.png,1053 信号接收器,贴图列+5
radioreceiver5_on.png,1053 信号接收器,贴图列+数字_on
radioreceiver6.png,1053 信号接收器,贴图列+6
radioreceiver6_on.png,1053 信号接收器,贴图列+数字_on
radioreceiver_emi.png,1053 信号接收器,贴图列+_emi
radioreceiver_mix.png,1053 信号接收器,贴图列+_mix
radioreceiver_off0.png,1053 信号接收器,贴图列精确
radioreceiver_off1.png,1053 信号接收器,贴图列+_off1
radioreceiver_off2.png,1053 信号接收器,贴图列+_off2
radioreceiver_off3.png,1053 信号接收器,贴图列+_off3
radioreceiver_off4.png,1053 信号接收器,贴图列+_off4
radioreceiver_off5.png,1053 信号接收器,贴图列+_off5
radioreceiver_off6.png,1053 信号接收器,贴图列+_off6
radioreceiver_on.png,1053 信号接收器,贴图列+_on
radioreceiver_on0.png,1053 信号接收器,贴图列+_on0
radioreceiver_on0_emi.png,1053 信号接收器,贴图列+_on0
radioreceiver_on1.png,1053 信号接收器,贴图列+_on1
radioreceiver_on1_emi.png,1053 信号接收器,贴图列+_on1
radioreceiver_on2.png,1053 信号接收器,贴图列+_on2
radioreceiver_on2_emi.png,1053 信号接收器,贴图列+_on2
radioreceiver_on3.png,1053 信号接收器,贴图列+_on3
radioreceiver_on3_emi.png,1053 信号接收器,贴图列+_on3
radioreceiver_on4.png,1053 信号接收器,贴图列+_on4
radioreceiver_on4_emi.png,1053 信号接收器,贴图列+_on4
radioreceiver_on5.png,1053 信号接收器,贴图列+_on5
radioreceiver_on5_emi.png,1053 信号接收器,贴图列+_on5
radioreceiver_on6.png,1053 信号接收器,贴图列+_on6
radioreceiver_on6_emi.png,1053 信号接收器,贴图列+_on6
radioreceiver_on_emi.png,1053 信号接收器,贴图列+_on
radish.png,1521 萝卜,贴图列精确
rail.png,,
rail_hint.png,,
rail_off.png,,
rail_on.png,,
rail_red.png,,
railknot.png,725 轨道节点; 729 加速轨道节点,贴图列精确
railknot_mix.png,725 轨道节点; 729 加速轨道节点,贴图列+_mix
railknot_off.png,729 加速轨道节点,贴图列精确
railknot_off_mix.png,729 加速轨道节点,贴图列+_mix
railknot_on.png,725 轨道节点; 729 加速轨道节点,贴图列+_on
railknot_on_emi.png,725 轨道节点; 729 加速轨道节点,贴图列+_on
railknot_on_mix.png,725 轨道节点; 729 加速轨道节点,贴图列+_on
rainbowgrass_bottom.png,269 荧光彩色草,贴图列+_bottom
rainbowgrass_middle.png,269 荧光彩色草,贴图列+_middle
rainbowgrass_top.png,269 荧光彩色草,贴图列+_top
rainbowgrass_top_emi.png,269 荧光彩色草,贴图列+_top
range_finder.png,1066 测距仪,贴图列精确
range_finder_mix.png,1066 测距仪,贴图列+_mix
rape blossoms.png,,
rapeblossoms.png,1526 油菜花,贴图列精确
raspberry.png,1529 覆盆子,贴图列精确
readypoint.png,1036 准备点,贴图列精确
readypoint_mix.png,1036 准备点,贴图列+_mix
red sorghum.png,,
red_arboret.png,151026 红色卫矛,贴图列精确
red_candle.png,1137 红烛灯; 1139 红烛灯,贴图列精确
red_candle_mix.png,1137 红烛灯; 1139 红烛灯,贴图列+_mix
red_sand.png,128 红沙,贴图列精确
red_sand_mix.png,128 红沙,贴图列+_mix
redagave_middle.png,438 红色忘忧草种子,贴图列+_middle
redagave_seed.png,438 红色忘忧草种子,贴图列+_seed
redalga.png,314 红藻,贴图列精确
redalga_emi.png,314 红藻,贴图列+_emi
redarableland_dry.png,150 红土耕地,贴图列+_dry
redarableland_dry_mix.png,150 红土耕地,贴图列+_dry
redarableland_side_dry.png,150 红土耕地,贴图列+_side
redarableland_side_dry_mix.png,150 红土耕地,贴图列+_side
redarableland_side_wet.png,150 红土耕地,贴图列+_side
redarableland_side_wet_mix.png,150 红土耕地,贴图列+_side
redarableland_wet.png,150 红土耕地,贴图列+_wet
redarableland_wet_mix.png,150 红土耕地,贴图列+_wet
redburyland_dry.png,151 红土土坑,贴图列+_dry
redburyland_dry_mix.png,151 红土土坑,贴图列+_dry
redburyland_side_dry.png,151 红土土坑,贴图列+_side
redburyland_side_dry_mix.png,151 红土土坑,贴图列+_side
redburyland_side_wet.png,151 红土土坑,贴图列+_side
redburyland_side_wet_mix.png,151 红土土坑,贴图列+_side
redburyland_wet.png,151 红土土坑,贴图列+_wet
redburyland_wet_mix.png,151 红土土坑,贴图列+_wet
redsoil_side.png,233 红土,贴图列+_side
redsoil_side_mix.png,233 红土,贴图列+_side
redsoil_top.png,150 红土耕地; 151 红土土坑,贴图列精确
redsoil_top_mix.png,150 红土耕地; 151 红土土坑,贴图列+_mix
redsorghum.png,1531 红高粱,贴图列精确
reed_grass.png,150062 芦苇,贴图列精确
reeds_bottom.png,1468 甘蔗,贴图列+_bottom
reeds_top.png,1468 甘蔗,贴图列+_top
reef_0.png,25 礁石,贴图列+_0
reef_0_mix.png,25 礁石,贴图列+_0
reef_1.png,25 礁石,贴图列+_1
reef_2.png,25 礁石,贴图列+_2
reef_3.png,25 礁石,贴图列+_3
reef_4.png,25 礁石,贴图列+_4
reef_5.png,25 礁石,贴图列+_5
reef_6.png,25 礁石,贴图列+_6
reef_7.png,25 礁石,贴图列+_7
reef_8.png,25 礁石,贴图列+_8
reef_9.png,25 礁石,贴图列+_9
refined_and_complete_edged_stone_brick.png,160039 精制完整镶边石砖; 163025 精制完整镶边石斜板; 165024 精制完整镶边石薄斜板; 166024 精制完整镶边石大薄斜板; 167024 精制完整镶边石竖薄斜板; 168024 精制完整镶边石竖大薄斜板; 170047 精制完整镶边石三棱柱; 171047 精制完整镶边石弧板; 172047 精制完整镶边石薄弧板; 173047 精制完整镶边石大薄弧板; 174047 精制完整镶边石竖薄弧板; 175047 精制完整镶边石大竖薄弧板; 176047 精制完整镶边石棱锥,贴图列精确
refined_and_complete_edged_stone_brick_mix.png,160039 精制完整镶边石砖; 163025 精制完整镶边石斜板; 165024 精制完整镶边石薄斜板; 166024 精制完整镶边石大薄斜板; 167024 精制完整镶边石竖薄斜板; 168024 精制完整镶边石竖大薄斜板; 170047 精制完整镶边石三棱柱; 171047 精制完整镶边石弧板; 172047 精制完整镶边石薄弧板; 173047 精制完整镶边石大薄弧板; 174047 精制完整镶边石竖薄弧板; 175047 精制完整镶边石大竖薄弧板; 176047 精制完整镶边石棱锥,贴图列+_mix
refined_complete_stone_brick.png,160036 精制完整石砖; 163024 精制完整石斜板; 165023 精制完整石薄斜板; 166023 精制完整石大薄斜板; 167023 精制完整石竖薄斜板; 168023 精制完整石竖大薄斜板; 170046 精制完整石三棱柱; 171046 精制完整石弧板; 172046 精制完整石薄弧板; 173046 精制完整石大薄弧板; 174046 精制完整石竖薄弧板; 175046 精制完整石大竖薄弧板; 176046 精制完整石棱锥,贴图列精确
refined_complete_stone_brick_mix.png,160036 精制完整石砖; 163024 精制完整石斜板; 165023 精制完整石薄斜板; 166023 精制完整石大薄斜板; 167023 精制完整石竖薄斜板; 168023 精制完整石竖大薄斜板; 170046 精制完整石三棱柱; 171046 精制完整石弧板; 172046 精制完整石薄弧板; 173046 精制完整石大薄弧板; 174046 精制完整石竖薄弧板; 175046 精制完整石大竖薄弧板; 176046 精制完整石棱锥,贴图列+_mix
refined_fan_patterned_multi_grid_stone_brick.png,160038 精制扇纹多格石砖,贴图列精确
refined_fan_patterned_multi_grid_stone_brick_mix.png,160038 精制扇纹多格石砖,贴图列+_mix
refined_four_grid_stone_brick.png,160035 精制四格石砖,贴图列精确
refined_four_grid_stone_brick_mix.png,160035 精制四格石砖,贴图列+_mix
refined_horizontal_striped_patterned_stone_brick.png,160040 精制花横纹石砖; 161022 精制花横纹石薄板; 169022 精制花横纹石楼梯,贴图列精确
refined_horizontal_striped_patterned_stone_brick_mix.png,160040 精制花横纹石砖; 161022 精制花横纹石薄板; 169022 精制花横纹石楼梯,贴图列+_mix
refined_multi_grid_stone_brick.png,160037 精制多格石砖,贴图列精确
refined_multi_grid_stone_brick_mix.png,160037 精制多格石砖,贴图列+_mix
refined_vertical_striped_stone_brick.png,160041 精制竖纹石砖; 162023 精制竖纹石竖薄板; 164023 精制竖纹石竖板,贴图列精确
refined_vertical_striped_stone_brick_mix.png,160041 精制竖纹石砖; 162023 精制竖纹石竖薄板; 164023 精制竖纹石竖板,贴图列+_mix
reflect_glass.png,1060 反射镜,贴图列精确
reflect_glass_emi.png,1060 反射镜,贴图列+_emi
reflect_glass_mix.png,1060 反射镜,贴图列+_mix
refrigerator1.png,1678 纯白冰箱,贴图列精确
refrigerator1_rgb.png,1678 纯白冰箱,贴图列+_rgb
refrigerator2.png,1679 银灰冰箱,贴图列精确
refrigerator2_emi.png,1679 银灰冰箱,贴图列+_emi
refrigerator2_rgb.png,1679 银灰冰箱,贴图列+_rgb
refrigerator3.png,1680 酷黑冰箱,贴图列精确
refrigerator3_emi.png,1680 酷黑冰箱,贴图列+_emi
refrigerator3_mix.png,1680 酷黑冰箱,贴图列+_mix
refrigerator3_rgb.png,1680 酷黑冰箱,贴图列+_rgb
repeater_off.png,702 星能增幅器,贴图列精确
repeater_on.png,703 星能增幅器,贴图列精确
repeater_switch1.png,702 星能增幅器; 703 星能增幅器,贴图列+1
repeater_switch2.png,702 星能增幅器; 703 星能增幅器,贴图列+2
repeater_switch3.png,702 星能增幅器; 703 星能增幅器,贴图列+3
repeater_switch4.png,702 星能增幅器; 703 星能增幅器,贴图列+4
repeater_switch5.png,702 星能增幅器; 703 星能增幅器,贴图列+5
resistance.png,1034 星能阻隔器,贴图列精确
resurrectionstatue.png,596 石制雕像,贴图列精确
resurrectionstatue_mix.png,596 石制雕像,贴图列+_mix
ribbed_adobe_brick.png,160014 棱纹土砖,贴图列精确
ribbed_adobe_brick_mix.png,160014 棱纹土砖,贴图列+_mix
rice_cooker1.png,1681 纯白电饭煲,贴图列精确
rice_cooker1_emi.png,1681 纯白电饭煲,贴图列+_emi
rice_cooker1_rgb.png,1681 纯白电饭煲,贴图列+_rgb
rice_cooker2.png,1682 银灰电饭煲,贴图列精确
rice_cooker2_emi.png,1682 银灰电饭煲,贴图列+_emi
rice_cooker2_mix.png,1682 银灰电饭煲,贴图列+_mix
rice_cooker2_rgb.png,1682 银灰电饭煲,贴图列+_rgb
rice_cooker3.png,1683 酷黑电饭煲,贴图列精确
rice_cooker3_emi.png,1683 酷黑电饭煲,贴图列+_emi
rice_cooker3_rgb.png,1683 酷黑电饭煲,贴图列+_rgb
rice_s0.png,234 水稻; 1464 水稻,贴图列+_s0
rice_s1.png,234 水稻; 1464 水稻,贴图列+_s1
rice_s2.png,234 水稻; 1464 水稻,贴图列+_s2
rice_s3.png,234 水稻; 1464 水稻,贴图列+_s3
roadblock.png,390111 路障雪糕筒,贴图列精确
rock.png,157 石质竖薄板; 505 碎石块; 509 石质薄板; 529 石质楼梯; 548 碎石墙; 1249 石质斜板; 1277 石质薄斜板; 1278 石质大薄斜板; 1321 石质竖薄斜板; 1322 石质竖大薄斜板; 1360 石质竖板; 170006 石质三棱柱; 171006 石质弧板; 172006 石质薄弧板; 173006 石质大薄弧板; 174006 石质竖薄弧板; 175006 石质大竖薄弧板; 176006 石质棱锥,贴图列精确
rock_mix.png,157 石质竖薄板; 505 碎石块; 509 石质薄板; 529 石质楼梯; 548 碎石墙; 1249 石质斜板; 1277 石质薄斜板; 1278 石质大薄斜板; 1321 石质竖薄斜板; 1322 石质竖大薄斜板; 1360 石质竖板; 170006 石质三棱柱; 171006 石质弧板; 172006 石质薄弧板; 173006 石质大薄弧板; 174006 石质竖薄弧板; 175006 石质大竖薄弧板; 176006 石质棱锥,贴图列+_mix
rock_oil.png,448 石油块,贴图列精确
rock_oil_mix.png,448 石油块,贴图列+_mix
rock_smelter.png,802 冶炼台,贴图列精确
rock_smelter_lit.png,802 冶炼台,贴图列+_lit
rock_smelter_lit_emi.png,802 冶炼台,贴图列+_lit
rock_smelter_mix.png,802 冶炼台,贴图列+_mix
rock_snow_down_more.png,157 石质竖薄板; 505 碎石块; 509 石质薄板; 529 石质楼梯; 548 碎石墙; 1249 石质斜板; 1277 石质薄斜板; 1278 石质大薄斜板; 1321 石质竖薄斜板; 1322 石质竖大薄斜板; 1360 石质竖板; 170006 石质三棱柱; 171006 石质弧板; 172006 石质薄弧板; 173006 石质大薄弧板; 174006 石质竖薄弧板; 175006 石质大竖薄弧板; 176006 石质棱锥,贴图列+_snow
rock_snow_horizontal_halftriangle.png,157 石质竖薄板; 505 碎石块; 509 石质薄板; 529 石质楼梯; 548 碎石墙; 1249 石质斜板; 1277 石质薄斜板; 1278 石质大薄斜板; 1321 石质竖薄斜板; 1322 石质竖大薄斜板; 1360 石质竖板; 170006 石质三棱柱; 171006 石质弧板; 172006 石质薄弧板; 173006 石质大薄弧板; 174006 石质竖薄弧板; 175006 石质大竖薄弧板; 176006 石质棱锥,贴图列+_snow
rock_snow_side.png,157 石质竖薄板; 505 碎石块; 509 石质薄板; 529 石质楼梯; 548 碎石墙; 1249 石质斜板; 1277 石质薄斜板; 1278 石质大薄斜板; 1321 石质竖薄斜板; 1322 石质竖大薄斜板; 1360 石质竖板; 170006 石质三棱柱; 171006 石质弧板; 172006 石质薄弧板; 173006 石质大薄弧板; 174006 石质竖薄弧板; 175006 石质大竖薄弧板; 176006 石质棱锥,贴图列+_snow
rock_snow_trapezoid_down.png,157 石质竖薄板; 505 碎石块; 509 石质薄板; 529 石质楼梯; 548 碎石墙; 1249 石质斜板; 1277 石质薄斜板; 1278 石质大薄斜板; 1321 石质竖薄斜板; 1322 石质竖大薄斜板; 1360 石质竖板; 170006 石质三棱柱; 171006 石质弧板; 172006 石质薄弧板; 173006 石质大薄弧板; 174006 石质竖薄弧板; 175006 石质大竖薄弧板; 176006 石质棱锥,贴图列+_snow
rock_snow_trapezoid_up.png,157 石质竖薄板; 505 碎石块; 509 石质薄板; 529 石质楼梯; 548 碎石墙; 1249 石质斜板; 1277 石质薄斜板; 1278 石质大薄斜板; 1321 石质竖薄斜板; 1322 石质竖大薄斜板; 1360 石质竖板; 170006 石质三棱柱; 171006 石质弧板; 172006 石质薄弧板; 173006 石质大薄弧板; 174006 石质竖薄弧板; 175006 石质大竖薄弧板; 176006 石质棱锥,贴图列+_snow
rock_snow_trapezoid_up_second.png,157 石质竖薄板; 505 碎石块; 509 石质薄板; 529 石质楼梯; 548 碎石墙; 1249 石质斜板; 1277 石质薄斜板; 1278 石质大薄斜板; 1321 石质竖薄斜板; 1322 石质竖大薄斜板; 1360 石质竖板; 170006 石质三棱柱; 171006 石质弧板; 172006 石质薄弧板; 173006 石质大薄弧板; 174006 石质竖薄弧板; 175006 石质大竖薄弧板; 176006 石质棱锥,贴图列+_snow
rock_snow_triangle.png,157 石质竖薄板; 505 碎石块; 509 石质薄板; 529 石质楼梯; 548 碎石墙; 1249 石质斜板; 1277 石质薄斜板; 1278 石质大薄斜板; 1321 石质竖薄斜板; 1322 石质竖大薄斜板; 1360 石质竖板; 170006 石质三棱柱; 171006 石质弧板; 172006 石质薄弧板; 173006 石质大薄弧板; 174006 石质竖薄弧板; 175006 石质大竖薄弧板; 176006 石质棱锥,贴图列+_snow
rock_snow_vertical_halftriangle.png,157 石质竖薄板; 505 碎石块; 509 石质薄板; 529 石质楼梯; 548 碎石墙; 1249 石质斜板; 1277 石质薄斜板; 1278 石质大薄斜板; 1321 石质竖薄斜板; 1322 石质竖大薄斜板; 1360 石质竖板; 170006 石质三棱柱; 171006 石质弧板; 172006 石质薄弧板; 173006 石质大薄弧板; 174006 石质竖薄弧板; 175006 石质大竖薄弧板; 176006 石质棱锥,贴图列+_snow
rose.png,313 月季; 444 月季种子; 1455 月季; 1499 月季（苗）,贴图列精确
rose_middle.png,313 月季; 444 月季种子; 1455 月季; 1499 月季（苗）,贴图列+_middle
rose_seed.png,313 月季; 444 月季种子; 1455 月季; 1499 月季（苗）,贴图列+_seed
rose_top.png,313 月季; 444 月季种子; 1455 月季; 1499 月季（苗）,贴图列+_top
rough_arenosol_brick.png,160022 粗制砂土砖,贴图列精确
rough_arenosol_brick_mix.png,160022 粗制砂土砖,贴图列+_mix
rough_complete_stone_brick.png,160043 粗制完整石砖; 163026 粗制完整石斜板; 165025 粗制完整石薄斜板; 166025 粗制完整石大薄斜板; 167025 粗制完整石竖薄斜板; 168025 粗制完整石竖大薄斜板; 170048 粗制完整石三棱柱; 171048 粗制完整石弧板; 172048 粗制完整石薄弧板; 173048 粗制完整石大薄弧板; 174048 粗制完整石竖薄弧板; 175048 粗制完整石大竖薄弧板; 176048 粗制完整石棱锥,贴图列精确
rough_complete_stone_brick_mix.png,160043 粗制完整石砖; 163026 粗制完整石斜板; 165025 粗制完整石薄斜板; 166025 粗制完整石大薄斜板; 167025 粗制完整石竖薄斜板; 168025 粗制完整石竖大薄斜板; 170048 粗制完整石三棱柱; 171048 粗制完整石弧板; 172048 粗制完整石薄弧板; 173048 粗制完整石大薄弧板; 174048 粗制完整石竖薄弧板; 175048 粗制完整石大竖薄弧板; 176048 粗制完整石棱锥,贴图列+_mix
rough_four_grid_stacked_stone_brick.png,160042 粗制四格垒石砖,贴图列精确
rough_four_grid_stacked_stone_brick_mix.png,160042 粗制四格垒石砖,贴图列+_mix
rough_mossy_stone_brick.png,160046 粗制苔藓石砖,贴图列精确
rough_mossy_stone_brick_mix.png,160046 粗制苔藓石砖,贴图列+_mix
rough_multi_grid_stone_brick.png,160044 粗制多格石砖; 161023 粗制多格石薄板; 169023 粗制多格石楼梯,贴图列精确
rough_multi_grid_stone_brick_mix.png,160044 粗制多格石砖; 161023 粗制多格石薄板; 169023 粗制多格石楼梯,贴图列+_mix
rough_vertical_striped_stone_brick.png,160045 粗制竖纹石砖; 162024 粗制竖纹石竖薄板; 164024 粗制竖纹石竖板,贴图列精确
rough_vertical_striped_stone_brick_mix.png,160045 粗制竖纹石砖; 162024 粗制竖纹石竖薄板; 164024 粗制竖纹石竖板,贴图列+_mix
rug.png,1672 绒毛地毯,贴图列精确
rug_rgb.png,1672 绒毛地毯,贴图列+_rgb
runecube_azure_notactivated.png,201755 符文方块-湛蓝,贴图列精确
runecube_crimson_notactivated.png,201754 符文方块-赤红,贴图列精确
runecube_emeraldgreen_notactivated.png,201756 符文方块-碧绿,贴图列精确
runecube_none_notactivated.png,201759 符文方块-无,贴图列精确
runecube_purpleshadow_notactivated.png,201758 符文方块-幽紫,贴图列精确
runecube_radiantyellow_notactivated.png,201757 符文方块-耀黄,贴图列精确
runestone_attack.png,453 攻击符文矿石,贴图列精确
runestone_attack1.png,453 攻击符文矿石,贴图列精确
runestone_attack1_emi.png,453 攻击符文矿石,贴图列+_emi
runestone_attack_emi.png,453 攻击符文矿石,贴图列+_emi
runestone_defence.png,454 防御符文矿石,贴图列精确
runestone_defence1.png,454 防御符文矿石,贴图列精确
runestone_defence1_emi.png,454 防御符文矿石,贴图列+_emi
runestone_defence_emi.png,454 防御符文矿石,贴图列+_emi
runestone_efficiency.png,455 符文矿石,贴图列精确
runestone_efficiency1.png,455 符文矿石,贴图列精确
runestone_efficiency1_emi.png,455 符文矿石,贴图列+_emi
runestone_efficiency_emi.png,455 符文矿石,贴图列+_emi
ruolan.png,301 若兰; 432 若兰花种子,贴图列精确
ruolan_middle.png,301 若兰; 432 若兰花种子,贴图列+_middle
ruolan_middle_emi.png,301 若兰; 432 若兰花种子,贴图列+_middle
ruolan_middleemi.png,301 若兰; 432 若兰花种子,贴图列+_middleemi
ruolan_seed.png,301 若兰; 432 若兰花种子,贴图列+_seed
sacredtree_core.png,,
sand.png,106 黄沙,贴图列精确
sand_brick.png,424 精制黄砖,贴图列精确
sand_brick_mix.png,424 精制黄砖,贴图列+_mix
sand_flow.png,14 动态流沙,贴图列精确
sand_slate.png,423 粗制黄砖,贴图列精确
sand_slate_mix.png,423 粗制黄砖,贴图列+_mix
sand_still.png,13 静态流沙,贴图列精确
sandstone_bottom.png,108 素纹黄砖; 172 黄砖竖薄板; 507 黄砖薄板; 540 古老黄砖; 541 方碑黄砖; 1264 黄砖斜板; 1307 黄砖薄斜板; 1308 黄砖大薄斜板; 1351 黄砖竖薄斜板; 1352 黄砖竖大薄斜板; 1375 黄砖竖板; 170021 黄砖三棱柱; 171021 黄砖弧板; 172021 黄砖薄弧板; 173021 黄砖大薄弧板; 174021 黄砖竖薄弧板; 175021 黄砖大竖薄弧板; 176021 黄砖棱锥,贴图列+_bottom
sandstone_bottom_mix.png,108 素纹黄砖; 172 黄砖竖薄板; 507 黄砖薄板; 540 古老黄砖; 541 方碑黄砖; 1264 黄砖斜板; 1307 黄砖薄斜板; 1308 黄砖大薄斜板; 1351 黄砖竖薄斜板; 1352 黄砖竖大薄斜板; 1375 黄砖竖板; 170021 黄砖三棱柱; 171021 黄砖弧板; 172021 黄砖薄弧板; 173021 黄砖大薄弧板; 174021 黄砖竖薄弧板; 175021 黄砖大竖薄弧板; 176021 黄砖棱锥,贴图列+_bottom
sandstone_carved.png,541 方碑黄砖,贴图列精确
sandstone_carved_mix.png,541 方碑黄砖,贴图列+_mix
sandstone_normal.png,108 素纹黄砖; 172 黄砖竖薄板; 507 黄砖薄板; 527 黄砖楼梯; 1264 黄砖斜板; 1307 黄砖薄斜板; 1308 黄砖大薄斜板; 1351 黄砖竖薄斜板; 1352 黄砖竖大薄斜板; 1375 黄砖竖板; 170021 黄砖三棱柱; 171021 黄砖弧板; 172021 黄砖薄弧板; 173021 黄砖大薄弧板; 174021 黄砖竖薄弧板; 175021 黄砖大竖薄弧板; 176021 黄砖棱锥,贴图列精确
sandstone_normal_mix.png,108 素纹黄砖; 172 黄砖竖薄板; 507 黄砖薄板; 527 黄砖楼梯; 1264 黄砖斜板; 1307 黄砖薄斜板; 1308 黄砖大薄斜板; 1351 黄砖竖薄斜板; 1352 黄砖竖大薄斜板; 1375 黄砖竖板; 170021 黄砖三棱柱; 171021 黄砖弧板; 172021 黄砖薄弧板; 173021 黄砖大薄弧板; 174021 黄砖竖薄弧板; 175021 黄砖大竖薄弧板; 176021 黄砖棱锥,贴图列+_mix
sandstone_smooth.png,540 古老黄砖,贴图列精确
sandstone_smooth_mix.png,540 古老黄砖,贴图列+_mix
sandstone_snow_down_more.png,108 素纹黄砖; 172 黄砖竖薄板; 507 黄砖薄板; 540 古老黄砖; 541 方碑黄砖; 1264 黄砖斜板; 1307 黄砖薄斜板; 1308 黄砖大薄斜板; 1351 黄砖竖薄斜板; 1352 黄砖竖大薄斜板; 1375 黄砖竖板; 170021 黄砖三棱柱; 171021 黄砖弧板; 172021 黄砖薄弧板; 173021 黄砖大薄弧板; 174021 黄砖竖薄弧板; 175021 黄砖大竖薄弧板; 176021 黄砖棱锥,贴图列+_snow
sandstone_snow_horizontal_halftriangle.png,108 素纹黄砖; 172 黄砖竖薄板; 507 黄砖薄板; 540 古老黄砖; 541 方碑黄砖; 1264 黄砖斜板; 1307 黄砖薄斜板; 1308 黄砖大薄斜板; 1351 黄砖竖薄斜板; 1352 黄砖竖大薄斜板; 1375 黄砖竖板; 170021 黄砖三棱柱; 171021 黄砖弧板; 172021 黄砖薄弧板; 173021 黄砖大薄弧板; 174021 黄砖竖薄弧板; 175021 黄砖大竖薄弧板; 176021 黄砖棱锥,贴图列+_snow
sandstone_snow_side.png,108 素纹黄砖; 172 黄砖竖薄板; 507 黄砖薄板; 540 古老黄砖; 541 方碑黄砖; 1264 黄砖斜板; 1307 黄砖薄斜板; 1308 黄砖大薄斜板; 1351 黄砖竖薄斜板; 1352 黄砖竖大薄斜板; 1375 黄砖竖板; 170021 黄砖三棱柱; 171021 黄砖弧板; 172021 黄砖薄弧板; 173021 黄砖大薄弧板; 174021 黄砖竖薄弧板; 175021 黄砖大竖薄弧板; 176021 黄砖棱锥,贴图列+_snow
sandstone_snow_trapezoid_down.png,108 素纹黄砖; 172 黄砖竖薄板; 507 黄砖薄板; 540 古老黄砖; 541 方碑黄砖; 1264 黄砖斜板; 1307 黄砖薄斜板; 1308 黄砖大薄斜板; 1351 黄砖竖薄斜板; 1352 黄砖竖大薄斜板; 1375 黄砖竖板; 170021 黄砖三棱柱; 171021 黄砖弧板; 172021 黄砖薄弧板; 173021 黄砖大薄弧板; 174021 黄砖竖薄弧板; 175021 黄砖大竖薄弧板; 176021 黄砖棱锥,贴图列+_snow
sandstone_snow_trapezoid_up.png,108 素纹黄砖; 172 黄砖竖薄板; 507 黄砖薄板; 540 古老黄砖; 541 方碑黄砖; 1264 黄砖斜板; 1307 黄砖薄斜板; 1308 黄砖大薄斜板; 1351 黄砖竖薄斜板; 1352 黄砖竖大薄斜板; 1375 黄砖竖板; 170021 黄砖三棱柱; 171021 黄砖弧板; 172021 黄砖薄弧板; 173021 黄砖大薄弧板; 174021 黄砖竖薄弧板; 175021 黄砖大竖薄弧板; 176021 黄砖棱锥,贴图列+_snow
sandstone_snow_trapezoid_up_second.png,108 素纹黄砖; 172 黄砖竖薄板; 507 黄砖薄板; 540 古老黄砖; 541 方碑黄砖; 1264 黄砖斜板; 1307 黄砖薄斜板; 1308 黄砖大薄斜板; 1351 黄砖竖薄斜板; 1352 黄砖竖大薄斜板; 1375 黄砖竖板; 170021 黄砖三棱柱; 171021 黄砖弧板; 172021 黄砖薄弧板; 173021 黄砖大薄弧板; 174021 黄砖竖薄弧板; 175021 黄砖大竖薄弧板; 176021 黄砖棱锥,贴图列+_snow
sandstone_snow_triangle.png,108 素纹黄砖; 172 黄砖竖薄板; 507 黄砖薄板; 540 古老黄砖; 541 方碑黄砖; 1264 黄砖斜板; 1307 黄砖薄斜板; 1308 黄砖大薄斜板; 1351 黄砖竖薄斜板; 1352 黄砖竖大薄斜板; 1375 黄砖竖板; 170021 黄砖三棱柱; 171021 黄砖弧板; 172021 黄砖薄弧板; 173021 黄砖大薄弧板; 174021 黄砖竖薄弧板; 175021 黄砖大竖薄弧板; 176021 黄砖棱锥,贴图列+_snow
sandstone_snow_vertical_halftriangle.png,108 素纹黄砖; 172 黄砖竖薄板; 507 黄砖薄板; 540 古老黄砖; 541 方碑黄砖; 1264 黄砖斜板; 1307 黄砖薄斜板; 1308 黄砖大薄斜板; 1351 黄砖竖薄斜板; 1352 黄砖竖大薄斜板; 1375 黄砖竖板; 170021 黄砖三棱柱; 171021 黄砖弧板; 172021 黄砖薄弧板; 173021 黄砖大薄弧板; 174021 黄砖竖薄弧板; 175021 黄砖大竖薄弧板; 176021 黄砖棱锥,贴图列+_snow
sandstone_top.png,109 砂土,贴图列精确
sandstone_top_mix.png,109 砂土,贴图列+_mix
sandstonewall.png,599 沙石柱,贴图列精确
sandstonewall_mix.png,599 沙石柱,贴图列+_mix
sanriocinnamoroll.png,1833 大耳狗方块,贴图列精确
sanriocinnamoroll_bed.png,1827 大耳狗星愿床,贴图列精确
sanriocinnamoroll_chair.png,1829 大耳狗椅子,贴图列精确
sanriocinnamoroll_closet.png,1828 大耳狗衣柜,贴图列精确
sanriocinnamoroll_closet_mix.png,1828 大耳狗衣柜,贴图列+_mix
sanriocinnamoroll_liuyanban.png,1830 大耳狗留言牌,贴图列精确
sanriocinnamoroll_rail.png,1832 大耳狗围栏,贴图列精确
sanriocinnamoroll_sofa.png,1826 大耳狗沙发,贴图列精确
sanriocinnamoroll_table.png,1825 大耳狗餐桌,贴图列精确
sanriocinnamoroll_zipai.png,1831 大耳狗字牌,贴图列精确
sanriohellokitty.png,1824 凯蒂猫方块,贴图列精确
sanriohellokitty_bed.png,1818 凯蒂猫公主床,贴图列精确
sanriohellokitty_chair.png,1820 凯蒂猫公主椅,贴图列精确
sanriohellokitty_closet.png,1819 凯蒂猫衣柜,贴图列精确
sanriohellokitty_door.png,1834 凯蒂猫门,贴图列精确
sanriohellokitty_liuyanban.png,1821 凯蒂猫留言牌,贴图列精确
sanriohellokitty_rail.png,1823 凯蒂猫围栏,贴图列精确
sanriohellokitty_sofa.png,1817 凯蒂猫沙发,贴图列精确
sanriohellokitty_table.png,1816 凯蒂猫餐桌,贴图列精确
sanriohellokitty_zipai.png,1822 凯蒂猫字牌,贴图列精确
sanriokeroppi.png,1854 大眼蛙方块,贴图列精确
sanriokeroppi_bed.png,1862 大眼蛙床,贴图列精确
sanriokeroppi_chair.png,1859 大眼蛙椅子,贴图列精确
sanriokeroppi_closet.png,1861 大眼蛙衣柜,贴图列精确
sanriokeroppi_liuyanban.png,1856 大眼蛙留言牌,贴图列精确
sanriokeroppi_rail.png,1857 大眼蛙围栏,贴图列精确
sanriokeroppi_sofa.png,1860 大眼蛙沙发,贴图列精确
sanriokeroppi_table.png,1858 大眼蛙桌子,贴图列精确
sanriokeroppi_zipai.png,1855 大眼蛙字牌,贴图列精确
sanriokuromi.png,1843 酷洛米方块,贴图列精确
sanriokuromi_bed.png,1837 酷洛米公主床,贴图列精确
sanriokuromi_chair.png,1839 酷洛米公主椅,贴图列精确
sanriokuromi_closet.png,1838 酷洛米衣柜,贴图列精确
sanriokuromi_liuyanban.png,1840 酷洛米留言牌,贴图列精确
sanriokuromi_rail.png,1842 酷洛米围栏,贴图列精确
sanriokuromi_sofa.png,1836 酷洛米沙发,贴图列精确
sanriokuromi_table.png,1835 酷洛米餐桌,贴图列精确
sanriokuromi_zipai.png,1841 酷洛米字牌,贴图列精确
sanriomelody.png,1852 美乐蒂方块,贴图列精确
sanriomelody_bed.png,1846 美乐蒂公主床,贴图列精确
sanriomelody_chair.png,1848 美乐蒂公主椅,贴图列精确
sanriomelody_closet.png,1847 美乐蒂衣柜; 201501 田园衣柜,贴图列精确
sanriomelody_door.png,1853 美乐蒂门,贴图列精确
sanriomelody_liuyanban.png,1849 美乐蒂留言牌,贴图列精确
sanriomelody_rail.png,1851 美乐蒂围栏,贴图列精确
sanriomelody_sofa.png,1845 美乐蒂沙发,贴图列精确
sanriomelody_table.png,1844 美乐蒂餐桌,贴图列精确
sanriomelody_zipai.png,1850 美乐蒂字牌,贴图列精确
sanriopurin.png,1872 布丁狗方块,贴图列精确
sanriopurin_bed.png,1864 布丁狗床,贴图列精确
sanriopurin_chair.png,1867 布丁狗椅子,贴图列精确
sanriopurin_closet.png,1863 布丁狗衣柜,贴图列精确
sanriopurin_door.png,1868 布丁狗门,贴图列精确
sanriopurin_liuyanban.png,1871 布丁狗留言牌,贴图列精确
sanriopurin_liuyanban..png,1872 布丁狗方块,贴图列+_liuyanban.
sanriopurin_rail.png,1869 布丁狗围栏,贴图列精确
sanriopurin_sofa.png,1865 布丁狗沙发,贴图列精确
sanriopurin_table.png,1866 布丁狗桌子,贴图列精确
sanriopurin_zipai.png,1870 布丁狗字牌,贴图列精确
sanriotwinstar.png,1883 双子星方块,贴图列精确
sanriotwinstar_bed.png,1875 双子星床,贴图列精确
sanriotwinstar_chair.png,1878 双子星椅子,贴图列精确
sanriotwinstar_closet.png,1874 双子星衣柜,贴图列精确
sanriotwinstar_door.png,1879 双子星门,贴图列精确
sanriotwinstar_liuyanban.png,1882 双子星留言牌,贴图列精确
sanriotwinstar_rail.png,1880 双子星围栏,贴图列精确
sanriotwinstar_sofa.png,1876 双子星沙发,贴图列精确
sanriotwinstar_table.png,1877 双子星桌子,贴图列精确
sanriotwinstar_zipai.png,1881 双子星字牌,贴图列精确
sapling_acacia.png,151006 金合欢树苗,贴图列精确
sapling_albinosmallstarshadow.png,,
sapling_arbor.png,382 雨林乔木树苗,贴图列精确
sapling_banana.png,383 香蕉树苗,贴图列精确
sapling_banana_mix.png,383 香蕉树苗,贴图列+_mix
sapling_birch.png,214 白杨木树苗; 1505 白杨树苗,贴图列精确
sapling_breadtree.png,151007 猴面包树树苗,贴图列精确
sapling_bush.png,380 灌木丛树苗; 762 枯灌木丛树苗,贴图列精确
sapling_cathaya.png,213 落叶松树苗; 1504 落叶松树苗,贴图列精确
sapling_coconut_middle.png,,
sapling_coconut_seed.png,292 椰树苗,贴图列精确
sapling_deadbush.png,762 枯灌木丛树苗,贴图列精确
sapling_fengxiang.png,151202 枫香树树苗,贴图列精确
sapling_fruittree.png,212 樱桃木树苗; 1503 果木树苗,贴图列精确
sapling_giantglowmushroom.png,151207 巨大荧菇苗,贴图列精确
sapling_glowing_tree.png,,
sapling_lanhuaying.png,151203 蓝花楹树苗,贴图列精确
sapling_peachblossom.png,256 桃花树苗,贴图列精确
sapling_phoebe.png,216 楠木树苗; 345 野生棉花树苗（废弃）,贴图列精确
sapling_populus.png,476 胡杨苗,贴图列精确
sapling_populus1.png,1508 胡杨树苗,贴图列精确
sapling_qiuhuyang.png,151204 秋胡杨树苗,贴图列精确
sapling_redwood.png,215 红杉树苗,贴图列精确
sapling_sacredtree.png,591 神圣树种子,贴图列精确
sapling_sacredtree_emi.png,591 神圣树种子,贴图列+_emi
sapling_smallstarshadow.png,151205 小星影树苗,贴图列精确
sapling_starshadow.png,151206 星影树苗,贴图列精确
sapling_voidtree.png,200409 虚空果树树苗,贴图列精确
sapling_walnut.png,217 核桃树苗; 1506 胡桃树苗,贴图列精确
sapling_yinxing.png,151201 银杏树树苗,贴图列精确
saplings_big.png,,
saplings_small.png,,
scatteredstone.png,110 散落的石块,贴图列精确
scatteredstone_mix.png,110 散落的石块,贴图列+_mix
school_chair.png,390001 课椅,贴图列精确
school_chair_matcap.png,390001 课椅,贴图列+_matcap
school_chair_mix.png,390001 课椅,贴图列+_mix
school_clock.png,390005 时钟,贴图列精确
school_clock_mix.png,390005 时钟,贴图列+_mix
school_desk.png,390002 讲台,贴图列精确
school_desk_mix.png,390002 讲台,贴图列+_mix
school_door.png,390007 教室门,贴图列精确
school_door_mix.png,390007 教室门,贴图列+_mix
school_door_screengrass.png,390007 教室门,贴图列+_screengrass
school_easel.png,390009 画板,贴图列精确
school_easel_mix.png,390009 画板,贴图列+_mix
school_fence.png,390006 运动场围栏,贴图列精确
school_fence_door.png,390022 运动场围栏门,贴图列精确
school_fence_door_matcap.png,390022 运动场围栏门,贴图列+_matcap
school_fence_door_mix.png,390022 运动场围栏门,贴图列+_mix
school_fence_matcap.png,390006 运动场围栏,贴图列+_matcap
school_fence_mix.png,390006 运动场围栏,贴图列+_mix
school_lights.png,390004 条形吊灯,贴图列精确
school_lights_emi.png,390004 条形吊灯,贴图列+_emi
school_lights_mix.png,390004 条形吊灯,贴图列+_mix
school_lockers.png,390008 学校储物柜,贴图列精确
school_lockers_mix.png,390008 学校储物柜,贴图列+_mix
school_menpai.png,390003 教室门牌,贴图列精确
school_menpai_mix.png,390003 教室门牌,贴图列+_mix
school_table.png,390000 课桌,贴图列精确
school_table_matcap.png,390000 课桌,贴图列+_matcap
school_table_mix.png,390000 课桌,贴图列+_mix
school_windows.png,390012 木框玻璃窗,贴图列精确
school_windows_mix.png,390012 木框玻璃窗,贴图列+_mix
scifi_bathtub.png,1654 科幻浴缸,贴图列精确
scifi_bathtub_rgb.png,1654 科幻浴缸,贴图列+_rgb
scifi_bed.png,1646 科幻床,贴图列精确
scifi_bed_rgb.png,1646 科幻床,贴图列+_rgb
scifi_brick_side.png,1667 科幻砖,贴图列+_side
scifi_brick_top.png,1667 科幻砖,贴图列+_top
scifi_cabinet.png,1656 科幻橱柜,贴图列精确
scifi_cabinet_rgb.png,1656 科幻橱柜,贴图列+_rgb
scifi_ceiling_light.png,1661 科幻吊灯,贴图列精确
scifi_ceiling_light_emi.png,1661 科幻吊灯,贴图列+_emi
scifi_ceiling_light_rgb.png,1661 科幻吊灯,贴图列+_rgb
scifi_chair.png,1652 科幻椅子,贴图列精确
scifi_chair_rgb.png,1652 科幻椅子,贴图列+_rgb
scifi_closet.png,1655 科幻衣柜,贴图列精确
scifi_closet_rgb.png,1655 科幻衣柜,贴图列+_rgb
scifi_desk.png,1648 科幻书桌,贴图列精确
scifi_desk_rgb.png,1648 科幻书桌,贴图列+_rgb
scifi_door.png,1663 科幻门,贴图列精确
scifi_door_rgb.png,1663 科幻门,贴图列+_rgb
scifi_erect_light.png,1660 科幻立体灯,贴图列精确
scifi_erect_light_emi.png,1660 科幻立体灯,贴图列+_emi
scifi_erect_light_rgb.png,1660 科幻立体灯,贴图列+_rgb
scifi_group_cabinet.png,1658 科幻组合柜,贴图列精确
scifi_group_cabinet_rgb.png,1658 科幻组合柜,贴图列+_rgb
scifi_half_brick_side.png,1668 科幻半砖,贴图列+_side
scifi_half_brick_top.png,1668 科幻半砖,贴图列+_top
scifi_half_cabinet.png,1657 科幻半格橱柜,贴图列精确
scifi_half_cabinet_rgb.png,1657 科幻半格橱柜,贴图列+_rgb
scifi_rail.png,1669 科幻围栏,贴图列精确
scifi_rail_rgb.png,1669 科幻围栏,贴图列+_rgb
scifi_screen.png,1659 科幻屏风,贴图列精确
scifi_screen_rgb.png,1659 科幻屏风,贴图列+_rgb
scifi_screen_screengrass.png,1659 科幻屏风,贴图列+_screengrass
scifi_screen_screengrass_emi.png,1659 科幻屏风,贴图列+_screengrass
scifi_sofa.png,1647 科幻沙发,贴图列精确
scifi_sofa_rgb.png,1647 科幻沙发,贴图列+_rgb
scifi_stairs.png,1665 科幻楼梯,贴图列精确
scifi_stairs_mix.png,1665 科幻楼梯,贴图列+_mix
scifi_stairs_rgb.png,1665 科幻楼梯,贴图列+_rgb
scifi_table.png,1649 科幻餐桌,贴图列精确
scifi_table_rgb.png,1649 科幻餐桌,贴图列+_rgb
scifi_tea_table.png,1650 科幻茶几,贴图列精确
scifi_tea_table_rgb.png,1650 科幻茶几,贴图列+_rgb
scifi_toilet.png,1653 科幻马桶,贴图列精确
scifi_toilet_rgb.png,1653 科幻马桶,贴图列+_rgb
scifi_wall1_side.png,1666 科幻墙砖,贴图列+数字_side
scifi_wall_light.png,1662 科幻壁灯,贴图列精确
scifi_wall_light_emi.png,1662 科幻壁灯,贴图列+_emi
scifi_wall_light_rgb.png,1662 科幻壁灯,贴图列+_rgb
scifi_wall_side.png,1666 科幻墙砖,贴图列+_side
scifi_wall_top.png,1666 科幻墙砖,贴图列+_top
scifi_wash_table.png,1651 科幻洗手台,贴图列精确
scifi_wash_table_rgb.png,1651 科幻洗手台,贴图列+_rgb
scifi_window.png,1664 科幻窗,贴图列精确
scifi_window_rgb.png,1664 科幻窗,贴图列+_rgb
scifi_window_screengrass.png,1664 科幻窗,贴图列+_screengrass
scopper_hammer.png,782 黄铜创造锤方块,贴图列精确
sculptures_sacrifice_base0.png,,
sculptures_sacrifice_base1.png,,
sculptures_sacrifice_base2.png,,
sculptures_wildlings_base0.png,200012 木质野人战士雕像; 200013 银质野人战士雕像; 200014 金质野人战士雕像,贴图列+_base0
sculptures_wildlings_base1.png,200012 木质野人战士雕像; 200013 银质野人战士雕像; 200014 金质野人战士雕像,贴图列+_base1
sculptures_wildlings_base1_emi.png,200012 木质野人战士雕像; 200013 银质野人战士雕像; 200014 金质野人战士雕像,贴图列+_base1
sealed_woodendoor.png,200369 密封的木门,贴图列精确
sealed_woodendoor_mix.png,200369 密封的木门,贴图列+_mix
seamless_mithsilver_block.png,150916 无缝铁块,贴图列精确
seamless_mithsilver_block_matcap.png,150916 无缝铁块,贴图列+_matcap
seamless_mithsilver_block_mix.png,150916 无缝铁块,贴图列+_mix
seaweed.png,246 海带,贴图列精确
seaweed2_bottom.png,246 海带,贴图列+数字_bottom
seaweed2_top.png,246 海带,贴图列+数字_top
seaweed_bottom.png,246 海带,贴图列+_bottom
seaweed_emi.png,246 海带,贴图列+_emi
seaweed_top.png,246 海带,贴图列+_top
sedimentaryrock_side.png,23 深积岩,贴图列+_side
sedimentaryrock_side_mix.png,23 深积岩,贴图列+_side
sedimentaryrock_top.png,23 深积岩,贴图列+_top
sedimentaryrock_top_mix.png,23 深积岩,贴图列+_top
sensorblock.png,1032 感应方块; 1189 螺旋推进器,贴图列精确
sensorblock_emi.png,1032 感应方块; 1189 螺旋推进器,贴图列+_emi
sensorblock_mix.png,1032 感应方块; 1189 螺旋推进器,贴图列+_mix
sensorblock_off.png,1032 感应方块; 1189 螺旋推进器,贴图列+_off
sensorblock_off_mix.png,1032 感应方块; 1189 螺旋推进器,贴图列+_off
sensorblock_top.png,1189 螺旋推进器,贴图列精确
sesame.png,1512 芝麻,贴图列精确
sf_blue01.png,1102 镜冰,贴图列精确
sf_blue01_emi.png,1102 镜冰,贴图列+_emi
sf_blue01_mix.png,1102 镜冰,贴图列+_mix
sf_blue02.png,1103 冰灯,贴图列精确
sf_blue02_emi.png,1103 冰灯,贴图列+_emi
sf_blue02_mix.png,1103 冰灯,贴图列+_mix
sf_blue04.png,1104 花纹星能块,贴图列精确
sf_blue04_emi.png,1104 花纹星能块,贴图列+_emi
sf_blue04_mix.png,1104 花纹星能块,贴图列+_mix
sf_blue05_side.png,1105 星能铁块,贴图列+_side
sf_blue05_side_emi.png,1105 星能铁块,贴图列+_side
sf_blue05_side_mix.png,1105 星能铁块,贴图列+_side
sf_blue05_top.png,1105 星能铁块,贴图列+_top
sf_blue05_top_emi.png,1105 星能铁块,贴图列+_top
sf_blue05_top_mix.png,1105 星能铁块,贴图列+_top
sf_blue08_side.png,1106 星能铁板,贴图列+_side
sf_blue08_side_emi.png,1106 星能铁板,贴图列+_side
sf_blue08_side_mix.png,1106 星能铁板,贴图列+_side
sf_blue08_top.png,1106 星能铁板,贴图列+_top
sf_blue08_top_mix.png,1106 星能铁板,贴图列+_top
sf_metel01.png,1120 旧铁块; 1121 旧铁块; 1122 旧铁块; 1123 旧铁块; 1124 旧铁块; 1125 旧铁块; 1126 旧铁块; 1127 旧铁块; 1128 旧铁块; 1129 旧铁块; 1130 旧铁块; 1131 旧铁块; 1132 旧铁块; 1133 旧铁块; 1134 旧铁块; 1135 旧铁块; 1972 旧铁块; 1973 旧铁块; 1974 旧铁块; 1975 旧铁块; 1976 旧铁块; 1977 旧铁块; 1978 旧铁块; 1979 旧铁块; 1980 旧铁块; 1981 旧铁块; 1982 旧铁块; 1983 旧铁块; 170011 铁制三棱柱; 171011 铁制弧板; 172011 铁制薄弧板; 173011 铁制大薄弧板; 174011 铁制竖薄弧板; 175011 铁制大竖薄弧板; 176011 铁制棱锥; 200013 银质野人战士雕像; 200016 银质野人祭司雕像; 200019 银质野人投矛手雕像; 200022 银质野萌宝雕像; 200025 银质毒素野人祭司雕像; 200028 银质治疗野人祭司雕像; 200031 银质雷电野人祭司雕像; 200034 银质火焰野人祭司雕像; 200037 银质蝙蝠雕像; 200040 银质符文怪雕像; 200043 银质虚空使徒雕像; 200046 银质海盗掠夺者雕像; 200049 银质海盗猎手雕像; 200052 银质爆爆蛋雕像; 200055 银质毒尾蝎雕像; 200058 银质海灵守卫雕像; 200061 银质沙灵守卫雕像; 200064 银质熔岩巨人雕像; 200067 银质硫磺弓手雕像; 200070 银质萌眼叮叮雕像; 200073 银质萌眼咚咚雕像; 200076 银质萌眼当当雕像; 200079 银质萌眼咻咻雕像; 200082 银质冰灵守卫雕像; 200085 银质寒霜野人祭司雕像; 200088 银质小型海盗船雕像; 200091 银质中型海盗船雕像; 200094 银质大型海盗船雕像,贴图列精确
sf_metel01_mix.png,1120 旧铁块; 1121 旧铁块; 1122 旧铁块; 1123 旧铁块; 1124 旧铁块; 1125 旧铁块; 1126 旧铁块; 1127 旧铁块; 1128 旧铁块; 1129 旧铁块; 1130 旧铁块; 1131 旧铁块; 1132 旧铁块; 1133 旧铁块; 1134 旧铁块; 1135 旧铁块; 1972 旧铁块; 1973 旧铁块; 1974 旧铁块; 1975 旧铁块; 1976 旧铁块; 1977 旧铁块; 1978 旧铁块; 1979 旧铁块; 1980 旧铁块; 1981 旧铁块; 1982 旧铁块; 1983 旧铁块; 170011 铁制三棱柱; 171011 铁制弧板; 172011 铁制薄弧板; 173011 铁制大薄弧板; 174011 铁制竖薄弧板; 175011 铁制大竖薄弧板; 176011 铁制棱锥; 200013 银质野人战士雕像; 200016 银质野人祭司雕像; 200019 银质野人投矛手雕像; 200022 银质野萌宝雕像; 200025 银质毒素野人祭司雕像; 200028 银质治疗野人祭司雕像; 200031 银质雷电野人祭司雕像; 200034 银质火焰野人祭司雕像; 200037 银质蝙蝠雕像; 200040 银质符文怪雕像; 200043 银质虚空使徒雕像; 200046 银质海盗掠夺者雕像; 200049 银质海盗猎手雕像; 200052 银质爆爆蛋雕像; 200055 银质毒尾蝎雕像; 200058 银质海灵守卫雕像; 200061 银质沙灵守卫雕像; 200064 银质熔岩巨人雕像; 200067 银质硫磺弓手雕像; 200070 银质萌眼叮叮雕像; 200073 银质萌眼咚咚雕像; 200076 银质萌眼当当雕像; 200079 银质萌眼咻咻雕像; 200082 银质冰灵守卫雕像; 200085 银质寒霜野人祭司雕像; 200088 银质小型海盗船雕像; 200091 银质中型海盗船雕像; 200094 银质大型海盗船雕像,贴图列+_mix
sf_metel02.png,1113 竖纹铁板,贴图列精确
sf_metel02_matcap.png,1113 竖纹铁板,贴图列+_matcap
sf_metel02_mix.png,1113 竖纹铁板,贴图列+_mix
sf_old_01.png,1114 锈铁板,贴图列精确
sf_old_01_matcap.png,1114 锈铁板,贴图列+_matcap
sf_old_01_mix.png,1114 锈铁板,贴图列+_mix
sf_old_02.png,1115 条纹锈铁板,贴图列精确
sf_old_02_matcap.png,1115 条纹锈铁板,贴图列+_matcap
sf_old_02_mix.png,1115 条纹锈铁板,贴图列+_mix
sf_old_03.png,1116 镂空锈铁板,贴图列精确
sf_old_03_matcap.png,1116 镂空锈铁板,贴图列+_matcap
sf_old_03_mix.png,1116 镂空锈铁板,贴图列+_mix
sf_old_04_side.png,1117 星能锈铁块,贴图列+_side
sf_old_04_side_emi.png,1117 星能锈铁块,贴图列+_side
sf_old_04_side_mix.png,1117 星能锈铁块,贴图列+_side
sf_old_04_top.png,1117 星能锈铁块,贴图列+_top
sf_old_04_top_emi.png,1117 星能锈铁块,贴图列+_top
sf_old_04_top_mix.png,1117 星能锈铁块,贴图列+_top
sf_purple_side.png,1107 紫线铁块,贴图列+_side
sf_purple_side_emi.png,1107 紫线铁块,贴图列+_side
sf_purple_side_mix.png,1107 紫线铁块,贴图列+_side
sf_purple_top.png,1107 紫线铁块,贴图列+_top
sf_purple_top_emi.png,1107 紫线铁块,贴图列+_top
sf_purple_top_mix.png,1107 紫线铁块,贴图列+_top
sf_silvery01.png,1108 厚铁板,贴图列精确
sf_silvery01_matcap.png,1108 厚铁板,贴图列+_matcap
sf_silvery01_mix.png,1108 厚铁板,贴图列+_mix
sf_silvery02.png,,
sf_silvery03.png,1109 镂空铁板,贴图列精确
sf_silvery03_matcap.png,1109 镂空铁板,贴图列+_matcap
sf_silvery03_mix.png,1109 镂空铁板,贴图列+_mix
sf_white_side.png,1110 实验室灯,贴图列+_side
sf_white_side_emi.png,1110 实验室灯,贴图列+_side
sf_white_side_mix.png,1110 实验室灯,贴图列+_side
sf_white_top.png,1110 实验室灯,贴图列+_top
sf_white_top_emi.png,1110 实验室灯,贴图列+_top
sf_white_top_mix.png,1110 实验室灯,贴图列+_top
sf_yellow02_side.png,1118 荧光灯,贴图列+_side
sf_yellow02_side_emi.png,1118 荧光灯,贴图列+_side
sf_yellow02_side_mix.png,1118 荧光灯,贴图列+_side
sf_yellow02_top.png,1118 荧光灯,贴图列+_top
sf_yellow02_top_emi.png,1118 荧光灯,贴图列+_top
sf_yellow02_top_mix.png,1118 荧光灯,贴图列+_top
sf_yellow03.png,1119 花纹铁块,贴图列精确
sf_yellow03_matcap.png,1119 花纹铁块,贴图列+_matcap
sf_yellow03_mix.png,1119 花纹铁块,贴图列+_mix
shafa.png,878 沙发测试,贴图列精确
shafa_wood.png,967 沙发; 972 象牙白沙发; 977 松木沙发,贴图列精确
shafa_wood2.png,972 象牙白沙发,贴图列精确
shafa_wood2_mix.png,972 象牙白沙发,贴图列+_mix
shafa_wood3.png,977 松木沙发,贴图列精确
shafa_wood3_mix.png,977 松木沙发,贴图列+_mix
shafa_wood_mix.png,967 沙发; 972 象牙白沙发; 977 松木沙发,贴图列+_mix
shaft.png,150701 基础传动轴; 150702 铜制传动轴; 150703 铁制传动轴; 150704 铝制传动轴,贴图列精确
shelter.png,484 帐篷,贴图列精确
shelter_emi.png,484 帐篷,贴图列+_emi
shelter_mix.png,484 帐篷,贴图列+_mix
shou.png,942 春节窗花-寿,贴图列精确
shuanghuo1.png,34 霜火石矿,贴图列精确
shuanghuo1_emi.png,34 霜火石矿,贴图列+_emi
shuanghuo1_proto.png,34 霜火石矿,贴图列+_proto
shuanghuo1_proto_emi.png,34 霜火石矿,贴图列+_proto
shuanghuo_x.png,34 霜火石矿,贴图列+_x
shuanghuo_y.png,34 霜火石矿,贴图列+_y
shuanghuo_z.png,34 霜火石矿,贴图列+_z
shuguang1.png,536 曙光石块,贴图列精确
shuguang1_emi.png,536 曙光石块,贴图列+_emi
shuguang1_mix.png,536 曙光石块,贴图列+_mix
shuguang2.png,536 曙光石块,贴图列精确
shuguang2_emi.png,536 曙光石块,贴图列+_emi
shuguang2_mix.png,536 曙光石块,贴图列+_mix
shumiao.png,,
signalparser1_off.png,1054 信号解析器,贴图列+数字_off
signalparser1_on.png,1054 信号解析器,贴图列+数字_on
signalparser2_off.png,1054 信号解析器,贴图列+数字_off
signalparser2_on.png,1054 信号解析器,贴图列+数字_on
signalparser3_off.png,1054 信号解析器,贴图列+数字_off
signalparser3_on.png,1054 信号解析器,贴图列+数字_on
signalparser4_off.png,1054 信号解析器,贴图列+数字_off
signalparser4_on.png,1054 信号解析器,贴图列+数字_on
signalparser5_off.png,1054 信号解析器,贴图列+数字_off
signalparser5_on.png,1054 信号解析器,贴图列+数字_on
signalparser6_off.png,1054 信号解析器,贴图列+数字_off
signalparser6_on.png,1054 信号解析器,贴图列+数字_on
signalparser_off.png,1054 信号解析器,贴图列+_off
signalparser_off0.png,1054 信号解析器,贴图列精确
signalparser_off0_mix.png,1054 信号解析器,贴图列+_mix
signalparser_off1.png,1054 信号解析器,贴图列+_off1
signalparser_off2.png,1054 信号解析器,贴图列+_off2
signalparser_off3.png,1054 信号解析器,贴图列+_off3
signalparser_off4.png,1054 信号解析器,贴图列+_off4
signalparser_off5.png,1054 信号解析器,贴图列+_off5
signalparser_off6.png,1054 信号解析器,贴图列+_off6
signalparser_on.png,1054 信号解析器,贴图列+_on
signalparser_on0.png,1054 信号解析器,贴图列+_on0
signalparser_on1.png,1054 信号解析器,贴图列+_on1
signalparser_on2.png,1054 信号解析器,贴图列+_on2
signalparser_on3.png,1054 信号解析器,贴图列+_on3
signalparser_on4.png,1054 信号解析器,贴图列+_on4
signalparser_on5.png,1054 信号解析器,贴图列+_on5
signalparser_on6.png,1054 信号解析器,贴图列+_on6
signalparser_on_emi.png,1054 信号解析器,贴图列+_on
silica_block_bottom.png,161 云母竖薄板; 412 硅石块; 513 云母薄板; 1253 云母斜板; 1285 云母薄斜板; 1286 云母大薄斜板; 1329 云母竖薄斜板; 1330 云母竖大薄斜板; 1364 云母竖板; 170010 云母三棱柱; 171010 云母弧板; 172010 云母薄弧板; 173010 云母大薄弧板; 174010 云母竖薄弧板; 175010 云母大竖薄弧板; 176010 云母棱锥,贴图列+_bottom
silica_block_bottom_mix.png,161 云母竖薄板; 412 硅石块; 513 云母薄板; 1253 云母斜板; 1285 云母薄斜板; 1286 云母大薄斜板; 1329 云母竖薄斜板; 1330 云母竖大薄斜板; 1364 云母竖板; 170010 云母三棱柱; 171010 云母弧板; 172010 云母薄弧板; 173010 云母大薄弧板; 174010 云母竖薄弧板; 175010 云母大竖薄弧板; 176010 云母棱锥,贴图列+_bottom
silica_block_chiseled.png,413 花纹云母块,贴图列精确
silica_block_chiseled_mix.png,413 花纹云母块,贴图列+_mix
silica_block_chiseled_top.png,413 花纹云母块,贴图列+_top
silica_block_chiseled_top_mix.png,413 花纹云母块,贴图列+_top
silica_block_lines.png,414 竖纹云母块,贴图列精确
silica_block_lines_mix.png,414 竖纹云母块,贴图列+_mix
silica_block_lines_top.png,414 竖纹云母块,贴图列+_top
silica_block_lines_top_mix.png,414 竖纹云母块,贴图列+_top
silica_block_side.png,161 云母竖薄板; 412 硅石块; 513 云母薄板; 1253 云母斜板; 1285 云母薄斜板; 1286 云母大薄斜板; 1329 云母竖薄斜板; 1330 云母竖大薄斜板; 1364 云母竖板; 170010 云母三棱柱; 171010 云母弧板; 172010 云母薄弧板; 173010 云母大薄弧板; 174010 云母竖薄弧板; 175010 云母大竖薄弧板; 176010 云母棱锥,贴图列+_side
silica_block_side_mix.png,161 云母竖薄板; 412 硅石块; 513 云母薄板; 1253 云母斜板; 1285 云母薄斜板; 1286 云母大薄斜板; 1329 云母竖薄斜板; 1330 云母竖大薄斜板; 1364 云母竖板; 170010 云母三棱柱; 171010 云母弧板; 172010 云母薄弧板; 173010 云母大薄弧板; 174010 云母竖薄弧板; 175010 云母大竖薄弧板; 176010 云母棱锥,贴图列+_side
silica_block_snow_down_more.png,161 云母竖薄板; 412 硅石块; 513 云母薄板; 1253 云母斜板; 1285 云母薄斜板; 1286 云母大薄斜板; 1329 云母竖薄斜板; 1330 云母竖大薄斜板; 1364 云母竖板; 170010 云母三棱柱; 171010 云母弧板; 172010 云母薄弧板; 173010 云母大薄弧板; 174010 云母竖薄弧板; 175010 云母大竖薄弧板; 176010 云母棱锥,贴图列+_snow
silica_block_snow_horizontal_halftriangle.png,161 云母竖薄板; 412 硅石块; 513 云母薄板; 1253 云母斜板; 1285 云母薄斜板; 1286 云母大薄斜板; 1329 云母竖薄斜板; 1330 云母竖大薄斜板; 1364 云母竖板; 170010 云母三棱柱; 171010 云母弧板; 172010 云母薄弧板; 173010 云母大薄弧板; 174010 云母竖薄弧板; 175010 云母大竖薄弧板; 176010 云母棱锥,贴图列+_snow
silica_block_snow_side.png,161 云母竖薄板; 412 硅石块; 513 云母薄板; 1253 云母斜板; 1285 云母薄斜板; 1286 云母大薄斜板; 1329 云母竖薄斜板; 1330 云母竖大薄斜板; 1364 云母竖板; 170010 云母三棱柱; 171010 云母弧板; 172010 云母薄弧板; 173010 云母大薄弧板; 174010 云母竖薄弧板; 175010 云母大竖薄弧板; 176010 云母棱锥,贴图列+_snow
silica_block_snow_trapezoid_down.png,161 云母竖薄板; 412 硅石块; 513 云母薄板; 1253 云母斜板; 1285 云母薄斜板; 1286 云母大薄斜板; 1329 云母竖薄斜板; 1330 云母竖大薄斜板; 1364 云母竖板; 170010 云母三棱柱; 171010 云母弧板; 172010 云母薄弧板; 173010 云母大薄弧板; 174010 云母竖薄弧板; 175010 云母大竖薄弧板; 176010 云母棱锥,贴图列+_snow
silica_block_snow_trapezoid_up.png,161 云母竖薄板; 412 硅石块; 513 云母薄板; 1253 云母斜板; 1285 云母薄斜板; 1286 云母大薄斜板; 1329 云母竖薄斜板; 1330 云母竖大薄斜板; 1364 云母竖板; 170010 云母三棱柱; 171010 云母弧板; 172010 云母薄弧板; 173010 云母大薄弧板; 174010 云母竖薄弧板; 175010 云母大竖薄弧板; 176010 云母棱锥,贴图列+_snow
silica_block_snow_trapezoid_up_second.png,161 云母竖薄板; 412 硅石块; 513 云母薄板; 1253 云母斜板; 1285 云母薄斜板; 1286 云母大薄斜板; 1329 云母竖薄斜板; 1330 云母竖大薄斜板; 1364 云母竖板; 170010 云母三棱柱; 171010 云母弧板; 172010 云母薄弧板; 173010 云母大薄弧板; 174010 云母竖薄弧板; 175010 云母大竖薄弧板; 176010 云母棱锥,贴图列+_snow
silica_block_snow_triangle.png,161 云母竖薄板; 412 硅石块; 513 云母薄板; 1253 云母斜板; 1285 云母薄斜板; 1286 云母大薄斜板; 1329 云母竖薄斜板; 1330 云母竖大薄斜板; 1364 云母竖板; 170010 云母三棱柱; 171010 云母弧板; 172010 云母薄弧板; 173010 云母大薄弧板; 174010 云母竖薄弧板; 175010 云母大竖薄弧板; 176010 云母棱锥,贴图列+_snow
silica_block_snow_vertical_halftriangle.png,161 云母竖薄板; 412 硅石块; 513 云母薄板; 1253 云母斜板; 1285 云母薄斜板; 1286 云母大薄斜板; 1329 云母竖薄斜板; 1330 云母竖大薄斜板; 1364 云母竖板; 170010 云母三棱柱; 171010 云母弧板; 172010 云母薄弧板; 173010 云母大薄弧板; 174010 云母竖薄弧板; 175010 云母大竖薄弧板; 176010 云母棱锥,贴图列+_snow
silica_block_top.png,533 云母楼梯,贴图列精确
silica_block_top_mix.png,533 云母楼梯,贴图列+_mix
silt.png,114 淤泥,贴图列精确
silt_mix.png,114 淤泥,贴图列+_mix
siron_hammer.png,783 铁制创造锤方块,贴图列精确
sky_control.png,1401 天空布景台,贴图列精确
skylight.png,731 木质天窗,贴图列精确
skylight_mix.png,731 木质天窗,贴图列+_mix
sleepingbag.png,582 豹纹睡袋,贴图列精确
sleepingbag2.png,828 简易睡袋,贴图列精确
sleepingbag2_mix.png,828 简易睡袋,贴图列+_mix
sleepingbag_mix.png,582 豹纹睡袋,贴图列+_mix
small_blue_rock_brick.png,200235 不规则蘑古砖,贴图列精确
small_blue_rock_brick_mix.png,200235 不规则蘑古砖,贴图列+_mix
small_torch_off.png,299 熄灭的小火炬,贴图列精确
small_torch_off_mix.png,299 熄灭的小火炬,贴图列+_mix
small_torch_on.png,298 燃烧的小火炬,贴图列精确
small_torch_on_emi.png,298 燃烧的小火炬,贴图列+_emi
small_torch_on_mix.png,298 燃烧的小火炬,贴图列+_mix
small_twig.png,,
smallstarshadefruit.png,200255 小星影树果实,贴图列精确
smallstarshadefruit_emi.png,200255 小星影树果实,贴图列+_emi
smallstarshadefruit_mix.png,200255 小星影树果实,贴图列+_mix
smallwhitestarshadefruit.png,,
smallwhitestarshadefruit_emi.png,,
smallwhitestarshadefruit_mix.png,,
snow.png,115 松软的雪; 122 厚实的雪; 129 厚实的雪; 130 厚实的雪堆; 160001 软雪块; 161001 厚雪薄板; 162001 软雪竖薄板; 162002 厚雪竖薄板; 163001 软雪斜板; 163002 厚雪斜板; 164001 软雪竖板; 164002 厚雪竖板; 165001 软雪薄斜板; 165002 厚雪薄斜板; 166001 软雪大薄斜板; 166002 厚雪大薄斜板; 167001 软雪竖薄斜板; 167002 厚雪竖薄斜板; 168001 软雪竖大薄斜板; 168002 厚雪竖大薄斜板; 169001 厚雪楼梯; 170024 软雪三棱柱; 170025 厚雪三棱柱; 171024 软雪弧板; 171025 厚雪弧板; 172024 软雪薄弧板; 172025 厚雪薄弧板; 173024 软雪大薄弧板; 173025 厚雪大薄弧板; 174024 软雪竖薄弧板; 174025 厚雪竖薄弧板; 175024 软雪大竖薄弧板; 175025 厚雪大竖薄弧板; 176024 软雪棱锥; 176025 厚雪棱锥,贴图列精确
snow_lotus.png,764 庇佑雪莲,贴图列精确
snow_lotus_emi.png,764 庇佑雪莲,贴图列+_emi
snow_lotus_mix.png,764 庇佑雪莲,贴图列+_mix
snow_m.png,129 厚实的雪,贴图列精确
snow_mix.png,115 松软的雪; 122 厚实的雪; 129 厚实的雪; 130 厚实的雪堆; 160001 软雪块; 161001 厚雪薄板; 162001 软雪竖薄板; 162002 厚雪竖薄板; 163001 软雪斜板; 163002 厚雪斜板; 164001 软雪竖板; 164002 厚雪竖板; 165001 软雪薄斜板; 165002 厚雪薄斜板; 166001 软雪大薄斜板; 166002 厚雪大薄斜板; 167001 软雪竖薄斜板; 167002 厚雪竖薄斜板; 168001 软雪竖大薄斜板; 168002 厚雪竖大薄斜板; 169001 厚雪楼梯; 170024 软雪三棱柱; 170025 厚雪三棱柱; 171024 软雪弧板; 171025 厚雪弧板; 172024 软雪薄弧板; 172025 厚雪薄弧板; 173024 软雪大薄弧板; 173025 厚雪大薄弧板; 174024 软雪竖薄弧板; 174025 厚雪竖薄弧板; 175024 软雪大竖薄弧板; 175025 厚雪大竖薄弧板; 176024 软雪棱锥; 176025 厚雪棱锥,贴图列+_mix
snow_trans.png,115 松软的雪; 122 厚实的雪; 129 厚实的雪; 130 厚实的雪堆; 160001 软雪块; 161001 厚雪薄板; 162001 软雪竖薄板; 162002 厚雪竖薄板; 163001 软雪斜板; 163002 厚雪斜板; 164001 软雪竖板; 164002 厚雪竖板; 165001 软雪薄斜板; 165002 厚雪薄斜板; 166001 软雪大薄斜板; 166002 厚雪大薄斜板; 167001 软雪竖薄斜板; 167002 厚雪竖薄斜板; 168001 软雪竖大薄斜板; 168002 厚雪竖大薄斜板; 169001 厚雪楼梯; 170024 软雪三棱柱; 170025 厚雪三棱柱; 171024 软雪弧板; 171025 厚雪弧板; 172024 软雪薄弧板; 172025 厚雪薄弧板; 173024 软雪大薄弧板; 173025 厚雪大薄弧板; 174024 软雪竖薄弧板; 174025 厚雪竖薄弧板; 175024 软雪大竖薄弧板; 175025 厚雪大竖薄弧板; 176024 软雪棱锥; 176025 厚雪棱锥,贴图列+_trans
songshu.png,390067 [水墨]松树,贴图列精确
sorbus.png,1516 高丹草,贴图列精确
spacecraft_thruster_0.png,1096 航天推进器,贴图列精确
spacecraft_thruster_1.png,1096 航天推进器,贴图列+_1
spacecraft_thruster_1_emi.png,1096 航天推进器,贴图列+_1
spacecraft_thruster_2.png,1096 航天推进器,贴图列+_2
spacecraft_thruster_2_emi.png,1096 航天推进器,贴图列+_2
spacecraft_thruster_3.png,1096 航天推进器,贴图列+_3
spacecraft_thruster_3_emi.png,1096 航天推进器,贴图列+_3
spacecraft_thruster_mix.png,1096 航天推进器,贴图列+_mix
spaceportal.png,200249 星尘传送门,贴图列精确
spaceportal_0001.png,200249 星尘传送门,贴图列+_0001
spaceportal_0001_emi.png,200249 星尘传送门,贴图列+_0001
spaceportal_0010.png,200249 星尘传送门,贴图列+_0010
spaceportal_0010_emi.png,200249 星尘传送门,贴图列+_0010
spaceportal_0011.png,200249 星尘传送门,贴图列+_0011
spaceportal_0011_emi.png,200249 星尘传送门,贴图列+_0011
spaceportal_0100.png,200249 星尘传送门,贴图列+_0100
spaceportal_0100_emi.png,200249 星尘传送门,贴图列+_0100
spaceportal_0101.png,200249 星尘传送门,贴图列+_0101
spaceportal_0101_emi.png,200249 星尘传送门,贴图列+_0101
spaceportal_0110.png,200249 星尘传送门,贴图列+_0110
spaceportal_0110_emi.png,200249 星尘传送门,贴图列+_0110
spaceportal_0111.png,200249 星尘传送门,贴图列+_0111
spaceportal_0111_emi.png,200249 星尘传送门,贴图列+_0111
spaceportal_1000.png,200249 星尘传送门,贴图列+_1000
spaceportal_1000_emi.png,200249 星尘传送门,贴图列+_1000
spaceportal_1001.png,200249 星尘传送门,贴图列+_1001
spaceportal_1001_emi.png,200249 星尘传送门,贴图列+_1001
spaceportal_1010.png,200249 星尘传送门,贴图列+_1010
spaceportal_1010_emi.png,200249 星尘传送门,贴图列+_1010
spaceportal_1011.png,200249 星尘传送门,贴图列+_1011
spaceportal_1011_emi.png,200249 星尘传送门,贴图列+_1011
spaceportal_1100.png,200249 星尘传送门,贴图列+_1100
spaceportal_1100_emi.png,200249 星尘传送门,贴图列+_1100
spaceportal_1101.png,200249 星尘传送门,贴图列+_1101
spaceportal_1101_emi.png,200249 星尘传送门,贴图列+_1101
spaceportal_1110.png,200249 星尘传送门,贴图列+_1110
spaceportal_1110_emi.png,200249 星尘传送门,贴图列+_1110
spaceportal_1111.png,200249 星尘传送门,贴图列+_1111
spaceportal_1111_emi.png,200249 星尘传送门,贴图列+_1111
spaceportal_emi.png,200249 星尘传送门,贴图列+_emi
spawner_s0.png,745 硫黄弓手图腾; 810 怪物召集石; 901 野人战士图腾; 902 野萌宝图腾; 903 野人投矛手图腾; 904 蝙蝠图腾; 906 爆爆蛋图腾; 908 熔岩巨人图腾; 909 硫黄弓手图腾; 910 嘟嘟鸟图腾; 911 沃沃兽图腾; 912 墩墩图腾; 913 角鹿图腾; 915 狐图腾; 917 地心人图腾; 918 远古黑龙图腾,贴图列+_s0
spawner_s1.png,745 硫黄弓手图腾; 810 怪物召集石; 901 野人战士图腾; 902 野萌宝图腾; 903 野人投矛手图腾; 904 蝙蝠图腾; 906 爆爆蛋图腾; 908 熔岩巨人图腾; 909 硫黄弓手图腾; 910 嘟嘟鸟图腾; 911 沃沃兽图腾; 912 墩墩图腾; 913 角鹿图腾; 915 狐图腾; 917 地心人图腾; 918 远古黑龙图腾,贴图列+_s1
spawner_s2.png,745 硫黄弓手图腾; 810 怪物召集石; 901 野人战士图腾; 902 野萌宝图腾; 903 野人投矛手图腾; 904 蝙蝠图腾; 906 爆爆蛋图腾; 908 熔岩巨人图腾; 909 硫黄弓手图腾; 910 嘟嘟鸟图腾; 911 沃沃兽图腾; 912 墩墩图腾; 913 角鹿图腾; 915 狐图腾; 917 地心人图腾; 918 远古黑龙图腾,贴图列+_s2
speed_induction_mix.png,1171 游戏版本过低,贴图列+_mix
speed_induction_off.png,1171 游戏版本过低,贴图列精确
speed_induction_on.png,1171 游戏版本过低,贴图列+_on
speed_induction_on_emi.png,1171 游戏版本过低,贴图列+_on
speedup_block.png,9 加速移动方块,贴图列精确
sponge.png,127 泡沫块,贴图列精确
sponge_mix.png,127 泡沫块,贴图列+_mix
spring_cabinet.png,1815 中式柜子,贴图列精确
spring_cabinet_mix.png,1815 中式柜子,贴图列+_mix
spring_cabinet_rgb.png,1815 中式柜子,贴图列+_rgb
spring_chair.png,1811 中式椅子,贴图列精确
spring_chair_mix.png,1811 中式椅子,贴图列+_mix
spring_chair_rgb.png,1811 中式椅子,贴图列+_rgb
spring_flamecrystal.png,844 炽炎弹簧,贴图列精确
spring_flamecrystal_emi.png,844 炽炎弹簧,贴图列+_emi
spring_hearth.png,1814 中式火炉,贴图列精确
spring_hearth_mix.png,1814 中式火炉,贴图列+_mix
spring_hearth_rgb.png,1814 中式火炉,贴图列+_rgb
spring_mithsilver.png,842 铸铁弹簧,贴图列精确
spring_mithsilver_emi.png,842 铸铁弹簧,贴图列+_emi
spring_shafa.png,1813 中式木椅,贴图列精确
spring_shafa_mix.png,1813 中式木椅,贴图列+_mix
spring_shafa_rgb.png,1813 中式木椅,贴图列+_rgb
spring_table.png,1788 游戏版本过低; 1812 中式桌子,贴图列精确
spring_table_mix.png,1788 游戏版本过低; 1812 中式桌子,贴图列+_mix
spring_table_rgb.png,1788 游戏版本过低; 1812 中式桌子,贴图列+_rgb
springfestival_fu.png,937 福字,贴图列精确
springholder.png,150763 推拉手臂占位方块; 150764 推拉手头部占位方块; 150765 推拉手头部占位方块2,贴图列精确
star_cloud.png,1754 彩云,贴图列精确
star_cloud_emi.png,1754 彩云,贴图列+_emi
star_cloud_mix.png,1754 彩云,贴图列+_mix
star_lantern.png,,
staralgae.png,201924 星辉浮藻,贴图列精确
staralgae_emi.png,201924 星辉浮藻,贴图列+_emi
starcup.png,1021 闪星奖杯,贴图列精确
starcup_mix.png,1021 闪星奖杯,贴图列+_mix
starenergy_block.png,10 星能块; 415 星能块,贴图列精确
starenergy_block_emi.png,10 星能块; 415 星能块,贴图列+_emi
starenergy_lamp_off.png,707 星能信号灯,贴图列精确
starenergy_lamp_on.png,708 星能信号灯,贴图列精确
starenergy_lamp_on_emi.png,708 星能信号灯,贴图列+_emi
starenergy_ore1.png,405 星能矿,贴图列+1
starenergy_ore1_emi.png,405 星能矿,贴图列+数字_emi
starenergy_ore1_proto.png,405 星能矿,贴图列+数字_proto
starenergy_ore1_proto_emi.png,,
starenergy_ore1_x.png,405 星能矿,贴图列+数字_x
starenergy_ore1_y.png,405 星能矿,贴图列+数字_y
starenergy_ore1_z.png,405 星能矿,贴图列+数字_z
starenergy_ore2.png,405 星能矿,贴图列+2
starenergy_ore2_emi.png,405 星能矿,贴图列+数字_emi
starenergy_ore2_x.png,405 星能矿,贴图列+数字_x
starenergy_ore2_x_emi.png,,
starenergy_ore2_y.png,405 星能矿,贴图列+数字_y
starenergy_ore2_y_emi.png,,
starenergy_ore2_z.png,405 星能矿,贴图列+数字_z
starenergy_ore2_z_emi.png,,
starenergy_ore3.png,405 星能矿,贴图列+3
starenergy_ore3_emi.png,405 星能矿,贴图列+数字_emi
starenergy_ore3_x.png,405 星能矿,贴图列+数字_x
starenergy_ore3_y.png,405 星能矿,贴图列+数字_y
starenergy_ore3_z.png,405 星能矿,贴图列+数字_z
starenergy_ore_proto.png,405 星能矿,贴图列+_proto
starenergy_ore_proto_emi.png,405 星能矿,贴图列+_proto
starenergy_torch.png,701 星能产生器,贴图列精确
starenergy_torch_emi.png,701 星能产生器,贴图列+_emi
starenergy_torch_off.png,700 星能产生器,贴图列精确
starflower.png,302 星辰花; 433 星辰花种子,贴图列精确
starflower_middle.png,302 星辰花; 433 星辰花种子,贴图列+_middle
starflower_seed.png,302 星辰花; 433 星辰花种子,贴图列+_seed
starlight_fungus.png,150059 星光菌,贴图列精确
starlight_fungus_emi.png,150059 星光菌,贴图列+_emi
starlightbed.png,201742 星辉床,贴图列精确
starlightbed_mix.png,201742 星辉床,贴图列+_mix
starlightbookshelf.png,201744 星辉书柜,贴图列精确
starlightbookshelf_mix.png,201744 星辉书柜,贴图列+_mix
starlightbread.png,200260 星光面包,贴图列精确
starlightbread_mix.png,200260 星光面包,贴图列+_mix
starlightcarpet.png,201745 星辉地毯,贴图列精确
starlightcarpet_mix.png,201745 星辉地毯,贴图列+_mix
starlightchair.png,201739 星辉椅,贴图列精确
starlightchair_mix.png,201739 星辉椅,贴图列+_mix
starlightclover.png,201914 星辉三叶草,英文名
starlightclover_emi.png,,
starlightcrib.png,201771 星辉小榻,贴图列精确
starlightcrib_mix.png,201771 星辉小榻,贴图列+_mix
starlightcurtain.png,201735 星辉窗帘,贴图列精确
starlightcurtain_mix.png,201735 星辉窗帘,贴图列+_mix
starlightcurtain_normal.png,201735 星辉窗帘,贴图列+_normal
starlightfclover.png,201915 星辉四叶草,贴图列精确
starlightfclover_emi.png,201915 星辉四叶草,贴图列+_emi
starlightfirelamp.png,201743 星辉火盆灯,贴图列精确
starlightfirelamp_emi.png,201743 星辉火盆灯,贴图列+_emi
starlightfirelamp_mix.png,201743 星辉火盆灯,贴图列+_mix
starlightflower.png,201911 星辉花作物; 201912 星辉花,贴图列精确
starlightflower_emi.png,201911 星辉花作物; 201912 星辉花,贴图列+_emi
starlightflower_middle.png,201911 星辉花作物; 201912 星辉花,贴图列+_middle
starlightflower_seed.png,201911 星辉花作物; 201912 星辉花,贴图列+_seed
starlightflower_seed_emi.png,201911 星辉花作物; 201912 星辉花,贴图列+_seed
starlightflowerpie.png,200261 星辉花饼,贴图列精确
starlightflowerpie_mix.png,200261 星辉花饼,贴图列+_mix
starlightfruit.png,200264 星辉古树果实,贴图列精确
starlightfruit_emi.png,200264 星辉古树果实,贴图列+_emi
starlightfruit_mix.png,200264 星辉古树果实,贴图列+_mix
starlightroundtable.png,201738 星辉圆桌,贴图列精确
starlightroundtable_mix.png,201738 星辉圆桌,贴图列+_mix
starlighttclover.png,201914 星辉三叶草; 201915 星辉四叶草,贴图列精确
starlighttclover_emi.png,201914 星辉三叶草; 201915 星辉四叶草,贴图列+_emi
starlightwheat.png,201917 星芒麦(野外),英文名
starlightwheat_emi.png,,
starlightwheatt.png,201917 星芒麦(野外),贴图列精确
starlightwheatt_emi.png,201917 星芒麦(野外),贴图列+_emi
starlotus.png,201923 星辉莲花,贴图列精确
starlotus_emi.png,201923 星辉莲花,贴图列+_emi
starmashroom.png,270 白色星光孢子块; 271 橙色星光孢子块; 272 紫红星光孢子块; 273 淡蓝星光孢子块; 274 黄色星光孢子块; 275 淡绿星光孢子块; 276 粉色星光孢子块; 277 绿色星光孢子块; 278 红色星光孢子块; 279 青色星光孢子块; 280 紫色星光孢子块; 281 蓝色星光孢子块; 282 褐色星光孢子块; 283 灰色星光孢子块; 284 淡灰星光孢子块; 285 黑色星光孢子块,贴图列精确
starmashroom_emi.png,270 白色星光孢子块; 271 橙色星光孢子块; 272 紫红星光孢子块; 273 淡蓝星光孢子块; 274 黄色星光孢子块; 275 淡绿星光孢子块; 276 粉色星光孢子块; 277 绿色星光孢子块; 278 红色星光孢子块; 279 青色星光孢子块; 280 紫色星光孢子块; 281 蓝色星光孢子块; 282 褐色星光孢子块; 283 灰色星光孢子块; 284 淡灰星光孢子块; 285 黑色星光孢子块,贴图列+_emi
starmashroom_seed.png,263 星光孢子种子,贴图列精确
starmashroom_trunk.png,261 星光孢子杆,贴图列精确
starmashroom_trunk_m.png,261 星光孢子杆,贴图列+_m
starmashroom_trunk_m_mix.png,261 星光孢子杆,贴图列+_m
starmashroom_trunk_mix.png,261 星光孢子杆,贴图列+_mix
starmashroom_trunk_top.png,261 星光孢子杆,贴图列+_top
starmashroom_trunk_top_mix.png,261 星光孢子杆,贴图列+_top
starrygrass.png,388 星点草,贴图列精确
starrygrass_emi.png,388 星点草,贴图列+_emi
starshadetree_fallen_leaves.png,151030 星影落叶堆,贴图列精确
starspottedboarmeat.png,,
starspottedboarmeat_mix.png,,
starspottedboarsteak.png,200263 星斑炸猪排,贴图列精确
starspottedboarsteak_mix.png,200263 星斑炸猪排,贴图列+_mix
starstation_cabin_1.png,595 一级传送舱; 150901 传送舱,贴图列精确
starstation_cabin_1_emi.png,595 一级传送舱; 150901 传送舱,贴图列+_emi
starstation_cabin_1_matcap.png,595 一级传送舱; 150901 传送舱,贴图列+_matcap
starstation_cabin_1_mix.png,595 一级传送舱; 150901 传送舱,贴图列+_mix
starstation_cabin_2.png,597 二级传送舱; 150902 星站,贴图列精确
starstation_cabin_2_emi.png,597 二级传送舱; 150902 星站,贴图列+_emi
starstation_cabin_2_mix.png,597 二级传送舱; 150902 星站,贴图列+_mix
starstation_cabin_window.png,595 一级传送舱; 597 二级传送舱; 150901 传送舱; 150902 星站,贴图列+_window
starstation_cabin_window_emi.png,595 一级传送舱; 597 二级传送舱; 150901 传送舱; 150902 星站,贴图列+_window
starstation_console.png,594 星站控制台,贴图列精确
starstation_console_emi.png,594 星站控制台,贴图列+_emi
startree_fallen_leaves.png,151029 星辉落叶堆,贴图列精确
starwater_flow.png,42 动态星辉水,贴图列精确
starwater_star.png,,
starwater_still.png,41 静态星辉水,贴图列精确
starwaterweed.png,201922 星水草,贴图列精确
starwaterweed_emi.png,201922 星水草,贴图列+_emi
statue.png,578 雨林神像,贴图列精确
statue_mix.png,578 雨林神像,贴图列+_mix
statuebase.png,583 神像基座,贴图列精确
statuebase_mix.png,583 神像基座,贴图列+_mix
steeltruss.png,181 钢桁架,贴图列精确
steeltruss_mix.png,181 钢桁架,贴图列+_mix
steeringsuspension.png,150921 转向悬架,贴图列精确
steeringwheel.png,1083 转向车轮; 1087 动力车轮; 150924 大型车轮,贴图列精确
steeringwheel_mix.png,1083 转向车轮; 1087 动力车轮; 150924 大型车轮,贴图列+_mix
stemmedtray.png,,
stemmedtray_mix.png,,
sti_hammer.png,784 钛金创造锤方块,贴图列精确
stone.png,104 岩石; 150715 自动合成台,贴图列精确
stone_core.png,1059 巨人核心,贴图列精确
stone_core_emi.png,1059 巨人核心,贴图列+_emi
stone_core_mix.png,1059 巨人核心,贴图列+_mix
stone_core_on.png,1059 巨人核心,贴图列精确
stone_core_on_emi.png,1059 巨人核心,贴图列+_emi
stone_core_on_mix.png,1059 巨人核心,贴图列+_mix
stone_hammer.png,781 石制创造锤方块,贴图列精确
stone_mix.png,104 岩石; 150715 自动合成台,贴图列+_mix
stone_monument.png,1058 巨人雕像,贴图列精确
stone_monument_mix.png,1058 巨人雕像,贴图列+_mix
stone_slab_side.png,506 青石薄板,贴图列+_side
stone_slab_side_mix.png,506 青石薄板,贴图列+_side
stone_slab_side_snow_side.png,506 青石薄板,贴图列+_side
stone_slab_top.png,506 青石薄板,贴图列+_top
stone_slab_top_mix.png,506 青石薄板,贴图列+_top
stonebrick.png,158 精制石竖薄板; 501 精制石砖; 511 精制石薄板; 531 精制石楼梯; 1250 精制石斜板; 1279 精制石薄斜板; 1280 精制石大薄斜板; 1323 精制石竖薄斜板; 1324 精制石竖大薄斜板; 1361 精制石竖板; 170007 精制石三棱柱; 171007 精制石弧板; 172007 精制石薄弧板; 173007 精制石大薄弧板; 174007 精制石竖薄弧板; 175007 精制石大竖薄弧板; 176007 精制石棱锥,贴图列精确
stonebrick_carved.png,504 花纹岩石砖,贴图列精确
stonebrick_carved_mix.png,504 花纹岩石砖,贴图列+_mix
stonebrick_cracked.png,502 裂纹石砖,贴图列精确
stonebrick_cracked_mix.png,502 裂纹石砖,贴图列+_mix
stonebrick_mix.png,158 精制石竖薄板; 501 精制石砖; 511 精制石薄板; 531 精制石楼梯; 1250 精制石斜板; 1279 精制石薄斜板; 1280 精制石大薄斜板; 1323 精制石竖薄斜板; 1324 精制石竖大薄斜板; 1361 精制石竖板; 170007 精制石三棱柱; 171007 精制石弧板; 172007 精制石薄弧板; 173007 精制石大薄弧板; 174007 精制石竖薄弧板; 175007 精制石大竖薄弧板; 176007 精制石棱锥,贴图列+_mix
stonebrick_mossy.png,503 青石砖,贴图列精确
stonebrick_mossy_mix.png,503 青石砖,贴图列+_mix
stonebrick_snow_down_more.png,158 精制石竖薄板; 501 精制石砖; 511 精制石薄板; 531 精制石楼梯; 1250 精制石斜板; 1279 精制石薄斜板; 1280 精制石大薄斜板; 1323 精制石竖薄斜板; 1324 精制石竖大薄斜板; 1361 精制石竖板; 170007 精制石三棱柱; 171007 精制石弧板; 172007 精制石薄弧板; 173007 精制石大薄弧板; 174007 精制石竖薄弧板; 175007 精制石大竖薄弧板; 176007 精制石棱锥,贴图列+_snow
stonebrick_snow_horizontal_halftriangle.png,158 精制石竖薄板; 501 精制石砖; 511 精制石薄板; 531 精制石楼梯; 1250 精制石斜板; 1279 精制石薄斜板; 1280 精制石大薄斜板; 1323 精制石竖薄斜板; 1324 精制石竖大薄斜板; 1361 精制石竖板; 170007 精制石三棱柱; 171007 精制石弧板; 172007 精制石薄弧板; 173007 精制石大薄弧板; 174007 精制石竖薄弧板; 175007 精制石大竖薄弧板; 176007 精制石棱锥,贴图列+_snow
stonebrick_snow_side.png,158 精制石竖薄板; 501 精制石砖; 511 精制石薄板; 531 精制石楼梯; 1250 精制石斜板; 1279 精制石薄斜板; 1280 精制石大薄斜板; 1323 精制石竖薄斜板; 1324 精制石竖大薄斜板; 1361 精制石竖板; 170007 精制石三棱柱; 171007 精制石弧板; 172007 精制石薄弧板; 173007 精制石大薄弧板; 174007 精制石竖薄弧板; 175007 精制石大竖薄弧板; 176007 精制石棱锥,贴图列+_snow
stonebrick_snow_trapezoid_down.png,158 精制石竖薄板; 501 精制石砖; 511 精制石薄板; 531 精制石楼梯; 1250 精制石斜板; 1279 精制石薄斜板; 1280 精制石大薄斜板; 1323 精制石竖薄斜板; 1324 精制石竖大薄斜板; 1361 精制石竖板; 170007 精制石三棱柱; 171007 精制石弧板; 172007 精制石薄弧板; 173007 精制石大薄弧板; 174007 精制石竖薄弧板; 175007 精制石大竖薄弧板; 176007 精制石棱锥,贴图列+_snow
stonebrick_snow_trapezoid_up.png,158 精制石竖薄板; 501 精制石砖; 511 精制石薄板; 531 精制石楼梯; 1250 精制石斜板; 1279 精制石薄斜板; 1280 精制石大薄斜板; 1323 精制石竖薄斜板; 1324 精制石竖大薄斜板; 1361 精制石竖板; 170007 精制石三棱柱; 171007 精制石弧板; 172007 精制石薄弧板; 173007 精制石大薄弧板; 174007 精制石竖薄弧板; 175007 精制石大竖薄弧板; 176007 精制石棱锥,贴图列+_snow
stonebrick_snow_trapezoid_up_second.png,158 精制石竖薄板; 501 精制石砖; 511 精制石薄板; 531 精制石楼梯; 1250 精制石斜板; 1279 精制石薄斜板; 1280 精制石大薄斜板; 1323 精制石竖薄斜板; 1324 精制石竖大薄斜板; 1361 精制石竖板; 170007 精制石三棱柱; 171007 精制石弧板; 172007 精制石薄弧板; 173007 精制石大薄弧板; 174007 精制石竖薄弧板; 175007 精制石大竖薄弧板; 176007 精制石棱锥,贴图列+_snow
stonebrick_snow_triangle.png,158 精制石竖薄板; 501 精制石砖; 511 精制石薄板; 531 精制石楼梯; 1250 精制石斜板; 1279 精制石薄斜板; 1280 精制石大薄斜板; 1323 精制石竖薄斜板; 1324 精制石竖大薄斜板; 1361 精制石竖板; 170007 精制石三棱柱; 171007 精制石弧板; 172007 精制石薄弧板; 173007 精制石大薄弧板; 174007 精制石竖薄弧板; 175007 精制石大竖薄弧板; 176007 精制石棱锥,贴图列+_snow
stonebrick_snow_vertical_halftriangle.png,158 精制石竖薄板; 501 精制石砖; 511 精制石薄板; 531 精制石楼梯; 1250 精制石斜板; 1279 精制石薄斜板; 1280 精制石大薄斜板; 1323 精制石竖薄斜板; 1324 精制石竖大薄斜板; 1361 精制石竖板; 170007 精制石三棱柱; 171007 精制石弧板; 172007 精制石薄弧板; 173007 精制石大薄弧板; 174007 精制石竖薄弧板; 175007 精制石大竖薄弧板; 176007 精制石棱锥,贴图列+_snow
stonecrafttable.png,,
stonepot.png,794 石锅,贴图列精确
stop_air.png,,
stoppoint.png,1012 停止路径牌,贴图列精确
stoppoint_mix.png,1012 停止路径牌,贴图列+_mix
storage_bin.png,,
storage_bin_mix.png,,
storage_bucket.png,,
storage_bucket_mix.png,,
storagebox.png,201643 储物格,贴图列精确
storagebox_mix.png,201643 储物格,贴图列+_mix
strawberry.png,1535 草莓,贴图列精确
sugar1_side.png,685 竖纹糖块,贴图列+_side
sugar1_side_mix.png,685 竖纹糖块,贴图列+_side
sugar1_top.png,685 竖纹糖块,贴图列+_top
sugar1_top_mix.png,685 竖纹糖块,贴图列+_top
sugar2_side.png,686 巧克力砖,贴图列精确
sugar2_side_mix.png,686 巧克力砖,贴图列+_mix
sulfur_brick.png,156 硫黄砖竖薄板; 512 硫黄砖薄板; 532 硫黄砖楼梯; 537 硫黄砖块; 1248 硫黄砖斜板; 1275 硫黄砖薄斜板; 1276 硫黄砖大薄斜板; 1319 硫黄砖竖薄斜板; 1320 硫黄砖竖大薄斜板; 1359 硫黄砖竖板; 170005 硫黄砖三棱柱; 171005 硫黄砖弧板; 172005 硫黄砖薄弧板; 173005 硫黄砖大薄弧板; 174005 硫黄砖竖薄弧板; 175005 硫黄砖大竖薄弧板; 176005 硫黄砖棱锥,贴图列精确
sulfur_brick_mix.png,156 硫黄砖竖薄板; 512 硫黄砖薄板; 532 硫黄砖楼梯; 537 硫黄砖块; 1248 硫黄砖斜板; 1275 硫黄砖薄斜板; 1276 硫黄砖大薄斜板; 1319 硫黄砖竖薄斜板; 1320 硫黄砖竖大薄斜板; 1359 硫黄砖竖板; 170005 硫黄砖三棱柱; 171005 硫黄砖弧板; 172005 硫黄砖薄弧板; 173005 硫黄砖大薄弧板; 174005 硫黄砖竖薄弧板; 175005 硫黄砖大竖薄弧板; 176005 硫黄砖棱锥,贴图列+_mix
sulfur_brick_snow_down_more.png,156 硫黄砖竖薄板; 512 硫黄砖薄板; 532 硫黄砖楼梯; 537 硫黄砖块; 1248 硫黄砖斜板; 1275 硫黄砖薄斜板; 1276 硫黄砖大薄斜板; 1319 硫黄砖竖薄斜板; 1320 硫黄砖竖大薄斜板; 1359 硫黄砖竖板; 170005 硫黄砖三棱柱; 171005 硫黄砖弧板; 172005 硫黄砖薄弧板; 173005 硫黄砖大薄弧板; 174005 硫黄砖竖薄弧板; 175005 硫黄砖大竖薄弧板; 176005 硫黄砖棱锥,贴图列+_snow
sulfur_brick_snow_horizontal_halftriangle.png,156 硫黄砖竖薄板; 512 硫黄砖薄板; 532 硫黄砖楼梯; 537 硫黄砖块; 1248 硫黄砖斜板; 1275 硫黄砖薄斜板; 1276 硫黄砖大薄斜板; 1319 硫黄砖竖薄斜板; 1320 硫黄砖竖大薄斜板; 1359 硫黄砖竖板; 170005 硫黄砖三棱柱; 171005 硫黄砖弧板; 172005 硫黄砖薄弧板; 173005 硫黄砖大薄弧板; 174005 硫黄砖竖薄弧板; 175005 硫黄砖大竖薄弧板; 176005 硫黄砖棱锥,贴图列+_snow
sulfur_brick_snow_side.png,156 硫黄砖竖薄板; 512 硫黄砖薄板; 532 硫黄砖楼梯; 537 硫黄砖块; 1248 硫黄砖斜板; 1275 硫黄砖薄斜板; 1276 硫黄砖大薄斜板; 1319 硫黄砖竖薄斜板; 1320 硫黄砖竖大薄斜板; 1359 硫黄砖竖板; 170005 硫黄砖三棱柱; 171005 硫黄砖弧板; 172005 硫黄砖薄弧板; 173005 硫黄砖大薄弧板; 174005 硫黄砖竖薄弧板; 175005 硫黄砖大竖薄弧板; 176005 硫黄砖棱锥,贴图列+_snow
sulfur_brick_snow_trapezoid_down.png,156 硫黄砖竖薄板; 512 硫黄砖薄板; 532 硫黄砖楼梯; 537 硫黄砖块; 1248 硫黄砖斜板; 1275 硫黄砖薄斜板; 1276 硫黄砖大薄斜板; 1319 硫黄砖竖薄斜板; 1320 硫黄砖竖大薄斜板; 1359 硫黄砖竖板; 170005 硫黄砖三棱柱; 171005 硫黄砖弧板; 172005 硫黄砖薄弧板; 173005 硫黄砖大薄弧板; 174005 硫黄砖竖薄弧板; 175005 硫黄砖大竖薄弧板; 176005 硫黄砖棱锥,贴图列+_snow
sulfur_brick_snow_trapezoid_up.png,156 硫黄砖竖薄板; 512 硫黄砖薄板; 532 硫黄砖楼梯; 537 硫黄砖块; 1248 硫黄砖斜板; 1275 硫黄砖薄斜板; 1276 硫黄砖大薄斜板; 1319 硫黄砖竖薄斜板; 1320 硫黄砖竖大薄斜板; 1359 硫黄砖竖板; 170005 硫黄砖三棱柱; 171005 硫黄砖弧板; 172005 硫黄砖薄弧板; 173005 硫黄砖大薄弧板; 174005 硫黄砖竖薄弧板; 175005 硫黄砖大竖薄弧板; 176005 硫黄砖棱锥,贴图列+_snow
sulfur_brick_snow_trapezoid_up_second.png,156 硫黄砖竖薄板; 512 硫黄砖薄板; 532 硫黄砖楼梯; 537 硫黄砖块; 1248 硫黄砖斜板; 1275 硫黄砖薄斜板; 1276 硫黄砖大薄斜板; 1319 硫黄砖竖薄斜板; 1320 硫黄砖竖大薄斜板; 1359 硫黄砖竖板; 170005 硫黄砖三棱柱; 171005 硫黄砖弧板; 172005 硫黄砖薄弧板; 173005 硫黄砖大薄弧板; 174005 硫黄砖竖薄弧板; 175005 硫黄砖大竖薄弧板; 176005 硫黄砖棱锥,贴图列+_snow
sulfur_brick_snow_triangle.png,156 硫黄砖竖薄板; 512 硫黄砖薄板; 532 硫黄砖楼梯; 537 硫黄砖块; 1248 硫黄砖斜板; 1275 硫黄砖薄斜板; 1276 硫黄砖大薄斜板; 1319 硫黄砖竖薄斜板; 1320 硫黄砖竖大薄斜板; 1359 硫黄砖竖板; 170005 硫黄砖三棱柱; 171005 硫黄砖弧板; 172005 硫黄砖薄弧板; 173005 硫黄砖大薄弧板; 174005 硫黄砖竖薄弧板; 175005 硫黄砖大竖薄弧板; 176005 硫黄砖棱锥,贴图列+_snow
sulfur_brick_snow_vertical_halftriangle.png,156 硫黄砖竖薄板; 512 硫黄砖薄板; 532 硫黄砖楼梯; 537 硫黄砖块; 1248 硫黄砖斜板; 1275 硫黄砖薄斜板; 1276 硫黄砖大薄斜板; 1319 硫黄砖竖薄斜板; 1320 硫黄砖竖大薄斜板; 1359 硫黄砖竖板; 170005 硫黄砖三棱柱; 171005 硫黄砖弧板; 172005 硫黄砖薄弧板; 173005 硫黄砖大薄弧板; 174005 硫黄砖竖薄弧板; 175005 硫黄砖大竖薄弧板; 176005 硫黄砖棱锥,贴图列+_snow
sulfur_stone.png,124 硫黄岩,贴图列精确
sulfur_stone_emi.png,124 硫黄岩,贴图列+_emi
sulfur_stone_mix.png,124 硫黄岩,贴图列+_mix
sunflower.png,1452 向阳花; 1493 向阳花（苗）,贴图列精确
sunflower_middle.png,1452 向阳花; 1493 向阳花（苗）,贴图列+_middle
suspension.png,1164 避震器,贴图列精确
suspension_emi.png,1164 避震器,贴图列+_emi
suspension_mix.png,1164 避震器,贴图列+_mix
switch.png,724 开关; 1157 测试：开关,贴图列精确
switch_on.png,724 开关; 1157 测试：开关,贴图列+_on
switch_on_emi.png,724 开关; 1157 测试：开关,贴图列+_on
syringa_bottom.png,,
syringa_middle.png,,
syringa_top.png,,
t_hinge_editor_off.png,1159 铰链方块,贴图列+_editor
t_hinge_editor_on.png,1159 铰链方块,贴图列+_editor
t_hinge_editor_on_emi.png,1159 铰链方块,贴图列+_editor
t_hinge_on_0.png,1159 铰链方块,贴图列精确
t_hinge_on_0_emi.png,1159 铰链方块,贴图列+_emi
t_hinge_on_0_mix.png,1159 铰链方块,贴图列+_mix
t_hinge_on_1.png,1159 铰链方块,贴图列+_on
t_hinge_on_1_emi.png,1159 铰链方块,贴图列+_on
t_hinge_on_2.png,1159 铰链方块,贴图列+_on
t_hinge_on_2_emi.png,1159 铰链方块,贴图列+_on
t_hinge_on_3.png,1159 铰链方块,贴图列+_on
t_hinge_on_3_emi.png,1159 铰链方块,贴图列+_on
table_lamp_on.png,936 台灯,贴图列精确
table_lamp_on_emi.png,936 台灯,贴图列+_emi
table_wood.png,966 桌子; 971 象牙白桌子; 976 松木桌子,贴图列精确
table_wood2.png,971 象牙白桌子,贴图列精确
table_wood2_mix.png,971 象牙白桌子,贴图列+_mix
table_wood3.png,976 松木桌子,贴图列精确
table_wood3_mix.png,976 松木桌子,贴图列+_mix
table_wood_mix.png,966 桌子; 971 象牙白桌子; 976 松木桌子,贴图列+_mix
tai1.png,452 钛矿,贴图列+1
tai1_emi.png,452 钛矿,贴图列+数字_emi
tai1_proto.png,452 钛矿,贴图列+数字_proto
tai1_proto_emi.png,,
tai1_x.png,452 钛矿,贴图列+数字_x
tai1_x_emi.png,,
tai1_y.png,452 钛矿,贴图列+数字_y
tai1_y_emi.png,,
tai1_z.png,452 钛矿,贴图列+数字_z
tai1_z_emi.png,,
tai2.png,452 钛矿,贴图列+2
tai2_emi.png,452 钛矿,贴图列+数字_emi
tai2_x.png,452 钛矿,贴图列+数字_x
tai2_x_emi.png,,
tai2_y.png,452 钛矿,贴图列+数字_y
tai2_y_emi.png,,
tai2_z.png,452 钛矿,贴图列+数字_z
tai2_z_emi.png,,
tai3.png,452 钛矿,贴图列+3
tai3_emi.png,452 钛矿,贴图列+数字_emi
tai3_x.png,452 钛矿,贴图列+数字_x
tai3_y.png,452 钛矿,贴图列+数字_y
tai3_z.png,452 钛矿,贴图列+数字_z
tai_proto.png,452 钛矿,贴图列+_proto
tai_proto_emi.png,452 钛矿,贴图列+_proto
tale_bathtub.png,1630 童话浴缸,贴图列精确
tale_bathtub_rgb.png,1630 童话浴缸,贴图列+_rgb
tale_bed.png,1622 童话床,贴图列精确
tale_bed_rgb.png,1622 童话床,贴图列+_rgb
tale_brick_side.png,1643 童话砖,贴图列+_side
tale_brick_top.png,1643 童话砖,贴图列+_top
tale_cabinet.png,1632 童话橱柜,贴图列精确
tale_cabinet_rgb.png,1632 童话橱柜,贴图列+_rgb
tale_ceiling_light.png,1637 童话吊灯,贴图列精确
tale_ceiling_light_emi.png,1637 童话吊灯,贴图列+_emi
tale_ceiling_light_rgb.png,1637 童话吊灯,贴图列+_rgb
tale_chair.png,1628 童话椅子,贴图列精确
tale_chair_rgb.png,1628 童话椅子,贴图列+_rgb
tale_closet.png,1631 童话衣柜,贴图列精确
tale_closet_rgb.png,1631 童话衣柜,贴图列+_rgb
tale_desk.png,1624 童话书桌,贴图列精确
tale_desk_rgb.png,1624 童话书桌,贴图列+_rgb
tale_door.png,1639 童话门,贴图列精确
tale_door_rgb.png,1639 童话门,贴图列+_rgb
tale_erect_light.png,1636 童话立体灯,贴图列精确
tale_erect_light_emi.png,1636 童话立体灯,贴图列+_emi
tale_erect_light_rgb.png,1636 童话立体灯,贴图列+_rgb
tale_group_cabinet.png,1634 童话组合柜,贴图列精确
tale_group_cabinet_rgb.png,1634 童话组合柜,贴图列+_rgb
tale_half_brick_side.png,1644 童话半砖,贴图列+_side
tale_half_brick_top.png,1644 童话半砖,贴图列+_top
tale_half_cabinet.png,1633 童话半格橱柜,贴图列精确
tale_half_cabinet_rgb.png,1633 童话半格橱柜,贴图列+_rgb
tale_rail.png,1645 童话围栏,贴图列精确
tale_rail_rgb.png,1645 童话围栏,贴图列+_rgb
tale_screen.png,1635 童话屏风,贴图列精确
tale_screen_rgb.png,1635 童话屏风,贴图列+_rgb
tale_screen_screengrass.png,1635 童话屏风,贴图列+_screengrass
tale_sofa.png,1623 童话沙发,贴图列精确
tale_sofa_rgb.png,1623 童话沙发,贴图列+_rgb
tale_stairs.png,1641 童话楼梯,贴图列精确
tale_stairs_mix.png,1641 童话楼梯,贴图列+_mix
tale_stairs_rgb.png,1641 童话楼梯,贴图列+_rgb
tale_table.png,1625 童话餐桌,贴图列精确
tale_table_rgb.png,1625 童话餐桌,贴图列+_rgb
tale_tea_table.png,1626 童话茶几,贴图列精确
tale_tea_table_rgb.png,1626 童话茶几,贴图列+_rgb
tale_toilet.png,1629 童话马桶,贴图列精确
tale_toilet_rgb.png,1629 童话马桶,贴图列+_rgb
tale_wall1_side.png,1642 童话墙砖,贴图列+数字_side
tale_wall_light.png,1638 童话壁灯,贴图列精确
tale_wall_light_emi.png,1638 童话壁灯,贴图列+_emi
tale_wall_light_rgb.png,1638 童话壁灯,贴图列+_rgb
tale_wall_side.png,1642 童话墙砖,贴图列+_side
tale_wall_top.png,1642 童话墙砖,贴图列+_top
tale_wash_table.png,1627 童话洗手台,贴图列精确
tale_wash_table_rgb.png,1627 童话洗手台,贴图列+_rgb
tale_window.png,1640 童话窗,贴图列精确
tale_window_rgb.png,1640 童话窗,贴图列+_rgb
tale_window_screengrass.png,1640 童话窗,贴图列+_screengrass
tallgrass.png,224 小草,贴图列精确
tallgrass_white.png,224 小草,贴图列+_white
taoshu.png,390068 [水墨]桃树,贴图列精确
taoshugs.png,330 桃花木果实,贴图列精确
tea.png,,
teamspawn0.png,990 公共集合点,贴图列精确
teamspawn0_mix.png,990 公共集合点,贴图列+_mix
teamspawn1.png,991 1队:红队集合点; 1073 1队:红队初始集合点,贴图列精确
teamspawn2.png,992 2队:蓝队集合点; 1074 2队:蓝队初始集合点,贴图列精确
teamspawn3.png,993 3队:绿队集合点; 1075 3队:绿队初始集合点,贴图列精确
teamspawn4.png,994 4队:黄队集合点; 1076 4队:黄队初始集合点,贴图列精确
teamspawn5.png,995 5队:橙队集合点; 1077 5队:橙队初始集合点,贴图列精确
teamspawn6.png,996 6队:紫队集合点; 1078 6队:紫队初始集合点,贴图列精确
teleport.png,,
terrazzo_pale.png,160032 浅色水蘑石块; 161019 浅色水蘑石薄板; 162020 浅色水蘑石竖薄板; 163021 浅色水蘑石斜板; 164020 浅色水蘑石竖板; 165020 浅色水蘑石薄斜板; 166020 浅色水蘑石大薄斜板; 167020 浅色水蘑石竖薄斜板; 168020 浅色水蘑石竖大薄斜板; 169019 浅色水蘑石楼梯; 170043 浅色水蘑石三棱柱; 171043 浅色水蘑石弧板; 172043 浅色水蘑石薄弧板; 173043 浅色水蘑石大薄弧板; 174043 浅色水蘑石竖薄弧板; 175043 浅色水蘑石大竖薄弧板; 176043 浅色水蘑石棱锥,贴图列精确
terrazzo_pale_mix.png,160032 浅色水蘑石块; 161019 浅色水蘑石薄板; 162020 浅色水蘑石竖薄板; 163021 浅色水蘑石斜板; 164020 浅色水蘑石竖板; 165020 浅色水蘑石薄斜板; 166020 浅色水蘑石大薄斜板; 167020 浅色水蘑石竖薄斜板; 168020 浅色水蘑石竖大薄斜板; 169019 浅色水蘑石楼梯; 170043 浅色水蘑石三棱柱; 171043 浅色水蘑石弧板; 172043 浅色水蘑石薄弧板; 173043 浅色水蘑石大薄弧板; 174043 浅色水蘑石竖薄弧板; 175043 浅色水蘑石大竖薄弧板; 176043 浅色水蘑石棱锥,贴图列+_mix
terrazzo_skyblue.png,160033 天青蓝水蘑石块; 161020 天青蓝水蘑石薄板; 162021 天青蓝水蘑石竖薄板; 163022 天青蓝水蘑石斜板; 164021 天青蓝水蘑石竖板; 165021 天青蓝水蘑石薄斜板; 166021 天青蓝水蘑石大薄斜板; 167021 天青蓝水蘑石竖薄斜板; 168021 天青蓝水蘑石竖大薄斜板; 169020 天青蓝水蘑石楼梯; 170044 天青蓝水蘑石三棱柱; 171044 天青蓝水蘑石弧板; 172044 天青蓝水蘑石薄弧板; 173044 天青蓝水蘑石大薄弧板; 174044 天青蓝水蘑石竖薄弧板; 175044 天青蓝水蘑石大竖薄弧板; 176044 天青蓝水蘑石棱锥,贴图列精确
terrazzo_skyblue_mix.png,160033 天青蓝水蘑石块; 161020 天青蓝水蘑石薄板; 162021 天青蓝水蘑石竖薄板; 163022 天青蓝水蘑石斜板; 164021 天青蓝水蘑石竖板; 165021 天青蓝水蘑石薄斜板; 166021 天青蓝水蘑石大薄斜板; 167021 天青蓝水蘑石竖薄斜板; 168021 天青蓝水蘑石竖大薄斜板; 169020 天青蓝水蘑石楼梯; 170044 天青蓝水蘑石三棱柱; 171044 天青蓝水蘑石弧板; 172044 天青蓝水蘑石薄弧板; 173044 天青蓝水蘑石大薄弧板; 174044 天青蓝水蘑石竖薄弧板; 175044 天青蓝水蘑石大竖薄弧板; 176044 天青蓝水蘑石棱锥,贴图列+_mix
test.png,,
thicket1.png,392 灌木丛,贴图列+1
thicket2.png,392 灌木丛,贴图列+2
thicket3.png,392 灌木丛,贴图列+3
thorns.png,,
thrower.png,722 投掷装置,贴图列精确
thrower_mix.png,722 投掷装置,贴图列+_mix
ticrafttable.png,,
ticrafttable_emi.png,,
titanium_block.png,159 钛合金竖薄板; 457 钛合金块; 752 钛合金薄板; 756 钛合金楼梯; 1251 钛合金斜板; 1281 钛合金薄斜板; 1282 钛合金大薄斜板; 1325 钛合金竖薄斜板; 1326 钛合金竖大薄斜板; 1362 钛合金竖板; 170008 钛合金三棱柱; 171008 钛合金弧板; 172008 钛合金薄弧板; 173008 钛合金大薄弧板; 174008 钛合金竖薄弧板; 175008 钛合金大竖薄弧板; 176008 钛合金棱锥,贴图列精确
titanium_block_matcap.png,159 钛合金竖薄板; 457 钛合金块; 752 钛合金薄板; 756 钛合金楼梯; 1251 钛合金斜板; 1281 钛合金薄斜板; 1282 钛合金大薄斜板; 1325 钛合金竖薄斜板; 1326 钛合金竖大薄斜板; 1362 钛合金竖板; 170008 钛合金三棱柱; 171008 钛合金弧板; 172008 钛合金薄弧板; 173008 钛合金大薄弧板; 174008 钛合金竖薄弧板; 175008 钛合金大竖薄弧板; 176008 钛合金棱锥,贴图列+_matcap
titanium_block_mix.png,159 钛合金竖薄板; 457 钛合金块; 752 钛合金薄板; 756 钛合金楼梯; 1251 钛合金斜板; 1281 钛合金薄斜板; 1282 钛合金大薄斜板; 1325 钛合金竖薄斜板; 1326 钛合金竖大薄斜板; 1362 钛合金竖板; 170008 钛合金三棱柱; 171008 钛合金弧板; 172008 钛合金薄弧板; 173008 钛合金大薄弧板; 174008 钛合金竖薄弧板; 175008 钛合金大竖薄弧板; 176008 钛合金棱锥,贴图列+_mix
titanium_block_snow_down_more.png,159 钛合金竖薄板; 457 钛合金块; 752 钛合金薄板; 756 钛合金楼梯; 1251 钛合金斜板; 1281 钛合金薄斜板; 1282 钛合金大薄斜板; 1325 钛合金竖薄斜板; 1326 钛合金竖大薄斜板; 1362 钛合金竖板; 170008 钛合金三棱柱; 171008 钛合金弧板; 172008 钛合金薄弧板; 173008 钛合金大薄弧板; 174008 钛合金竖薄弧板; 175008 钛合金大竖薄弧板; 176008 钛合金棱锥,贴图列+_snow
titanium_block_snow_horizontal_halftriangle.png,159 钛合金竖薄板; 457 钛合金块; 752 钛合金薄板; 756 钛合金楼梯; 1251 钛合金斜板; 1281 钛合金薄斜板; 1282 钛合金大薄斜板; 1325 钛合金竖薄斜板; 1326 钛合金竖大薄斜板; 1362 钛合金竖板; 170008 钛合金三棱柱; 171008 钛合金弧板; 172008 钛合金薄弧板; 173008 钛合金大薄弧板; 174008 钛合金竖薄弧板; 175008 钛合金大竖薄弧板; 176008 钛合金棱锥,贴图列+_snow
titanium_block_snow_side.png,159 钛合金竖薄板; 457 钛合金块; 752 钛合金薄板; 756 钛合金楼梯; 1251 钛合金斜板; 1281 钛合金薄斜板; 1282 钛合金大薄斜板; 1325 钛合金竖薄斜板; 1326 钛合金竖大薄斜板; 1362 钛合金竖板; 170008 钛合金三棱柱; 171008 钛合金弧板; 172008 钛合金薄弧板; 173008 钛合金大薄弧板; 174008 钛合金竖薄弧板; 175008 钛合金大竖薄弧板; 176008 钛合金棱锥,贴图列+_snow
titanium_block_snow_trapezoid_down.png,159 钛合金竖薄板; 457 钛合金块; 752 钛合金薄板; 756 钛合金楼梯; 1251 钛合金斜板; 1281 钛合金薄斜板; 1282 钛合金大薄斜板; 1325 钛合金竖薄斜板; 1326 钛合金竖大薄斜板; 1362 钛合金竖板; 170008 钛合金三棱柱; 171008 钛合金弧板; 172008 钛合金薄弧板; 173008 钛合金大薄弧板; 174008 钛合金竖薄弧板; 175008 钛合金大竖薄弧板; 176008 钛合金棱锥,贴图列+_snow
titanium_block_snow_trapezoid_up.png,159 钛合金竖薄板; 457 钛合金块; 752 钛合金薄板; 756 钛合金楼梯; 1251 钛合金斜板; 1281 钛合金薄斜板; 1282 钛合金大薄斜板; 1325 钛合金竖薄斜板; 1326 钛合金竖大薄斜板; 1362 钛合金竖板; 170008 钛合金三棱柱; 171008 钛合金弧板; 172008 钛合金薄弧板; 173008 钛合金大薄弧板; 174008 钛合金竖薄弧板; 175008 钛合金大竖薄弧板; 176008 钛合金棱锥,贴图列+_snow
titanium_block_snow_trapezoid_up_second.png,159 钛合金竖薄板; 457 钛合金块; 752 钛合金薄板; 756 钛合金楼梯; 1251 钛合金斜板; 1281 钛合金薄斜板; 1282 钛合金大薄斜板; 1325 钛合金竖薄斜板; 1326 钛合金竖大薄斜板; 1362 钛合金竖板; 170008 钛合金三棱柱; 171008 钛合金弧板; 172008 钛合金薄弧板; 173008 钛合金大薄弧板; 174008 钛合金竖薄弧板; 175008 钛合金大竖薄弧板; 176008 钛合金棱锥,贴图列+_snow
titanium_block_snow_triangle.png,159 钛合金竖薄板; 457 钛合金块; 752 钛合金薄板; 756 钛合金楼梯; 1251 钛合金斜板; 1281 钛合金薄斜板; 1282 钛合金大薄斜板; 1325 钛合金竖薄斜板; 1326 钛合金竖大薄斜板; 1362 钛合金竖板; 170008 钛合金三棱柱; 171008 钛合金弧板; 172008 钛合金薄弧板; 173008 钛合金大薄弧板; 174008 钛合金竖薄弧板; 175008 钛合金大竖薄弧板; 176008 钛合金棱锥,贴图列+_snow
titanium_block_snow_vertical_halftriangle.png,159 钛合金竖薄板; 457 钛合金块; 752 钛合金薄板; 756 钛合金楼梯; 1251 钛合金斜板; 1281 钛合金薄斜板; 1282 钛合金大薄斜板; 1325 钛合金竖薄斜板; 1326 钛合金竖大薄斜板; 1362 钛合金竖板; 170008 钛合金三棱柱; 171008 钛合金弧板; 172008 钛合金薄弧板; 173008 钛合金大薄弧板; 174008 钛合金竖薄弧板; 175008 钛合金大竖薄弧板; 176008 钛合金棱锥,贴图列+_snow
tnt.png,834 炸药桶; 835 备用,贴图列精确
tnt1.png,835 备用,贴图列精确
tnt_explode.png,834 炸药桶; 835 备用,贴图列+_explode
tomato.png,1515 西红柿,贴图列精确
tong1.png,451 铜矿,贴图列精确
tong1_emi.png,451 铜矿,贴图列+_emi
tong1_proto.png,451 铜矿,贴图列+_proto
tong1_proto_emi.png,451 铜矿,贴图列+_proto
tong_x.png,451 铜矿,贴图列+_x
tong_y.png,451 铜矿,贴图列+_y
tong_z.png,451 铜矿,贴图列+_z
tooltable.png,1404 家园工作台,贴图列精确
top_peristele.png,1756 柱顶,贴图列精确
top_peristele_mix.png,1756 柱顶,贴图列+_mix
torch_off.png,1046 火炬-熄灭,贴图列精确
torch_on.png,817 火炬,贴图列精确
totem.png,723 桃木图腾,贴图列精确
totem1.png,723 桃木图腾,贴图列+1
totem1_mix.png,723 桃木图腾,贴图列+数字_mix
totem2.png,723 桃木图腾,贴图列+2
totem2_mix.png,723 桃木图腾,贴图列+数字_mix
totem_mix.png,723 桃木图腾,贴图列+_mix
totemgem.png,1043 图腾宝藏水晶; 1044 图腾宝藏水晶(初始祭坛),贴图列精确
trackaccel.png,,
trackaccel_on.png,,
tracknormal.png,,
tracknormal_turn.png,,
transfer.png,1141 传送点方块,贴图列精确
transfer_block.png,1140 传送点核心方块,贴图列精确
transfer_block_mix.png,1140 传送点核心方块,贴图列+_mix
transfer_block_on.png,1140 传送点核心方块,贴图列+_on
transfer_block_on_emi.png,1140 传送点核心方块,贴图列+_on
transfer_block_on_mix.png,1140 传送点核心方块,贴图列+_on
transfer_flow.png,1141 传送点方块,贴图列+_flow
transfer_flow_emi.png,1141 传送点方块,贴图列+_flow
transfer_static.png,1141 传送点方块,贴图列+_static
transfer_static_emi.png,1141 传送点方块,贴图列+_static
transport_bottom.png,,
transport_bottom_mix.png,,
transport_pipe.png,370 传输管道,贴图列精确
transport_pipe_emi.png,370 传输管道,贴图列+_emi
transport_pipe_mix.png,370 传输管道,贴图列+_mix
transport_side.png,1993 传送带,贴图列精确
transport_side_mix.png,1993 传送带,贴图列+_mix
transport_top.png,,
transport_top_mix.png,,
trap.png,721 地刺陷阱,贴图列精确
trap_mix.png,721 地刺陷阱,贴图列+_mix
treecoral.png,492 树珊瑚; 493 白化树珊瑚,贴图列精确
treecoral_1.png,492 树珊瑚; 493 白化树珊瑚,贴图列+_1
treecoral_1_emi.png,492 树珊瑚; 493 白化树珊瑚,贴图列+_1
treecoral_2.png,492 树珊瑚; 493 白化树珊瑚,贴图列+_2
treecoral_2_emi.png,492 树珊瑚; 493 白化树珊瑚,贴图列+_2
triangle_wings.png,1095 尾翼,贴图列精确
triangle_wings_mix.png,1095 尾翼,贴图列+_mix
trip_wire.png,710 丝线,贴图列精确
trip_wire_source.png,710 丝线,贴图列+_source
trough.png,1753 饲料槽,贴图列精确
trough_mix.png,1753 饲料槽,贴图列+_mix
trunk.png,,
tungstengold_block.png,408 钨金块,贴图列精确
tungstengold_block_matcap.png,408 钨金块,贴图列+_matcap
tungstengold_block_mix.png,408 钨金块,贴图列+_mix
tusun.png,226 土笋; 200418 土笋种子,贴图列精确
tusun_mix.png,226 土笋; 200418 土笋种子,贴图列+_mix
twisted_rope_down_off.png,1165 升降绞绳,贴图列+_down
twisted_rope_down_on.png,1165 升降绞绳,贴图列+_down
twisted_rope_down_on_emi.png,1165 升降绞绳,贴图列+_down
twisted_rope_editor_off.png,1165 升降绞绳,贴图列+_editor
twisted_rope_editor_on.png,1165 升降绞绳,贴图列+_editor
twisted_rope_editor_on_emi.png,1165 升降绞绳,贴图列+_editor
twisted_rope_up_off.png,1165 升降绞绳; 1166 绞绳-尾部固定木桩; 1167 绞绳-绳子,贴图列精确
twisted_rope_up_on.png,1165 升降绞绳,贴图列+_up
twisted_rope_up_on_emi.png,1165 升降绞绳,贴图列+_up
ultrastone.png,1 地心基石,贴图列精确
ultrastone_cement.png,960 基石-混凝土,贴图列精确
ultrastone_cement_mix.png,960 基石-混凝土,贴图列+_mix
ultrastone_crackedsoil.png,961 基石-裂土,贴图列精确
ultrastone_crackedsoil_mix.png,961 基石-裂土,贴图列+_mix
ultrastone_crackedstone.png,962 白色基石,贴图列精确
ultrastone_crackedstone_mix.png,962 白色基石,贴图列+_mix
ultrastone_ice.png,963 基石-坚冰,贴图列精确
ultrastone_ice_mix.png,963 基石-坚冰,贴图列+_mix
ultrastone_mix.png,1 地心基石,贴图列+_mix
ultrastone_weldingplate.png,964 基石-钢板,贴图列精确
ultrastone_weldingplate_mix.png,964 基石-钢板,贴图列+_mix
unknown.png,470 问号方块; 471 问号方块; 472 问号方块; 473 问号方块; 474 问号方块; 475 问号方块,贴图列精确
valve.png,358 开关,贴图列精确
valve_mix.png,358 开关,贴图列+_mix
valve_on.png,358 开关,贴图列+_on
valve_on_emi.png,358 开关,贴图列+_on
valve_on_mix.png,358 开关,贴图列+_on
vase1.png,1670 小松树盆栽,贴图列精确
vase1_rgb.png,1670 小松树盆栽,贴图列+_rgb
vase2.png,1671 葱翠盆栽,贴图列精确
vase2_mix.png,1671 葱翠盆栽,贴图列+_mix
vase2_rgb.png,1671 葱翠盆栽,贴图列+_rgb
vase3.png,1690 多肉盆栽,贴图列精确
vase3_rgb.png,1690 多肉盆栽,贴图列+_rgb
vertical_striped_adobe_brick.png,160016 竖纹土砖; 162013 竖纹土砖竖薄板; 164013 竖纹土砖竖板,贴图列精确
vertical_striped_adobe_brick_mix.png,160016 竖纹土砖; 162013 竖纹土砖竖薄板; 164013 竖纹土砖竖板,贴图列+_mix
vertical_striped_sand_brick.png,160021 竖纹黄砖; 162014 竖纹黄砖竖薄板; 164014 竖纹黄砖竖板,贴图列精确
vertical_striped_sand_brick_mix.png,160021 竖纹黄砖; 162014 竖纹黄砖竖薄板; 164014 竖纹黄砖竖板,贴图列+_mix
villagerflag_mix.png,,
villagetotem.png,1202 部落图腾,贴图列精确
villagetotem_emi.png,1202 部落图腾,贴图列+_emi
villagetotem_mix.png,1202 部落图腾,贴图列+_mix
vine.png,232 气根,贴图列精确
vine_creeping_vine.png,150077 垂藤,贴图列精确
visualizer.png,1184 星能展台,贴图列精确
visualizer_emi.png,1184 星能展台,贴图列+_emi
visualizer_mix.png,1184 星能展台,贴图列+_mix
visualizer_off.png,1184 星能展台,贴图列+_off
visualizer_off_mix.png,1184 星能展台,贴图列+_off
void_agave.png,200404 虚空忘忧草,贴图列精确
void_agave_emi.png,200404 虚空忘忧草,贴图列+_emi
void_bellflowers.png,200394 虚空风铃花种子,贴图列精确
void_bellflowers_middle.png,200394 虚空风铃花种子,贴图列+_middle
void_bellflowers_seed.png,200394 虚空风铃花种子,贴图列+_seed
void_block.png,40 虚空晶块,贴图列精确
void_block_emi.png,40 虚空晶块,贴图列+_emi
void_block_mix.png,40 虚空晶块,贴图列+_mix
void_dragonflower.png,200400 虚空龙血花,贴图列精确
void_dragonflower_emi.png,200400 虚空龙血花,贴图列+_emi
void_dragongrass_middle.png,200396 虚空龙爪草种子,贴图列+_middle
void_dragongrass_seed.png,200396 虚空龙爪草种子,贴图列+_seed
void_dragontree.png,200401 虚空龙血树,贴图列精确
void_dragontree_emi.png,200401 虚空龙血树,贴图列+_emi
void_flower_pineapple.png,200408 虚空彼岸花,贴图列精确
void_flower_pineapple_emi.png,200408 虚空彼岸花,贴图列+_emi
void_flowers.png,200417 虚空之花,贴图列精确
void_flowers_emi.png,200417 虚空之花,贴图列+_emi
void_flowers_mix.png,200417 虚空之花,贴图列+_mix
void_gs.png,200382 虚空果实; 200383 虚空果实预留; 200384 虚空果实预留; 200385 虚空果实预留; 200386 虚空果实预留; 200387 虚空果实预留; 200388 虚空果实预留; 200395 虚空风铃花; 200397 虚空龙爪草,贴图列精确
void_gs_emi.png,200382 虚空果实; 200383 虚空果实预留; 200384 虚空果实预留; 200385 虚空果实预留; 200386 虚空果实预留; 200387 虚空果实预留; 200388 虚空果实预留; 200395 虚空风铃花; 200397 虚空龙爪草,贴图列+_emi
void_hyacinth.png,200402 虚空风信子,贴图列精确
void_hyacinth_emi.png,200402 虚空风信子,贴图列+_emi
void_melon_unknown.png,200413 虚空瓜帽1; 200414 虚空瓜帽2; 200415 虚空瓜帽3; 200416 虚空瓜帽4,贴图列精确
void_melon_unknown_emi.png,200413 虚空瓜帽1; 200414 虚空瓜帽2; 200415 虚空瓜帽3; 200416 虚空瓜帽4,贴图列+_emi
void_rose.png,200406 虚空月季,贴图列精确
void_rose_emi.png,200406 虚空月季,贴图列+_emi
void_ruolan.png,200399 虚空若兰,贴图列精确
void_ruolan_emi.png,200399 虚空若兰,贴图列+_emi
void_starflower.png,200398 虚空星辰花,贴图列精确
void_starflower_emi.png,200398 虚空星辰花,贴图列+_emi
void_warmwinterflowers.png,200407 虚空冬温花,贴图列精确
void_warmwinterflowers_emi.png,200407 虚空冬温花,贴图列+_emi
void_whitemums.png,200405 虚空雪滴花,贴图列精确
void_whitemums_emi.png,200405 虚空雪滴花,贴图列+_emi
void_yellowelder.png,200403 虚空黄钟花,贴图列精确
void_yellowelder_emi.png,200403 虚空黄钟花,贴图列+_emi
voidmushroom_bottom.png,,
voidmushroom_bottom_emi.png,,
voidmushroom_bottom_mix.png,,
voidmushroom_side.png,,
voidmushroom_side_emi.png,,
voidmushroom_side_mix.png,,
voidmushroom_stalks1.png,200380 虚空菇柄,贴图列精确
voidmushroom_stalks1_emi.png,200380 虚空菇柄,贴图列+_emi
voidmushroom_stalks1_mix.png,200380 虚空菇柄,贴图列+_mix
voidmushroom_stalks2.png,,
voidmushroom_stalks2_emi.png,,
voidmushroom_stalks2_mix.png,,
voidmushroom_top.png,,
voidmushroom_top_emi.png,,
voidmushroom_top_mix.png,,
volcanoaltar.png,140 生命石座; 141 勇气石座; 142 智慧石座; 143 破损石座,贴图列精确
volcanoaltar_damaged.png,143 破损石座,贴图列精确
volcanoaltar_earth.png,140 生命石座; 141 勇气石座; 142 智慧石座; 143 破损石座,贴图列+_earth
volcanoaltar_earth_emi.png,140 生命石座; 141 勇气石座; 142 智慧石座; 143 破损石座,贴图列+_earth
volcanoaltar_earth_mix.png,140 生命石座; 141 勇气石座; 142 智慧石座; 143 破损石座,贴图列+_earth
volcanoaltar_earth_off.png,140 生命石座; 141 勇气石座; 142 智慧石座; 143 破损石座,贴图列+_earth
volcanoaltar_earth_on.png,140 生命石座,贴图列精确
volcanoaltar_earth_on_emi.png,140 生命石座,贴图列+_emi
volcanoaltar_flame.png,140 生命石座; 141 勇气石座; 142 智慧石座; 143 破损石座,贴图列+_flame
volcanoaltar_flame_emi.png,140 生命石座; 141 勇气石座; 142 智慧石座; 143 破损石座,贴图列+_flame
volcanoaltar_flame_mix.png,140 生命石座; 141 勇气石座; 142 智慧石座; 143 破损石座,贴图列+_flame
volcanoaltar_flame_off.png,140 生命石座; 141 勇气石座; 142 智慧石座; 143 破损石座,贴图列+_flame
volcanoaltar_flame_on.png,141 勇气石座,贴图列精确
volcanoaltar_flame_on_emi.png,141 勇气石座,贴图列+_emi
volcanoaltar_horas.png,140 生命石座; 141 勇气石座; 142 智慧石座; 143 破损石座,贴图列+_horas
volcanoaltar_horas_emi.png,140 生命石座; 141 勇气石座; 142 智慧石座; 143 破损石座,贴图列+_horas
volcanoaltar_horas_mix.png,140 生命石座; 141 勇气石座; 142 智慧石座; 143 破损石座,贴图列+_horas
volcanoaltar_horas_off.png,140 生命石座; 141 勇气石座; 142 智慧石座; 143 破损石座,贴图列+_horas
volcanoaltar_horas_on.png,142 智慧石座,贴图列精确
volcanoaltar_horas_on_emi.png,142 智慧石座,贴图列+_emi
volcanoaltar_mix.png,140 生命石座; 141 勇气石座; 142 智慧石座; 143 破损石座,贴图列+_mix
volcanostele.png,585 无名纪念碑; 586 祭坛石碑,贴图列精确
volcanostele_emi.png,585 无名纪念碑; 586 祭坛石碑,贴图列+_emi
volcanostele_mix.png,585 无名纪念碑; 586 祭坛石碑,贴图列+_mix
wall_lamp_on.png,934 典雅壁灯; 935 精致壁灯,贴图列精确
wall_lamp_on_emi.png,934 典雅壁灯; 935 精致壁灯,贴图列+_emi
walnut.png,,
wapian.png,160008 [水墨]瓦片; 161009 [水墨]瓦片薄板; 162010 [水墨]瓦片竖薄板; 163010 [水墨]瓦片斜板; 164010 [水墨]瓦片竖板; 165010 [水墨]瓦片薄斜板; 166010 [水墨]瓦片大薄斜板; 167010 [水墨]瓦片竖薄斜板; 168010 [水墨]瓦片竖薄大斜板; 169009 [水墨]瓦片楼梯; 170033 [水墨]瓦片三棱柱; 171033 [水墨]瓦片弧板; 172033 [水墨]瓦片薄弧板; 173033 [水墨]瓦片大薄弧板; 174033 [水墨]瓦片竖薄弧板; 175033 [水墨]瓦片大竖薄弧板; 176033 [水墨]瓦片棱锥,贴图列精确
warmwinterflowers.png,760 冬温花种子; 761 冬温花; 200407 虚空冬温花,贴图列精确
warmwinterflowers_emi.png,760 冬温花种子; 761 冬温花; 200407 虚空冬温花,贴图列+_emi
warmwinterflowers_middle.png,760 冬温花种子; 761 冬温花; 200407 虚空冬温花,贴图列+_middle
warmwinterflowers_middle_emi.png,760 冬温花种子; 761 冬温花; 200407 虚空冬温花,贴图列+_middle
warmwinterflowers_middle_mix.png,760 冬温花种子; 761 冬温花; 200407 虚空冬温花,贴图列+_middle
warmwinterflowers_mix.png,760 冬温花种子; 761 冬温花; 200407 虚空冬温花,贴图列+_mix
warmwinterflowers_seed.png,760 冬温花种子; 761 冬温花; 200407 虚空冬温花,贴图列+_seed
warmwinterflowers_seed_emi.png,760 冬温花种子; 761 冬温花; 200407 虚空冬温花,贴图列+_seed
warmwinterflowers_seed_mix.png,760 冬温花种子; 761 冬温花; 200407 虚空冬温花,贴图列+_seed
warning_radiator_steelblock_bottom.png,150915 警示散热铁块,贴图列+_bottom
warning_radiator_steelblock_bottom_matcap.png,150915 警示散热铁块,贴图列+_bottom
warning_radiator_steelblock_bottom_mix.png,150915 警示散热铁块,贴图列+_bottom
warning_radiator_steelblock_side.png,150915 警示散热铁块,贴图列+_side
warning_radiator_steelblock_side_matcap.png,150915 警示散热铁块,贴图列+_side
warning_radiator_steelblock_side_mix.png,150915 警示散热铁块,贴图列+_side
warning_radiator_steelblock_top.png,150915 警示散热铁块,贴图列+_top
warning_radiator_steelblock_top_matcap.png,150915 警示散热铁块,贴图列+_top
warning_radiator_steelblock_top_mix.png,150915 警示散热铁块,贴图列+_top
warning_steelblock_bottom.png,150917 警示铁块,贴图列+_bottom
warning_steelblock_bottom_matcap.png,150917 警示铁块,贴图列+_bottom
warning_steelblock_bottom_mix .png,150917 警示铁块,贴图列+_bottom
warning_steelblock_side.png,150917 警示铁块,贴图列+_side
warning_steelblock_side_matcap.png,150917 警示铁块,贴图列+_side
warning_steelblock_side_mix.png,150917 警示铁块,贴图列+_side
warning_steelblock_top.png,150917 警示铁块,贴图列+_top
warning_steelblock_top_matcap.png,150917 警示铁块,贴图列+_top
warning_steelblock_top_mix.png,150917 警示铁块,贴图列+_top
water_flow.png,4 动态水,贴图列精确
water_flow_hui.png,390024 [水墨]动态水,贴图列精确
water_still.png,3 静态水; 20 外星空气,贴图列精确
water_still_hui.png,390023 [水墨]静态水,贴图列精确
waternormal.png,,
waterpipe.png,390109 细水管,贴图列精确
watervacuole.png,,
waterweed.png,245 水草,贴图列精确
waterweed_emi.png,245 水草,贴图列+_emi
waterweed_leaf.png,150068 水藻,贴图列精确
waterweed_red.png,245 水草,贴图列+_red
waypoint.png,,
weather_control.png,1403 天气控制器,贴图列精确
web.png,803 游戏版本过低,贴图列精确
weeds_bottom.png,,
weeds_top.png,,
western_bathtub.png,1730 西域浴缸,贴图列精确
western_bathtub_rgb.png,1730 西域浴缸,贴图列+_rgb
western_bed.png,1722 西域床,贴图列精确
western_bed_rgb.png,1722 西域床,贴图列+_rgb
western_brick_side.png,1743 西域砖,贴图列+_side
western_brick_top.png,1743 西域砖,贴图列+_top
western_cabinet.png,1732 西域橱柜,贴图列精确
western_carpet.png,1746 西域地毯,贴图列精确
western_carpet_rgb.png,1746 西域地毯,贴图列+_rgb
western_ceiling_light.png,1737 西域吊灯,贴图列精确
western_ceiling_light_emi.png,1737 西域吊灯,贴图列+_emi
western_ceiling_rgb.png,,
western_chair.png,1728 西域椅子,贴图列精确
western_chair_rgb.png,1728 西域椅子,贴图列+_rgb
western_closet.png,1731 西域衣柜,贴图列精确
western_closet_rgb.png,1731 西域衣柜,贴图列+_rgb
western_desk.png,1724 西域书桌,贴图列精确
western_desk_rgb.png,1724 西域书桌,贴图列+_rgb
western_door.png,1739 西域门,贴图列精确
western_door_rgb.png,1739 西域门,贴图列+_rgb
western_erect_light.png,1736 西域立体灯,贴图列精确
western_erect_light_emi.png,1736 西域立体灯,贴图列+_emi
western_erect_light_rgb.png,1736 西域立体灯,贴图列+_rgb
western_group_cabinet.png,1734 西域组合柜,贴图列精确
western_half_brick_side.png,1744 西域半砖,贴图列+_side
western_half_brick_top.png,1744 西域半砖,贴图列+_top
western_half_cabinet.png,1733 西域半格橱柜,贴图列精确
western_rail.png,1745 西域围栏,贴图列精确
western_rail_rgb.png,1745 西域围栏,贴图列+_rgb
western_screen.png,1735 西域屏风,贴图列精确
western_screen_rgb.png,1735 西域屏风,贴图列+_rgb
western_screen_screengrass.png,1735 西域屏风,贴图列+_screengrass
western_sofa.png,1723 西域沙发,贴图列精确
western_sofa_rgb.png,1723 西域沙发,贴图列+_rgb
western_stairs.png,1741 西域楼梯,贴图列精确
western_stairs_mix.png,1741 西域楼梯,贴图列+_mix
western_stairs_rgb.png,1741 西域楼梯,贴图列+_rgb
western_table.png,1725 西域餐桌,贴图列精确
western_tea_table.png,1726 西域茶几,贴图列精确
western_tea_table_rgb.png,1726 西域茶几,贴图列+_rgb
western_toilet.png,1729 西域马桶,贴图列精确
western_toilet_rgb.png,1729 西域马桶,贴图列+_rgb
western_wall1_side.png,1742 西域墙砖,贴图列+数字_side
western_wall_light.png,1738 西域壁灯,贴图列精确
western_wall_light_emi.png,1738 西域壁灯,贴图列+_emi
western_wall_light_rgb.png,1738 西域壁灯,贴图列+_rgb
western_wall_side.png,1742 西域墙砖,贴图列+_side
western_wall_top.png,1742 西域墙砖,贴图列+_top
western_wash_table.png,1727 西域洗手台,贴图列精确
western_wash_table_rgb.png,1727 西域洗手台,贴图列+_rgb
western_window.png,1740 西域窗,贴图列精确
western_window_rgb.png,1740 西域窗,贴图列+_rgb
western_window_screengrass.png,1740 西域窗,贴图列+_screengrass
wheat_s0.png,1465 玉米; 1487 方块37; 1488 方块38; 1489 方块39; 1490 方块40; 1491 方块41; 1492 方块42,贴图列+_s0
wheat_s1.png,1465 玉米; 1487 方块37; 1488 方块38; 1489 方块39; 1490 方块40; 1491 方块41; 1492 方块42,贴图列+_s1
wheat_s2.png,1465 玉米; 1487 方块37; 1488 方块38; 1489 方块39; 1490 方块40; 1491 方块41; 1492 方块42,贴图列+_s2
wheat_s3.png,1465 玉米; 1487 方块37; 1488 方块38; 1489 方块39; 1490 方块40; 1491 方块41; 1492 方块42,贴图列+_s3
wheat_s4.png,1465 玉米; 1487 方块37; 1488 方块38; 1489 方块39; 1490 方块40; 1491 方块41; 1492 方块42,贴图列+_s4
wheat_s5.png,1465 玉米; 1487 方块37; 1488 方块38; 1489 方块39; 1490 方块40; 1491 方块41; 1492 方块42,贴图列+_s5
wheat_s6.png,1465 玉米; 1487 方块37; 1488 方块38; 1489 方块39; 1490 方块40; 1491 方块41; 1492 方块42,贴图列+_s6
wheat_s7.png,1465 玉米; 1487 方块37; 1488 方块38; 1489 方块39; 1490 方块40; 1491 方块41; 1492 方块42,贴图列+_s7
wheel.png,1083 转向车轮,英文名
white.png,,
whitemums.png,311 雪滴花; 318 珊瑚5（废弃 ）; 442 雪滴花种子,贴图列精确
whitemums_middle.png,311 雪滴花; 318 珊瑚5（废弃 ）; 442 雪滴花种子,贴图列+_middle
whitemums_seed.png,311 雪滴花; 318 珊瑚5（废弃 ）; 442 雪滴花种子,贴图列+_seed
wild_flower_blue.png,150050 蓝色野花,贴图列精确
wild_flower_white.png,150049 白色野花,贴图列精确
wild_flower_yellow.png,150051 黄色野花,贴图列精确
wildcorn.png,243 野生玉米,英文名
wildcorn_base.png,151028 大刍草,贴图列精确
wildcorn_corn.png,,
wildcorn_mask.png,,
wildicevillagetotem.png,150001 野生冰原部落图腾,贴图列精确
wildicevillagetotem_emi.png,150001 野生冰原部落图腾,贴图列+_emi
wildwheat_bottom.png,,
wildwheat_top.png,,
winderosion_stone_side.png,19 风蚀岩,贴图列+_side
winderosion_stone_side_mix.png,19 风蚀岩,贴图列+_side
winderosion_stone_top.png,19 风蚀岩,贴图列+_top
winderosion_stone_top_mix.png,19 风蚀岩,贴图列+_top
windows_brich.png,557 象牙白玻璃窗,贴图列精确
windows_glass.png,556 玻璃窗,贴图列精确
windows_glass_mix.png,556 玻璃窗,贴图列+_mix
windows_wood.png,555 木窗,贴图列精确
windows_wood_mix.png,555 木窗,贴图列+_mix
wings.png,1094 机翼,贴图列精确
wings_mix.png,1094 机翼,贴图列+_mix
wire.png,,
wish_tree1.png,,
wish_tree2.png,,
withered_fengye.png,151021 枫叶堆,贴图列精确
withered_huyang.png,151023 秋胡杨叶堆,贴图列精确
withered_lanhuaying.png,151022 蓝花楹叶堆,贴图列精确
withered_leaf.png,323 落叶堆,贴图列精确
withered_thorn.png,151025 枯萎荆棘; 151031 恶棘藤,贴图列精确
withered_yinxing.png,151020 银杏叶堆,贴图列精确
wood_pile.png,821 木桩,贴图列精确
wood_pile_mix.png,821 木桩,贴图列+_mix
woodenfloor.png,201651 木地板; 201704 蘑古玻璃斜板; 201764 蘑古玻璃竖薄板; 201765 蘑古玻璃薄板,贴图列精确
woodenfloor_mix.png,201651 木地板; 201704 蘑古玻璃斜板; 201764 蘑古玻璃竖薄板; 201765 蘑古玻璃薄板,贴图列+_mix
woodentray.png,,
woodentray_mix.png,,
woodmanflag.png,1204 樵夫旗帜,贴图列精确
woodmanflag_on.png,1204 樵夫旗帜,贴图列+_on
woodmanflag_on_emi.png,1204 樵夫旗帜,贴图列+_on
woodmanflag_wild.png,150006 野生樵夫旗帜,贴图列精确
woodmanflag_wild_on.png,150006 野生樵夫旗帜,贴图列+_on
woodmanflag_wild_on_emi.png,150006 野生樵夫旗帜,贴图列+_on
wujin1.png,404 钨矿,贴图列+1
wujin1_emi.png,404 钨矿,贴图列+数字_emi
wujin1_x.png,404 钨矿,贴图列+数字_x
wujin1_y.png,404 钨矿,贴图列+数字_y
wujin1_z.png,404 钨矿,贴图列+数字_z
wujin2.png,404 钨矿,贴图列+2
wujin2_emi.png,404 钨矿,贴图列+数字_emi
wujin2_x.png,404 钨矿,贴图列+数字_x
wujin2_x_emi.png,,
wujin2_y.png,404 钨矿,贴图列+数字_y
wujin2_y_emi.png,,
wujin2_z.png,404 钨矿,贴图列+数字_z
wujin2_z_emi.png,,
wujin_proto.png,404 钨矿,贴图列+_proto
wujin_proto_emi.png,404 钨矿,贴图列+_proto
xi.png,943 春节窗花-喜,贴图列精确
xianrenzhang.png,,
xingtong1.png,445 星瞳矿石,贴图列精确
xingtong1_emi.png,445 星瞳矿石,贴图列+_emi
xingtong1_proto.png,445 星瞳矿石,贴图列+_proto
xingtong1_proto_emi.png,445 星瞳矿石,贴图列+_proto
xingtong_x.png,445 星瞳矿石,贴图列+_x
xingtong_x_emi.png,445 星瞳矿石,贴图列+_x
xingtong_y.png,445 星瞳矿石,贴图列+_y
xingtong_y_emi.png,445 星瞳矿石,贴图列+_y
xingtong_z.png,445 星瞳矿石,贴图列+_z
xingtong_z_emi.png,445 星瞳矿石,贴图列+_z
xuanzhi.png,160007 [水墨]宣纸块; 161008 [水墨]宣纸薄板; 162009 [水墨]宣纸竖薄板; 163009 [水墨]宣纸斜板; 164009 [水墨]宣纸竖板; 165009 [水墨]宣纸薄斜板; 166009 [水墨]宣纸大薄斜板; 167009 [水墨]宣纸竖薄斜板; 168009 [水墨]宣纸竖薄大斜板; 169008 [水墨]宣纸楼梯; 170032 [水墨]宣纸三棱柱; 171032 [水墨]宣纸弧板; 172032 [水墨]宣纸薄弧板; 173032 [水墨]宣纸大薄弧板; 174032 [水墨]宣纸竖薄弧板; 175032 [水墨]宣纸大竖薄弧板; 176032 [水墨]宣纸棱锥,贴图列精确
yams_s0.png,241 番薯; 1466 番薯,贴图列+_s0
yams_s1.png,241 番薯; 1466 番薯,贴图列+_s1
yams_s2.png,241 番薯; 1466 番薯,贴图列+_s2
yams_s3.png,241 番薯; 1466 番薯,贴图列+_s3
yanhua1.png,850 星星烟花（小）,贴图列精确
yanhua2.png,851 星星烟花（大）,贴图列精确
yanhua3.png,852 晴雨烟花,贴图列精确
yanhua4.png,853 昼夜烟花,贴图列精确
yanhua5.png,849 禁怪烟花; 150500 蓝色烟花; 150501 绿色烟花; 150502 粉色烟花; 150503 黄色烟花; 150504 彩色烟花; 150505 心形烟花,贴图列精确
yanhua6.png,836 物理清除烟花,贴图列精确
yellowelder.png,312 黄钟花; 319 珊瑚6（废弃 ）; 443 黄钟花种子,贴图列精确
yellowelder_middle.png,312 黄钟花; 319 珊瑚6（废弃 ）; 443 黄钟花种子,贴图列+_middle
yellowelder_seed.png,312 黄钟花; 319 珊瑚6（废弃 ）; 443 黄钟花种子,贴图列+_seed
yunmu.png,407 硅石矿,贴图列精确
yunmu1.png,407 硅石矿,贴图列+1
yunmu1_emi.png,407 硅石矿,贴图列+数字_emi
yunmu1_x.png,407 硅石矿,贴图列+数字_x
yunmu1_y.png,407 硅石矿,贴图列+数字_y
yunmu1_z.png,407 硅石矿,贴图列+数字_z
yunmu2.png,407 硅石矿,贴图列+2
yunmu2_emi.png,407 硅石矿,贴图列+数字_emi
yunmu2_x.png,407 硅石矿,贴图列+数字_x
yunmu2_x_emi.png,,
yunmu2_y.png,407 硅石矿,贴图列+数字_y
yunmu2_y_emi.png,,
yunmu2_z.png,407 硅石矿,贴图列+数字_z
yunmu2_z_emi.png,,
yunmu3.png,407 硅石矿,贴图列+3
yunmu3_emi.png,407 硅石矿,贴图列+数字_emi
yunmu3_x.png,407 硅石矿,贴图列+数字_x
yunmu3_y.png,407 硅石矿,贴图列+数字_y
yunmu3_z.png,407 硅石矿,贴图列+数字_z
yunmu_emi.png,407 硅石矿,贴图列+_emi
yunmu_proto.png,407 硅石矿,贴图列+_proto
yunmu_proto_emi.png,407 硅石矿,贴图列+_proto
zhaohuan.png,200441 僵尸召唤器,贴图列精确
zhenmugs.png,327 珍木果实,贴图列精确
zhimeigui.png,,
zhuzi.png,390069 [水墨]竹子,贴图列精确
zhuzi_shuimo.png,390035 [水墨]屏风-竹,贴图列精确
zisuguo.png,227 紫苏; 200419 紫苏种子,贴图列精确
zisuguo_mix.png,227 紫苏; 200419 紫苏种子,贴图列+_mix
ziying1.png,446 紫荧矿石,贴图列精确
ziying1_emi.png,446 紫荧矿石,贴图列+_emi
ziying1_proto.png,446 紫荧矿石,贴图列+_proto
ziying1_proto_emi.png,446 紫荧矿石,贴图列+_proto
ziying_x.png,446 紫荧矿石,贴图列+_x
ziying_x_emi.png,446 紫荧矿石,贴图列+_x
ziying_y.png,446 紫荧矿石,贴图列+_y
ziying_y_emi.png,446 紫荧矿石,贴图列+_y
ziying_z.png,446 紫荧矿石,贴图列+_z
ziying_z_emi.png,446 紫荧矿石,贴图列+_z
