文件名,物品ID 中文名,匹配方式
10000001.png,,
10127.png,10127 七彩石,ID直连
10128.png,10128 迷局碎片,ID直连
43000.png,43000 小花花,图标列
43001.png,43001 抱拳,图标列
43002.png,43002 珍珠奶茶,图标列
43003.png,43003 赞,图标列
43004.png,43004 祈愿烟火,图标列
43005.png,43005 深情粽意,图标列
43006.png,43006 打call,图标列
43007.png,43007 吃我一炸,图标列
43008.png,43008 浓情玫瑰,图标列
43009.png,43009 鹊桥相会,图标列
43010.png,43010 黄色烟花,图标列
43011.png,43011 粉色烟花,图标列
43012.png,43012 心形烟花,图标列
43013.png,43013 拥抱娃娃,图标列
43014.png,43014 送温暖,图标列
43015.png,43015 心动电波,图标列
43016.png,43016 仙女棒,图标列
43017.png,43017 旋风超跑,图标列
43018.png,43018 新年御守,图标列
43019.png,43019 噼里啪啦,图标列
43020.png,43020 元宵花灯,图标列
43021.png,43021 浓情巧克力,图标列
43022.png,43022 生日蛋糕,图标列
43023.png,43023 马上发财,图标列
43024.png,43024 火箭发射,图标列
43025.png,43025 甜甜圈,图标列
43026.png,43026 旋转木马,图标列
49108.png,49108 福袋,ID直连
ai_630002.png,630002 初级玩伴,图标列
ai_630003.png,630003 中级玩伴,图标列
ai_630004.png,630004 高级玩伴,图标列
ai_630005.png,630005 互动量10000,图标列
broadcast_vip01.png,90001 紫曜之冠; 92001 紫曜之冠（3天）,图标列
broadcast_vip02.png,90002 雀灵魅影; 92002 雀灵魅影（3天）,图标列
broadcast_vip03.png,90003 幻想童话; 92003 幻想童话（3天）,图标列
broadcast_vip04.png,90004 缤纷彩虹; 92004 缤纷彩虹（3天）,图标列
broadcast_vip05.png,90005 最佳拍档; 92005 最佳拍档（3天）,图标列
broadcast_vip06.png,90006 琉光圣灵; 92006 琉光圣灵（3天）,图标列
broadcast_vip07.png,90007 梦幻之约; 92007 梦幻之约（3天）,图标列
broadcast_vip08.png,90008 花蝶入梦; 92008 花蝶入梦（3天）,图标列
broadcast_vip09.png,90009 变形金刚; 92009 变形金刚（3天）,图标列
broadcast_vip10.png,90010 彩虹旋风; 92010 彩虹旋风（3天）,图标列
broadcast_vip11.png,90011 瑶光玄灵; 92011 瑶光玄灵（3天）,图标列
broadcast_vip12.png,90012 花蔓四季; 92012 花蔓四季（3天）,图标列
broadcast_vip13.png,90013 喜羊羊与灰太狼; 92013 喜羊羊与灰太狼（3天）,图标列
broadcast_vip14.png,90014 古韵山水; 92014 古韵山水（3天）,图标列
broadcast_vip15.png,90015 青白之息; 92015 青白之息（3天）,图标列
broadcast_vip16.png,90016 机械时代; 92016 机械时代（3天）,图标列
broadcast_vip17.png,90017 日月同辉; 92017 日月同辉（3天）,图标列
bubble_vip01.png,86001 尊享之冠; 88001 尊享之冠（3天）,图标列
bubble_vip02.png,86002 暮光之灵; 88002 暮光之灵（3天）,图标列
bubble_vip03.png,86003 奇迹派对; 88003 奇迹派对（3天）,图标列
bubble_vip04.png,86004 龙响天下; 88004 龙响天下（3天）,图标列
bubble_vip05.png,86005 花蔓四季; 88005 花蔓四季（3天）,图标列
bubble_vip06.png,86006 幻想童话; 88006 幻想童话（3天）,图标列
bubble_vip07.png,86007 缤纷彩虹; 88007 缤纷彩虹（3天）,图标列
bubble_vip08.png,86008 梦幻之约; 88008 梦幻之约（3天）,图标列
bubble_vip09.png,86009 迷萌星球; 88009 迷萌星球（3天）,图标列
bubble_vip10.png,86010 瑶光玄灵; 88010 瑶光玄灵（3天）,图标列
bubble_vip11.png,86011 喜羊羊与灰太狼; 88011 喜羊羊与灰太狼（3天）,图标列
bubble_vip12.png,86012 古韵山水; 88012 古韵山水（3天）,图标列
bubble_vip13.png,86013 青白之息; 88013 青白之息（3天）,图标列
bubble_vip14.png,86014 机械时代; 88014 机械时代（3天）,图标列
bubble_vip15.png,86015 摇滚街区; 88015 摇滚街区（3天）,图标列
bubble_vip16.png,86016 佛凰一体; 88016 佛凰一体（3天）,图标列
centerbg1.png,101804 花织绘梦; 102304 花织绘梦（3天）,图标列
centerbg2.png,101805 末日狂潮; 102305 末日狂潮（3天）,图标列
centerbg21.png,101821 日月当空; 102321 日月当空（3天）,图标列
centerbg22.png,101822 雁群昭昭; 102322 雁群昭昭（3天）,图标列
centerbg23.png,101823 梅花香雪; 102323 梅花香雪（3天）,图标列
centerbg24.png,101824 双鱼启灵; 102324 双鱼启灵（3天）,图标列
centerbg25.png,101825 白羊星宫; 102325 白羊星宫（3天）,图标列
centerbg26.png,101826 金牛星宫; 102326 金牛星宫（3天）,图标列
centerbg27.png,101827 潮汐巨灵; 102327 潮汐巨灵（3天）,图标列
centerbg28.png,101828 双子星宫; 102328 双子星宫（3天）,图标列
centerbg29.png,101829 石榴花之域; 102329 石榴花之域（3天）,图标列
centerbg30.png,101830 极地魔法; 102330 极地魔法（3天）,图标列
cloudportal.png,1100 地图传送方块,图标列
emoji1.png,102801 基础动态表情包; 103301 基础动态表情包 （3天）,图标列
emoji2.png,102802 社交表情包; 103302 社交表情包（3天）,图标列
emoji4.png,102804 拾之蜜语; 103304 拾之蜜语（3天）,图标列
emotion1.png,99801 揽星入梦; 100301 揽星入梦（3天）,图标列
emotion13.png,99813 审判机械; 100313 审判机械（3天）,图标列
emotion14.png,99814 幽冥烬棠; 100314 幽冥烬棠（3天）,图标列
emotion2.png,99802 妙笔千山; 100302 妙笔千山（3天）,图标列
emotion20.png,99818 昭君之瞩; 100318 昭君之瞩（3天）,图标列
emotion22.png,99819 潮汐浪花; 100319 潮汐浪花（3天）,图标列
emotion24.png,99821 极境漫游; 100321 极境漫游（3天）,图标列
emotion3.png,99803 花织绘梦; 100303 花织绘梦（3天）,图标列
emotion4.png,99804 末日狂潮; 100304 末日狂潮（3天）,图标列
fruit_activity.png,,
fruit_activity1.png,,
fruit_activity2.png,,
fruit_activity3.png,,
fruit_activity4.png,,
fruit_big.png,,
fruit_gold.png,,
fruit_small.png,,
genius_icon00.png,,
genius_icon01.png,,
genius_icon02.png,,
genius_icon03.png,,
genius_icon04.png,,
genius_icon05.png,,
genius_icon06.png,,
genius_icon07.png,,
genius_icon08.png,,
genius_icon09.png,,
genius_icon10.png,,
genius_icon11.png,,
genius_icon12.png,,
genius_icon13.png,,
genius_icon14.png,,
genius_icon15.png,,
genius_icon16.png,,
genius_icon17.png,,
genius_icon18.png,,
genius_icon19.png,,
genius_icon20.png,,
gudeng_rockicon.png,,
gudeng_woodicon.png,,
hand.png,,
high_undersized_fruit.png,,
horsepuzzle.png,,
icon10003.png,10003 迷你宝盒,图标列
icon10004.png,10004 魔仙徽章,图标列
icon10005.png,10005 小草块,图标列
icon10006.png,10006 亮铁块,图标列
icon10007.png,10007 纯金块,图标列
icon10008.png,10008 钻石块,图标列
icon10009.png,10009 迷你点,图标列
icon10010.png,10010 筑梦暗语,图标列
icon10011.png,10011 果实券,图标列
icon10012.png,10012 活动券,图标列
icon10013.png,10013 家园币,图标列
icon10014.png,10014 悦享卡,icon+ID
icon10014_ov.png,,
icon10015.png,10015 悦享卡加油组合包,icon+ID
icon10015_ov.png,,
icon10016.png,10016 升级加油包,icon+ID
icon10016_ov.png,,
icon10017.png,10017 迷你圣诞袜,图标列
icon10018.png,10018 迷你铃铛,图标列
icon10019.png,10019 迷你金蛋,图标列
icon10020.png,10020 结算宝箱,图标列
icon10021.png,10021 迷你彩蛋,icon+ID
icon10022.png,10022 迷你樱花,icon+ID
icon10023.png,10023 悦享经验卡,图标列
icon10024.png,10024 星球传送券,图标列
icon10025.png,10025 一叠星球传送券,图标列
icon10026.png,10026 悦享积分,图标列
icon10026_big.png,,
icon10027.png,10027 迷你大会员1天体验卡; 10028 迷你大会员3天体验卡; 10029 迷你大会员7天体验卡; 10030 迷你大会员15天体验卡,图标列
icon10031.png,10031 普通坐骑通用碎片,图标列
icon10032.png,10032 高级坐骑通用碎片,图标列
icon10033.png,10033 迷你大会员月卡; 10034 迷你大会员季卡; 10035 迷你大会员半年卡; 10036 迷你大会员年卡,图标列
icon10040.png,10040 星辉暗语,图标列
icon10041.png,10041 筑梦皮肤兑换券,图标列
icon10042.png,10042 星辉皮肤兑换券,图标列
icon10043.png,10043 特长碎片,图标列
icon10046.png,10046 迷你积分,图标列
icon10047.png,10047 超级星星,图标列
icon10048.png,10048 兑换券; 97507 星愿币,图标列
icon10049.png,10049 高级悦享经验卡,图标列
icon10051.png,10051 体力药水,图标列
icon10052.png,10052 小顽猴,图标列
icon10053.png,10053 安吉洛斯的祝福,图标列
icon10054.png,10054 福利抽奖券,图标列
icon10055.png,,
icon10056.png,,
icon10057.png,10057 嘟嘟啵啵的双倍祝福,图标列
icon10058.png,10058 彩曜之星,图标列
icon10065.png,10065 活力点,图标列
icon10066.png,10066 卡包刷新卡,图标列
icon10067.png,10067 晶灵宝石,图标列
icon10068.png,10068 晶灵碎片,图标列
icon10069.png,10069 晶能核心,图标列
icon10070.png,10070 普通迷你季经验卡,图标列
icon10071.png,10071 高级迷你季经验卡,图标列
icon10072.png,10072 圣诞礼券,图标列
icon10073.png,10073 锦羽券,图标列
icon10074.png,10074 凰命印,图标列
icon10075.png,10075 宅趣妙妙剪,图标列
icon10076.png,10076 日月之辉,图标列
icon10077.png,10077 祈愿币,图标列
icon100856.png,100856 自定义称号（7天）,图标列
icon1009.png,1009 红色星能线,图标列
icon10093.png,10093 拾光舞券,图标列
icon10094.png,10094 甜心蛋糕,图标列
icon10095.png,10095 樱桃果,图标列
icon10096.png,10096 星愿烛,图标列
icon10097.png,10097 舞会结,图标列
icon10113.png,10113 畅玩通行证,图标列
icon10119.png,10119 蓝图生成器,图标列
icon10120.png,10120 树木生成器,图标列
icon10121.png,10121 河流生成器,图标列
icon10122.png,10122 小布丁,图标列
icon10123.png,10123 手持传送门,图标列
icon10125.png,10125 [水墨]毛笔,图标列
icon10126.png,10126 幸存者留言,图标列
icon10127.png,10127 七彩石,图标列
icon10128.png,10128 迷局碎片,图标列
icon10129.png,10129 手册积分,图标列
icon10130.png,10130 限时晶灵宝石（7天） ; 10131 限时晶灵宝石（14天）; 10133 限时晶灵宝石（30天） ; 10134 限时晶灵宝石（90天） ; 10135 限时晶灵宝石（180天） ,图标列
icon10132.png,10132 迷你孵化剂,图标列
icon101356.png,101356 自定义称号（1天）,图标列
icon10136.png,10136 限时拾梦抽奖券（7天）; 10137 限时拾梦抽奖券（14天）; 10138 限时拾梦抽奖券（30天）; 10139 限时拾梦抽奖券（90天）; 10140 限时拾梦抽奖券（180天）,图标列
icon10141.png,10141 拾梦抽奖券,图标列
icon10142.png,10142 寻梦碎片,图标列
icon10143.png,10143 梦羽券,图标列
icon10144.png,10144 祈愿币,图标列
icon10145.png,10145 镜羽券,图标列
icon10146.png,10146 入局令,图标列
icon10147.png,10147 迷局碎片,图标列
icon1019.png,1019 窝; 1185 嘟嘟鸟窝; 11114 企鹅窝,图标列
icon1020.png,1020 嘟嘟鸟饲料,图标列
icon10201.png,10201 吧唧粉礼盒,图标列
icon10202.png,10202 吧唧紫礼盒,图标列
icon10203.png,10203 吧唧绿礼盒,图标列
icon10204.png,10204 吧唧蓝礼盒,图标列
icon10205.png,10205 吧唧黄礼盒,图标列
icon10206.png,10206 吧唧鸢礼盒,图标列
icon10207.png,10207 1星吧唧包,图标列
icon10208.png,10208 2星吧唧包,图标列
icon10209.png,10209 3星吧唧包,图标列
icon10210.png,10210 4星吧唧包,图标列
icon10211.png,10211 5星吧唧包,图标列
icon1033.png,1033 算法器,图标列
icon1047.png,1047 压缩气罐（空）,图标列
icon1048.png,1048 压缩气罐（氧气）,图标列
icon10500.png,10500 地形编辑器,图标列
icon10501.png,10501 微缩组合装置,图标列
icon1051.png,1051 氧气果; 62403 氧气果,图标列
icon1054.png,1054 信号解析器,icon+ID
icon1060.png,1060 反射镜,icon+ID
icon1063.png,1063 蓝图工作台; 11884 自定义; 201009 蓝图工作台,图标列
icon1064.png,1064 蓝图图纸; 50009 蓝图9; 50010 蓝图10; 50011 蓝图11; 50012 蓝图12; 50013 蓝图13; 50014 蓝图14; 50015 蓝图15; 50016 蓝图16; 50017 蓝图17; 50018 蓝图18; 50019 蓝图19; 50020 蓝图20; 201010 蓝图施工台; 201012 蓝图施工台(自动),图标列
icon1065.png,1065 图纸建造方块,图标列
icon1068.png,1068 篮筐方块,图标列
icon1084.png,1084 驾驶座,icon+ID
icon1092.png,1092 动作序列器,图标列
icon1093.png,1093 推进器001型,图标列
icon1096.png,11868 机械装置,图标列
icon110.png,110 散落的石块,icon+ID
icon11000.png,11000 空手,图标列
icon11001.png,11001 黄铜斧,图标列
icon11002.png,11002 石斧,图标列
icon11003.png,11003 铸铁斧; 11834 斧,图标列
icon11004.png,11004 钛合金斧,图标列
icon11005.png,11005 链锯,图标列
icon11006.png,11006 树枝,图标列
icon1101.png,1101 实验室门,图标列
icon11011.png,11011 黄铜镐,图标列
icon11012.png,11012 石镐; 68203 简易石镐,图标列
icon11013.png,11013 铸铁镐; 11835 镐,图标列
icon11014.png,11014 钛合金镐,图标列
icon11015.png,11015 钻头,图标列
icon11016.png,11016 星瞳钻头,图标列
icon11017.png,11017 铝合金镐,图标列
icon11018.png,11018 钴合金镐,图标列
icon11021.png,11021 黄铜铲,图标列
icon11022.png,11022 石铲; 63001 铲子,图标列
icon11023.png,11023 铸铁铲; 11836 铲,图标列
icon11024.png,11024 钛合金铲,图标列
icon11025.png,11025 钨金铲,图标列
icon11031.png,11031 黄铜耙,图标列
icon11032.png,11032 石耙; 75018 石耙,图标列
icon11033.png,11033 铸铁耙; 11837 耙,图标列
icon11034.png,11034 钛合金耙,图标列
icon11035.png,11035 钨金耙,图标列
icon11048.png,11048 木桶,图标列
icon11049.png,11049 瓶装水; 11051 瓶装水,图标列
icon1105.png,11881 铁块,图标列
icon11050.png,11050 铁桶,图标列
icon11051.png,11051 瓶装水,icon+ID
icon11052.png,11052 岩浆坩埚,图标列
icon11053.png,11053 蜂蜜铁桶,图标列
icon11055.png,11055 点火器,图标列
icon11056.png,11056 钢剪,图标列
icon11058.png,11058 捕鱼网; 63002 捕网,图标列
icon11059.png,11059 拐杖糖镐; 55001 互动道具1,图标列
icon11060.png,11060 棒棒糖斧; 55002 互动道具2,图标列
icon11061.png,11061 大宝剑; 55003 互动道具3,图标列
icon11062.png,11062 大宝铲; 55004 互动道具4,图标列
icon11063.png,11063 仙云棒; 55005 互动道具5,图标列
icon11064.png,11064 坩埚; 55006 互动道具6,图标列
icon11065.png,11065 盛水钛桶; 55007 互动道具7,图标列
icon11066.png,11066 蜂蜜钛桶; 55008 互动道具8,图标列
icon11067.png,11067 红色的羽毛; 55009 互动道具9; 62907 飞羽,图标列
icon11068.png,11068 鸡爪; 55010 互动道具10,图标列
icon11069.png,11069 鸡嘴,图标列
icon11070.png,11070 扳手,图标列
icon11071.png,11071 自定义视角,图标列
icon11072.png,11072 图纸-火箭科技,图标列
icon11073.png,11073 星瞳石,图标列
icon11074.png,11074 紫荧石,图标列
icon11075.png,11075 星启石,图标列
icon11076.png,11076 星辉石,图标列
icon11077.png,11077 岩石碎片,图标列
icon11078.png,11078 冰晶,图标列
icon11079.png,11079 聚合物,图标列
icon11080.png,11080 重力结晶,图标列
icon11081.png,11081 图纸-序列技术; 11082 图纸-缩小技术; 11083 图纸-变异技术; 11084 图纸-氧气提炼器; 11085 图纸-压缩气罐（空）; 11086 图纸-星球培养基; 11087 图纸-星瞳钻头; 11088 图纸-喷射钩爪; 11089 图纸-氧气背包; 11090 图纸-星启石; 11091 图纸-星辉石; 11092 图纸-苍石灰系列; 11093 图纸-苍石灰薄板; 11094 图纸-苍石灰围栏; 11097 图纸-无线装置; 11098 图纸-信号接收器; 11102 图纸-星能振荡器; 11116 流星雨烟花图纸; 11942 隐身披风图纸; 11943 空间残片图纸; 11944 夜光菇笠图纸; 11945 四叶星辉剑图纸; 11999 蘑菇拳套图纸,图标列
icon11095.png,11095 星团云瓶,图标列
icon11096.png,11096 航空燃料,图标列
icon11099.png,11099 燃油,图标列
icon11100.png,11100 手持式编辑器,图标列
icon11101.png,11101 连接器,图标列
icon11103.png,11104 图纸-冰原住宅建筑1; 11105 图纸-冰原住宅建筑2; 11106 图纸-冰原住宅建筑3; 11107 图纸-冰原住宅建筑4; 11108 图纸-冰原住宅建筑5; 11109 图纸-冰原住宅建筑6; 11110 图纸-冰原住宅建筑7; 11111 图纸-木冰屋; 11112 图纸-箭塔; 11113 图纸-冰屋; 202001 蓝图-冰原箭塔1; 202002 蓝图-冰原箭塔2; 202003 蓝图-冰原伐木场; 202004 蓝图-冰原小屋1; 202005 蓝图-冰原小屋2; 202006 蓝图-冰屋; 202007 蓝图-珊瑚岛小屋; 202008 蓝图-搁浅破船; 202009 蓝图-搁浅破船商店; 202010 蓝图-渔村小房子1; 202011 蓝图-渔村小房子2; 202012 蓝图-渔村小房子3; 202013 蓝图-渔村小房子4; 202014 蓝图-渔村小房子5; 202015 蓝图-沙漠房子1; 202016 蓝图-沙漠房子2; 202017 蓝图-沙漠房子3; 202018 蓝图-沙漠房子4; 202019 蓝图-沙漠房子5; 202020 蓝图-沙漠房子6; 202021 蓝图-风车1; 202022 蓝图-风车2; 202023 蓝图-风车3; 202024 蓝图-简易小屋; 202025 蓝图-草原小屋1; 202026 蓝图-草原小屋2; 202027 蓝图-草原小屋3; 202028 蓝图-温馨小屋1; 202029 蓝图-温馨小屋2; 202030 蓝图-温馨小屋3; 202031 蓝图-畜棚; 202032 蓝图-仓库; 202033 蓝图-简易农牧场; 202034 蓝图-中式小屋; 202035 蓝图-带派小院; 202036 蓝图-书中小屋,图标列
icon1111.png,1111 锈铁门,图标列
icon11115.png,11115 提灯,图标列
icon11117.png,11117 星辉水瓶,图标列
icon11200.png,11200 水泥,图标列
icon11201.png,11201 凝能晶,图标列
icon11202.png,11202 黑炭,图标列
icon11203.png,11203 钨棒,图标列
icon11204.png,11204 琥珀,图标列
icon11205.png,11205 星站能源碎片,图标列
icon11206.png,11206 曙光石粉,图标列
icon11207.png,11207 炽炎,icon+ID
icon11208.png,11207 炽炎; 11208 炽炎粒,图标列
icon11209.png,11209 铁棒; 11854 矿物材料,图标列
icon11210.png,11210 硅石,图标列
icon11211.png,11211 火种; 14000 成就测试图标,图标列
icon11213.png,11213 水泥砖; 11863 石砖,图标列
icon11214.png,11214 硫黄砖,图标列
icon11215.png,11215 熔岩号角,图标列
icon11216.png,11216 混乱号角,图标列
icon11217.png,11217 生命结晶,图标列
icon11218.png,11218 岩石结晶,图标列
icon11219.png,11219 混乱结晶,图标列
icon11220.png,11220 宝石结晶,图标列
icon11221.png,11221 龙骨,图标列
icon11222.png,11222 熔岩之心宝石,图标列
icon11223.png,11223 一捆玉米,图标列
icon11224.png,11224 一叠皮革,图标列
icon11225.png,11225 地心传送门碎片,图标列
icon11226.png,11226 植物纤维,图标列
icon11227.png,11227 绳子,图标列
icon11228.png,11228 花冠,图标列
icon11229.png,11229 笋尖串串香,图标列
icon11230.png,11230 尖尖碰碰锤,图标列
icon11231.png,11231 聚物手套,图标列
icon11232.png,11232 陨魔假面,图标列
icon11233.png,11233 远古号角,图标列
icon11302.png,11302 兽骨,图标列
icon11303.png,11303 细羽毛,图标列
icon11304.png,11304 火石,图标列
icon11305.png,11305 石英砂,图标列
icon11306.png,11306 不稳定化合物,图标列
icon11307.png,11307 软皮革,图标列
icon11309.png,11309 软皮革布,图标列
icon11310.png,11310 焦油,图标列
icon11311.png,11311 便便; 75025 动物粪便,图标列
icon11312.png,11312 空心竹竿,图标列
icon11313.png,11313 蜂刺,图标列
icon11314.png,11314 简易木碗,图标列
icon11315.png,11315 地心之眼,图标列
icon11316.png,11316 游戏版本过低,图标列
icon11317.png,11317 游戏版本过低,图标列
icon11318.png,11318 荧光晶体,图标列
icon11319.png,11319 鱼鳃,图标列
icon11320.png,28 小玻璃瓶（方块）; 11320 小玻璃瓶; 11867 玻璃,图标列
icon11321.png,11321 巨鳞羽果汁; 64037 西瓜汁; 64178 普通西瓜汁; 64179 佳品西瓜汁; 64180 极品西瓜汁; 64181 绝味西瓜汁,图标列
icon11322.png,11322 纸张; 75007 纸张,图标列
icon11323.png,11323 木料; 11853 基础材料; 75012 小木棍,图标列
icon11326.png,11326 瓶装果糖浆; 64004 蔗糖,图标列
icon11327.png,11327 福球,图标列
icon11329.png,11329 铜棒,图标列
icon11330.png,11330 钛棒,图标列
icon11331.png,11331 星站能源核心,图标列
icon11332.png,11332 黄铜棍,图标列
icon11333.png,11333 三角门残片,图标列
icon11334.png,11334 智能芯片,图标列
icon11335.png,11335 升级元件A型,图标列
icon1136.png,1136 雪梅屏风; 20139 雪梅屏风-碎片,图标列
icon1137.png,1137 红烛灯; 20140 红烛灯-碎片,图标列
icon1138.png,1138 模型工作台,图标列
icon11400.png,11400 玉米的种子,图标列
icon11401.png,11401 巨布鲁果种子,图标列
icon11402.png,11402 巨鳞羽果种子; 11855 种子,图标列
icon11403.png,11403 红杉果; 62030 红杉果树苗; 62402 红杉果,图标列
icon11404.png,11404 水稻的种子; 62013 水稻种子,图标列
icon11405.png,11405 樱桃树种子,图标列
icon11406.png,11406 落叶松树种子,图标列
icon11407.png,11407 乔木种子,图标列
icon11408.png,11408 珍木种子,图标列
icon11409.png,11409 桃树种子,图标列
icon11410.png,11410 白杨种子,图标列
icon11411.png,11411 核桃木种子,图标列
icon11412.png,11412 红杉树种子,图标列
icon11413.png,11413 楠木种子,图标列
icon1142.png,1142 道具模型工作台,图标列
icon11420.png,11420 仙人掌种子,图标列
icon11421.png,11421 胡杨种子,图标列
icon11422.png,11422 巨大椰叶,图标列
icon11423.png,11423 异化巨大椰叶,图标列
icon11424.png,11424 椰子炮弹,图标列
icon1143.png,1143 编书台,图标列
icon1144.png,1144 书架,图标列
icon1146.png,1146 庆典花灯,图标列
icon1150.png,1150 生物模型方块,图标列
icon11500.png,11500 象牙白颜料瓶; 11551 破坏方块,图标列
icon11501.png,11501 朱砂橙颜料瓶; 11552 放置方块,图标列
icon11502.png,11502 胭脂红颜料瓶; 11553 替换方块,图标列
icon11503.png,11503 天青蓝颜料瓶; 11554 攻击,图标列
icon11504.png,11504 鹅毛黄颜料瓶; 11555 击飞,图标列
icon11505.png,11505 松花绿颜料瓶; 11556 召唤,图标列
icon11506.png,11506 海棠红颜料瓶; 11557 加状态,图标列
icon11507.png,11507 苍石灰颜料瓶; 11558 发射投掷物,图标列
icon11508.png,11508 浅苍灰颜料瓶; 11559 治疗,图标列
icon11509.png,11509 青碧绿颜料瓶; 11560 破坏方块（投掷）,图标列
icon1151.png,1151 自定义模型制作器,图标列
icon11510.png,11510 青莲紫颜料瓶; 11561 替换方块（投掷）,图标列
icon11511.png,11511 缠丝玛瑙; 11562 放置方块（投掷）,图标列
icon11512.png,11512 深栗红颜料瓶; 11563 攻击（投掷）,图标列
icon11513.png,11513 翡翠绿颜料瓶; 11564 击飞（投掷）,图标列
icon11514.png,11514 赫赤红颜料瓶; 11565 召唤（投掷）; 11851 颜料,图标列
icon11515.png,11515 煤乌黑颜料瓶; 11566 加状态（投掷）,图标列
icon11516.png,11516 符能粉尘; 11567 发射投掷物（投掷）,图标列
icon11517.png,11517 赤红符能瓶,图标列
icon11518.png,11518 湛蓝符能瓶,图标列
icon11519.png,11519 耀黄符能瓶,图标列
icon11520.png,11520 碧绿符能瓶,图标列
icon11521.png,11521 幽紫符能瓶,图标列
icon11522.png,11522 无色符能瓶,图标列
icon11527.png,11568 治疗（投掷）,图标列
icon11529.png,11529 变向扳手,图标列
icon11530.png,11530 焊接枪,图标列
icon11531.png,11531 区域焊接枪,图标列
icon11532.png,11532 宝石蓝颜料瓶,图标列
icon11533.png,11533 钛粉,图标列
icon11534.png,11534 草饲料,图标列
icon11535.png,11535 肉饲料,图标列
icon11536.png,11536 落日橙颜料瓶,图标列
icon11537.png,11537 秋叶橙颜料瓶,图标列
icon11538.png,11538 花青紫颜料瓶,图标列
icon11539.png,11539 杨柳绿颜料瓶,图标列
icon11540.png,11540 柠檬黄颜料瓶,图标列
icon11541.png,11541 肉桂橙颜料瓶,图标列
icon11542.png,11542 丁香紫颜料瓶,图标列
icon11543.png,11543 琥珀黄颜料瓶,图标列
icon11544.png,11544 藏青蓝颜料瓶,图标列
icon11545.png,11545 焦糖橙颜料瓶,图标列
icon11546.png,11546 玄黛紫颜料瓶,图标列
icon11547.png,11547 竹青绿颜料瓶,图标列
icon11569.png,11569 杖杆,图标列
icon11570.png,11570 平凡晶核; 11856 特殊材料,图标列
icon11571.png,11571 炽烈晶核,图标列
icon11572.png,11572 雷电晶核,图标列
icon11573.png,11573 淬毒晶核,图标列
icon11574.png,11574 复苏晶核,图标列
icon11575.png,11575 召唤晶核,图标列
icon11576.png,11576 寒霜晶核,图标列
icon11580.png,11580 平凡法杖; 11586 平凡法球; 11669 冰魄法球; 11844 法杖,图标列
icon11581.png,11581 炽烈法杖; 11587 炽烈法球; 11670 极寒域法球,图标列
icon11582.png,11582 雷电法杖; 11588 雷电法球,图标列
icon11583.png,11583 淬毒法杖; 11589 淬毒法球,图标列
icon11584.png,11584 复苏法杖; 11590 复苏法球,图标列
icon11585.png,11585 召唤法杖,图标列
icon1159.png,1159 铰链方块; 20142 铰链方块碎片,图标列
icon11591.png,11591 蛇神之翼,图标列
icon11592.png,11592 回旋镖,图标列
icon11593.png,11593 巫骨,图标列
icon11594.png,11594 蛇神之羽,图标列
icon11595.png,11595 苔藓球,图标列
icon11596.png,11596 星光粉尘,图标列
icon11597.png,11597 雨林之眼,图标列
icon11598.png,11598 草木灰,图标列
icon11599.png,11599 香蕉; 62405 香蕉,图标列
icon1160.png,1160 机械爪; 20143 机械爪碎片,图标列
icon11600.png,11600 星光香蕉,图标列
icon11601.png,11601 雨林之芯碎片,图标列
icon11602.png,11602 豹皮,图标列
icon11603.png,11606 低级防御符文,图标列
icon11604.png,11607 中级防御符文,图标列
icon11605.png,11608 高级防御符文,图标列
icon11606.png,11603 低级攻击符文,图标列
icon11607.png,11604 中级攻击符文,图标列
icon11608.png,11605 高级攻击符文,图标列
icon11609.png,11609 初级符文石,图标列
icon1161.png,1161 液压臂; 20144 液压臂碎片,图标列
icon11610.png,11610 中级符文石,图标列
icon11611.png,11611 高级符文石,图标列
icon11612.png,11612 万能激活石,图标列
icon11613.png,11613 石制创造锤; 11866 创造锤,图标列
icon11614.png,11614 黄铜创造锤,图标列
icon11615.png,11615 铁制创造锤,图标列
icon11616.png,11616 钛金创造锤,图标列
icon11617.png,11617 花洒,图标列
icon11618.png,11621 低级防御符文宝石,图标列
icon11619.png,11622 中级防御符文宝石,图标列
icon11620.png,11623 高级防御符文宝石,图标列
icon11621.png,11618 低级攻击符文宝石,图标列
icon11622.png,11619 中级攻击符文宝石,图标列
icon11623.png,11620 高级攻击符文宝石,图标列
icon11624.png,11624 低级效率符文宝石,图标列
icon11625.png,11625 中级效率符文宝石,图标列
icon11626.png,11626 高级效率符文宝石,图标列
icon11627.png,11627 石料; 11828 常用合成; 75027 石料,图标列
icon11628.png,11628 木制花洒,图标列
icon11629.png,11629 召唤法球,图标列
icon11630.png,11630 剧毒瓶; 11877 投掷物,图标列
icon11631.png,11631 解毒粉包,图标列
icon11632.png,11632 坚硬蝎壳,图标列
icon11633.png,11633 蝎尾,图标列
icon11634.png,11634 毒囊,图标列
icon11635.png,11635 元素核碎片,图标列
icon11636.png,11636 破损的元素核,图标列
icon11637.png,11637 熔化剂,图标列
icon11638.png,11638 音爆罐子,图标列
icon11639.png,11639 防沙披风,图标列
icon1164.png,1164 避震器; 20145 避震器碎片,图标列
icon11640.png,11640 守卫之心,图标列
icon11641.png,11641 海灵变身石,图标列
icon11642.png,11642 潜水面罩,图标列
icon11643.png,11643 潜水服,图标列
icon11644.png,11644 潜水脚蹼,图标列
icon11645.png,11645 高级潜水面罩,图标列
icon11646.png,11646 高级潜水服,图标列
icon11647.png,11647 高级潜水脚蹼,图标列
icon11648.png,11648 闪电核心,图标列
icon11649.png,11649 水压炮; 11651 空气球,图标列
icon11650.png,11650 幸运花冠,图标列
icon11653.png,11653 精准符文石,图标列
icon11654.png,1187 彼岸菠萝; 11654 彼岸菠萝,图标列
icon11655.png,11655 珍珠,图标列
icon11656.png,11656 未用的荧光棒,图标列
icon11657.png,11657 发光的荧光棒,图标列
icon11658.png,11658 耗尽的荧光棒,图标列
icon11659.png,11659 晒干的呆呆鱼,图标列
icon11664.png,11664 星能结晶,图标列
icon11665.png,11665 冰晶喷菇孢子,图标列
icon11666.png,11666 冰晶蕨种子,图标列
icon11667.png,11667 冰魄法杖,图标列
icon11668.png,11668 极寒域法杖,图标列
icon11672.png,11672 冰雾瓶,图标列
icon11675.png,11675 械核残片,图标列
icon11676.png,11676 钢魂密钥,图标列
icon11677.png,11677 铁穹反应堆,图标列
icon11678.png,11678 铭刻稳定剂,图标列
icon11680.png,11680 浆果丛种子,图标列
icon11681.png,11681 西瓜种子,图标列
icon11682.png,11682 番茄种子,图标列
icon11683.png,11683 胡萝卜种子,图标列
icon11684.png,11684 南瓜种子,图标列
icon11685.png,11685 草莓种子,图标列
icon11686.png,11686 莲藕种子,图标列
icon11687.png,11687 沙棘种子,图标列
icon11688.png,11688 葡萄种子,图标列
icon11689.png,11689 玉米种子,图标列
icon1169.png,1169 光照感应器,icon+ID
icon11690.png,11690 青瓜种子,图标列
icon11691.png,11691 番薯种子,图标列
icon11692.png,11692 水稻种子,图标列
icon11693.png,11693 独葵种子,图标列
icon11694.png,11694 萝卜王种子,图标列
icon11695.png,11695 日光番茄种子,图标列
icon11696.png,11696 杂交水稻种子,图标列
icon11697.png,11697 彩虹草莓种子,图标列
icon11698.png,11698 水晶西瓜种子,图标列
icon11699.png,11699 阳光青提种子,图标列
icon11700.png,11700 精致玉米种子,图标列
icon11701.png,11701 冰果种子,图标列
icon11702.png,11702 烈焰瓜种子,图标列
icon11703.png,11703 荧菇菌种,图标列
icon11704.png,11704 巨大荧菇菌种,图标列
icon11705.png,11705 小星影树种子,图标列
icon11706.png,11706 星影树种子,图标列
icon11707.png,11707 星辉花种子,图标列
icon11708.png,11708 星辉三叶草种子,图标列
icon11710.png,11710 星芒麦种子,图标列
icon11711.png,11711 小星影果,图标列
icon11712.png,11712 星影果,图标列
icon11713.png,,
icon11714.png,,
icon11715.png,11715 星辉果,图标列
icon11716.png,,
icon11717.png,11717 晶髓花; 201919 晶髓花簇,图标列
icon11718.png,11718 星芒麦穗,图标列
icon11760.png,11760 铁制花洒,图标列
icon11761.png,11761 钛制花洒,图标列
icon11762.png,11762 初级丰硕肥料,图标列
icon11763.png,11763 中级丰硕肥料,图标列
icon11764.png,11764 高级丰硕肥料,图标列
icon11771.png,11771 铁质法杖,图标列
icon11772.png,11772 钛金法杖,图标列
icon11773.png,11773 钨金法杖,图标列
icon11774.png,11774 蘑菇法棒,图标列
icon11775.png,11775 蘑菇拳套,图标列
icon11776.png,11776 星落法杖,图标列
icon11777.png,11777 四叶星辉剑,图标列
icon11778.png,11778 星尘弓,图标列
icon11780.png,11780 星尘之源,图标列
icon11781.png,11781 故事碎片; 11783 蘑菇村碎语; 11784 四叶草村碎语; 11785 生物碎语,图标列
icon11782.png,11782 空间残片,图标列
icon1180.png,1180 大型储物箱（横）,图标列
icon11801.png,11800 变异卷轴; 11801 火之卷轴,图标列
icon11802.png,11802 混乱卷轴,图标列
icon11803.png,11803 书本,图标列
icon11804.png,11804 用过的信纸,图标列
icon11805.png,11805 空白卷轴,图标列
icon11806.png,11806 信纸; 11876 特殊工具,图标列
icon11807.png,11807 魔力卷轴,图标列
icon11809.png,11809 指令芯片,图标列
icon1181.png,1181 大型储物箱（竖）,图标列
icon11810.png,11810 坐骑的鞍; 12271 坐骑鞍-冲刺; 12273 坐骑鞍-超跳,图标列
icon1182.png,1182 星能振荡器,icon+ID
icon11823.png,11823 一袋砂土; 75014 砂土,图标列
icon11824.png,11824 霜火石,图标列
icon11825.png,11825 灌木丛种子,图标列
icon1183.png,1183 黄砖感压板,图标列
icon1184.png,1184 星能展台,icon+ID
icon1186.png,1186 彼岸花,图标列
icon1188.png,1188 船舵,图标列
icon11885.png,11885 手枪,图标列
icon11886.png,11886 冲锋枪,图标列
icon11887.png,11887 霰弹枪,图标列
icon11888.png,11888 步枪,图标列
icon11889.png,11889 狙击枪,图标列
icon1189.png,1189 螺旋推进器,图标列
icon11890.png,11890 机枪,图标列
icon11891.png,11891 特殊武器,图标列
icon11892.png,11892 子弹,图标列
icon11893.png,11893 头盔,图标列
icon11894.png,11894 胸甲,图标列
icon11895.png,11895 护腿,图标列
icon11896.png,11896 靴子,图标列
icon11897.png,11897 城防,图标列
icon11900.png,11900 二胡,图标列
icon11901.png,11901 庆典月饼,图标列
icon11902.png,11902 花灯碎片,图标列
icon11904.png,11904 庆典花球,图标列
icon11905.png,11905 古筝,图标列
icon11906.png,11906 唢呐,图标列
icon11907.png,11849 乐器; 11907 琵琶,图标列
icon11908.png,11908 笛子,图标列
icon11909.png,11909 鼓,图标列
icon11910.png,11910 乐谱,图标列
icon11911.png,11911 创造晶体,图标列
icon11912.png,11912 破损的帐篷,图标列
icon11913.png,11913 毁坏的帐篷,图标列
icon11914.png,11914 蝙蝠牙,图标列
icon11915.png,11915 珊瑚虫,图标列
icon11916.png,11916 配方-贝壳床; 11917 配方-贝壳沙发; 11918 配方-贝壳桌子; 11919 配方-贝壳椅子; 11920 配方-珊瑚门; 11921 配方-贝壳门; 11922 配方-珊瑚窗; 11923 配方-贝壳窗; 11924 配方-海洋储物柜; 11925 配方-海洋屏风; 11926 配方-贝壳楼梯; 11927 配方-海洋衣柜; 11928 配方-海洋落地灯; 11929 配方-海洋吊灯; 11930 配方-贝壳台灯; 11931 配方-海洋大花盆; 11932 配方-珊瑚围栏; 11933 配方-珊瑚围栏门; 11934 配方-贝壳围栏; 11935 配方-贝壳围栏门; 11936 配方-贝壳风铃; 11941 配方-贝壳双人沙发; 550018 图纸-铁制花洒; 550019 图纸-钛制花洒; 550020 图纸-初级丰硕肥料; 550021 图纸-中级丰硕肥料; 550022 图纸-粗制洒水器; 550023 图纸-标准洒水器; 550024 图纸-加强洒水器; 550025 图纸-餐盘; 550026 图纸-高脚餐盘; 550027 图纸-囤积桶; 550028 图纸-囤积箱; 550044 图纸-蓝白坐垫; 550045 图纸-田园单人床; 550046 图纸-田园衣柜; 550047 图纸-田园木箱; 550048 图纸-黄色方桌; 550049 图纸-蓝色方桌; 550050 图纸-绿色方桌; 550051 图纸-白色花盆; 550052 图纸-蓝色花盆; 550053 图纸-红色花盆; 550054 图纸-田园壁灯; 550055 图纸-白布窗帘; 550056 图纸-田园壁炉; 550057 图纸-田园地毯; 550060 图纸-四格土砖; 550061 图纸-棱纹土砖; 550062 图纸-花横纹土砖; 550063 图纸-花横纹土砖楼梯; 550064 图纸-花横纹土砖薄板; 550065 图纸-竖纹土砖; 550066 图纸-竖纹土砖竖薄板; 550067 图纸-四格黄砖; 550068 图纸-多格黄砖; 550069 图纸-花横纹黄砖; 550070 图纸-花横纹黄砖楼梯; 550071 图纸-花横纹黄砖薄板; 550072 图纸-竖纹黄砖; 550073 图纸-竖纹黄砖竖薄板; 550074 图纸-四格砂土砖; 550075 图纸-多格砂土砖; 550076 图纸-多格砂土砖楼梯; 550077 图纸-多格砂土砖竖薄板; 550078 图纸-多格砂土砖薄板; 550080 图纸-精制多格石砖; 550081 图纸-精制扇纹多格石砖; 550082 图纸-精制花横纹石砖; 550083 图纸-精制花横纹石楼梯; 550084 图纸-精制花横纹石薄板; 550085 图纸-精制竖纹石砖; 550086 图纸-精制竖纹石竖薄板; 550087 图纸-天青蓝水蘑石块; 550088 图纸-天青蓝水蘑石薄板; 550089 图纸-天青蓝水蘑石竖薄板; 550090 图纸-天青蓝水蘑石楼梯; 550091 图纸-天青蓝水蘑石斜板; 550092 图纸-天青蓝水蘑石薄斜板; 550093 图纸-天青蓝水蘑石竖薄斜板; 550094 图纸-天青蓝水蘑石弧板; 550095 图纸-天青蓝水蘑石薄弧板; 550096 图纸-天青蓝水蘑石竖薄弧板; 550097 图纸-天青蓝水蘑石三棱柱; 550098 图纸-天青蓝水蘑石棱锥,图标列
icon11937.png,11937 配方-角珊瑚鱼竿; 11938 配方-气泡珊瑚鱼竿; 11939 配方-圆盘珊瑚鱼竿; 11940 配方-树珊瑚鱼竿,图标列
icon1194.png,1194 彼岸种子,图标列
icon1195.png,1195 贝壳双人沙发,图标列
icon11957.png,11957 武器库; 11960 武器库,图标列
icon11958.png,11958 果汁,图标列
icon11959.png,11959 食物,图标列
icon11995.png,11995 区域复制器,图标列
icon11996.png,11996 迷拉币,图标列
icon11997.png,11997 一袋迷拉币,图标列
icon1200.png,1200 篝火,图标列
icon12001.png,12001 木棒,图标列
icon12002.png,12002 石矛; 15070 投射物-远程守卫,图标列
icon12003.png,11838 剑; 12003 短剑,图标列
icon12004.png,11839 矛; 12004 黄铜矛,图标列
icon12005.png,12005 能量剑,图标列
icon12006.png,12006 喷射钩爪,图标列
icon12008.png,12008 喷射塞子,图标列
icon12009.png,12009 收割者,图标列
icon1201.png,1201 石碑,图标列
icon12010.png,11840 锤; 12010 钛金战锤,图标列
icon12011.png,12011 全息投影装置,图标列
icon12012.png,11827 战斗; 12012 石剑,图标列
icon12013.png,12013 能量矛,图标列
icon12014.png,12014 蘑晶柱,图标列
icon12015.png,12015 酸液泡,图标列
icon12016.png,12016 荧羽,图标列
icon12018.png,12018 空中划过的流星; 12020 璀璨流星,图标列
icon12019.png,12019 蚀化遗物,图标列
icon1202.png,1202 部落图腾; 11864 图腾,图标列
icon12021.png,12021 猫猫鱼竿,图标列
icon1203.png,1203 农夫旗帜; 11865 旗帜,图标列
icon1204.png,1204 樵夫旗帜,图标列
icon1205.png,1205 守卫旗帜,图标列
icon12050.png,11843 弓箭; 12050 铸铁弓; 15071 投射物-远程守卫,图标列
icon12051.png,12051 石箭,图标列
icon12052.png,12052 嘟嘟鸟蛋,图标列
icon12053.png,12053 企鹅蛋,图标列
icon12054.png,12054 小沙包; 12055 小沙包,图标列
icon12056.png,12056 龙骨弓,图标列
icon12057.png,12057 圣诞小雪球; 12068 雪球-投掷物,图标列
icon12058.png,12058 红色福袋,图标列
icon12059.png,12059 汤圆,图标列
icon12060.png,12060 紫色福袋,图标列
icon12061.png,12061 鲨鱼弓,图标列
icon12062.png,12062 海洋箭,图标列
icon12063.png,12063 魔鬼鱼叉,图标列
icon12064.png,12064 飞鱼鳍,图标列
icon12065.png,12065 鲨鱼牙,图标列
icon12066.png,12066 鲨鱼皮,图标列
icon12067.png,12067 魔鬼鱼尾刺,图标列
icon12200.png,12200 滑伞菇伞,图标列
icon12201.png,12201 皮头盔,图标列
icon12202.png,12202 皮胸甲,图标列
icon12203.png,12203 皮护腿,图标列
icon12204.png,12204 皮靴子,图标列
icon12205.png,11842 背部; 12205 皮披风; 12254 迷你披风; 12255 4399披风; 12256 阿里游戏披风; 12257 华为披风; 12258 百度披风; 12259 魅族披风; 12260 小米披风; 12261 oppo披风; 12262 360披风; 12263 腾讯披风; 12264 酷狗披风; 12265 金立披风; 12266 vivo披风; 12267 乐视披风; 12268 庆典披风; 12269 祥瑞披风,图标列
icon12206.png,12206 炽炎披风; 12235 炽炎披风; 12270 新春披风,图标列
icon12207.png,12207 钨金披风; 12225 精铝披风,图标列
icon12208.png,12208 云母披风; 12215 云母披风,图标列
icon12209.png,12209 精铝披风; 12245 钻披风,图标列
icon12210.png,12210 熔岩披风,图标列
icon12211.png,12211 链甲头盔,图标列
icon12212.png,12212 链甲胸甲,图标列
icon12213.png,12213 链甲护腿,图标列
icon12214.png,12214 链甲靴子,图标列
icon12216.png,12216 黄铜头盔,图标列
icon12217.png,12217 黄铜胸甲,图标列
icon12218.png,12218 黄铜护腿,图标列
icon12219.png,12219 黄铜靴子,图标列
icon12221.png,11830 头盔; 12221 铸铁头盔,图标列
icon12222.png,11831 胸甲; 12222 铸铁胸甲,图标列
icon12223.png,11832 护腿; 12223 铸铁护腿,图标列
icon12224.png,11833 靴子; 12224 铸铁靴子,图标列
icon12226.png,12226 中式头盔,icon+ID
icon12227.png,12227 中式胸甲,icon+ID
icon12228.png,12228 中式护腿,icon+ID
icon12229.png,12229 中式靴子,icon+ID
icon1223.png,1223 贝壳床,图标列
icon12230.png,12230 佩刀,icon+ID
icon12231.png,12231 钛金头盔,图标列
icon12232.png,12232 钛金胸甲,图标列
icon12233.png,12233 钛金护腿,图标列
icon12234.png,12234 钛金靴子,图标列
icon12239.png,12239 喷漆罐,图标列
icon1224.png,1224 贝壳沙发,图标列
icon12240.png,12240 小彩蛋,图标列
icon12241.png,12241 钨金头盔,图标列
icon12242.png,12242 钨金胸甲,图标列
icon12243.png,12243 钨金护腿,图标列
icon12244.png,12244 钨金靴子,图标列
icon12246.png,12246 野人面具,图标列
icon12247.png,12247 彩弹枪,图标列
icon12248.png,12248 彩蛋; 15522 长方体; 15523 胶囊体（竖）; 15524 球体; 15525 中心长方体; 15526 胶囊体（横）; 15527 胶囊体（直）; 15531 车身方块; 15532 车轮; 15533 转向轴承; 15534 引擎; 15535 驾驶座; 15536 右前车轮; 15537 左后车轮; 15538 右后车轮,图标列
icon12249.png,12249 彩弹枪子弹,图标列
icon1225.png,1225 贝壳桌子,图标列
icon12250.png,12250 铁制坐骑铠甲,图标列
icon12251.png,12251 金坐骑铠甲; 12272 坐骑项圈-踏水; 12274 坐骑项圈-滑翔,图标列
icon12252.png,12252 钻坐骑铠甲,图标列
icon12253.png,12253 火箭背包; 20094 火箭背包-碎片,图标列
icon1226.png,1226 贝壳椅子,图标列
icon1227.png,1227 珊瑚门,图标列
icon12275.png,11852 制氧装置; 12275 氧气背包,图标列
icon12276.png,12276 氧气面罩,图标列
icon12277.png,12277 防火背包,图标列
icon12278.png,12278 雀莺羽毛,图标列
icon12279.png,12279 防寒披风,图标列
icon1228.png,1228 贝壳门,图标列
icon12280.png,12280 大爆竹; 20062 大爆竹-碎片,图标列
icon12281.png,12281 弹弓; 20063 弹弓-碎片,图标列
icon12282.png,12282 石子; 15069 投射物-远程守卫,图标列
icon12283.png,12283 弩; 20064 弩-碎片,图标列
icon12284.png,12284 火箭筒; 20065 火箭筒-碎片,图标列
icon12285.png,12285 火箭弹; 12299 无畏导弹; 12308 帝皇炮,图标列
icon12286.png,12286 金色福袋,图标列
icon12287.png,12287 泡泡球,图标列
icon12288.png,12288 吹箭筒,图标列
icon12289.png,12289 蜂刺飞镖,图标列
icon1229.png,1229 珊瑚窗,图标列
icon12290.png,12290 荧光球,图标列
icon12291.png,12291 脉冲弓; 20135 脉冲弓-碎片,图标列
icon12292.png,12292 脉冲箭,图标列
icon12293.png,12293 重力手套,图标列
icon12294.png,12294 冲击枪,图标列
icon12295.png,12295 钢珠,图标列
icon12296.png,12296 桌球,图标列
icon12297.png,12297 排球,图标列
icon12298.png,12298 木箱子,图标列
icon1230.png,1230 贝壳窗,图标列
icon12301.png,12301 弦月魔法棒,图标列
icon12302.png,12302 星翼魔法棒（蓝）,图标列
icon12303.png,12303 星翼魔法棒（红）,图标列
icon12304.png,12304 魔仙剑,图标列
icon12305.png,12305 公主魔法绘本,图标列
icon12306.png,12306 魔法调色盘（红）,图标列
icon12307.png,12307 魔法调色盘（黄）,图标列
icon12309.png,12309 蝎壳盾,图标列
icon1231.png,1231 海洋储物柜,图标列
icon12310.png,12310 蝎刺盾,图标列
icon12311.png,12311 沙之咆哮,图标列
icon12312.png,12312 防寒头盔,图标列
icon12313.png,12313 防寒胸甲,图标列
icon12314.png,12314 防寒护腿,图标列
icon12315.png,12315 防寒靴,图标列
icon12316.png,12316 冻结棒,图标列
icon12317.png,12317 木盾,图标列
icon12318.png,12318 黄铜盾,图标列
icon12319.png,11841 盾; 12319 钛金盾,图标列
icon1232.png,1232 海洋屏风,图标列
icon12320.png,12320 符文帽,图标列
icon12321.png,12321 符文服,图标列
icon12322.png,12322 符文裤,图标列
icon12323.png,12323 符文鞋,图标列
icon12324.png,12324 符文披风,图标列
icon12325.png,12325 隐身披风,图标列
icon12326.png,12326 夜光菇笠,图标列
icon12327.png,12327 国王皇冠,图标列
icon1233.png,1233 贝壳楼梯,图标列
icon1234.png,1234 海洋衣柜; 11880 衣柜,图标列
icon1235.png,1235 海洋落地灯,图标列
icon1236.png,1236 海洋吊灯,图标列
icon1237.png,1237 贝壳台灯,图标列
icon1238.png,1238 海洋大花盆,图标列
icon1239.png,1239 珊瑚围栏,图标列
icon1240.png,1240 珊瑚围栏门,图标列
icon1241.png,1241 贝壳围栏,图标列
icon1242.png,1242 贝壳围栏门,图标列
icon1243.png,1243 贝壳风铃,图标列
icon12494.png,12494 烤番薯,图标列
icon12495.png,12495 烤玉米,图标列
icon12496.png,12496 海鲜,图标列
icon12497.png,12497 烤糊的肉,图标列
icon12498.png,12498 夜视孢子,图标列
icon12499.png,12499 疾跑烤嘟嘟鸟,图标列
icon12500.png,12500 樱桃,图标列
icon12501.png,12501 水果拼盘,图标列
icon12502.png,12502 面条; 64058 普通小麦面包; 64059 佳品小麦面包; 64060 极品小麦面包; 64061 绝味小麦面包,图标列
icon12503.png,12503 松果,图标列
icon12504.png,12504 蜂巢碎片,图标列
icon12505.png,12505 凉拌青瓜; 64009 凉拌萝卜; 64066 普通凉拌萝卜; 64067 佳品凉拌萝卜; 64068 极品凉拌萝卜; 64069 绝味凉拌萝卜,图标列
icon12506.png,12506 水果,图标列
icon12507.png,12507 玉米点心; 64021 饼干; 64114 普通饼干; 64115 佳品饼干; 64116 极品饼干; 64117 绝味饼干,图标列
icon12508.png,12508 巨鳞羽果片,图标列
icon12509.png,12509 瓶装鲜奶; 62908 生牛奶,图标列
icon12510.png,12510 嘟嘟鸟炖土笋,图标列
icon12511.png,12511 瓶装蜂蜜; 64005 蜂蜜,图标列
icon12512.png,12512 番薯泥,图标列
icon12513.png,12513 兽肉,图标列
icon12514.png,12514 烤肉,图标列
icon12515.png,12515 巨布鲁果条; 64023 南瓜饼; 64122 普通南瓜饼; 64123 佳品南瓜饼; 64124 极品南瓜饼; 64125 绝味南瓜饼,图标列
icon12516.png,12516 沃沃兽肉; 62902 生牛排,图标列
icon12517.png,12517 烤沃沃兽肉; 64011 烤牛排; 64074 普通烤牛排; 64075 佳品烤牛排; 64076 极品烤牛排; 64077 绝味烤牛排,图标列
icon12518.png,12518 嘟嘟鸟肉; 62901 生鸡肉,图标列
icon12519.png,12519 烤嘟嘟鸟肉; 64010 烤鸡肉; 64070 普通烤鸡肉; 64071 佳品烤鸡肉; 64072 极品烤鸡肉; 64073 绝味烤鸡肉,图标列
icon12520.png,12520 鲜呆呆鱼,图标列
icon12521.png,12521 烤呆呆鱼,图标列
icon12522.png,12522 墩墩肉; 62904 生墩墩肉,图标列
icon12523.png,12523 烤墩墩肉; 64013 烤墩墩肉; 64082 普通烤墩墩肉; 64083 佳品烤墩墩肉; 64084 极品烤墩墩肉; 64085 绝味烤墩墩肉,图标列
icon12524.png,12524 三文鱼,图标列
icon12525.png,12525 烤三文鱼,图标列
icon12526.png,12526 奇怪的肘子,图标列
icon12527.png,12527 蟹腿,图标列
icon12528.png,12528 一碗生米饭; 64002 稻米,图标列
icon12529.png,12529 一碗熟米饭; 64006 米饭; 64054 普通米饭; 64055 佳品米饭; 64056 极品米饭; 64057 绝味米饭,图标列
icon12530.png,12530 角鹿肉; 62903 生羊腿,图标列
icon12531.png,12531 烤角鹿肉; 64012 烤羊腿; 64078 普通烤羊腿; 64079 佳品烤羊腿; 64080 极品烤羊腿; 64081 绝味烤羊腿,图标列
icon12532.png,12532 兔肉,图标列
icon12533.png,12533 烤兔肉,图标列
icon12534.png,12534 香煎兔肉,图标列
icon12535.png,12535 牦牛肉,图标列
icon12536.png,12536 烤牦牛肉,图标列
icon12537.png,12537 牦牛肉干,图标列
icon12538.png,12538 水果冰沙,图标列
icon12539.png,12539 冰蕨奶冻,图标列
icon12540.png,12540 煎蛋面条,图标列
icon12541.png,12541 烤薯条; 64022 薯条; 64118 普通薯条; 64119 佳品薯条; 64120 极品薯条; 64121 绝味薯条,图标列
icon12542.png,12542 蔬菜煲; 64014 蔬菜汤; 64086 普通蔬菜汤; 64087 佳品蔬菜汤; 64088 极品蔬菜汤; 64089 绝味蔬菜汤,图标列
icon12543.png,12543 烤嘟嘟鸟全家桶,图标列
icon12544.png,12544 烤肉面条,图标列
icon12545.png,12545 角鹿肉煲; 550032 小份烤肉煲; 550033 中份烤肉煲; 550034 大份烤肉煲,图标列
icon12546.png,12546 火腿; 64016 烟熏火腿; 64094 普通烟熏火腿; 64095 佳品烟熏火腿; 64096 极品烟熏火腿; 64097 绝味烟熏火腿,图标列
icon12547.png,12547 异味火腿,图标列
icon12548.png,12548 ‘蟹棒’火腿,图标列
icon12549.png,12549 浓缩奶糖; 64020 牛奶糖; 64110 普通牛奶糖; 64111 佳品牛奶糖; 64112 极品牛奶糖; 64113 绝味牛奶糖,图标列
icon12550.png,12550 香溢煎蛋面条,图标列
icon12551.png,12551 香溢薯条,图标列
icon12552.png,12552 香溢巨布鲁果派,图标列
icon12553.png,12553 香溢玉米点心,图标列
icon12554.png,12554 香溢蔬菜煲,图标列
icon12555.png,12555 香溢青瓜,图标列
icon12556.png,12556 香溢巨鳞羽果汁,图标列
icon12557.png,12557 香溢水果拼盘; 64024 水果拼盘; 64126 普通水果拼盘; 64127 佳品水果拼盘; 64128 极品水果拼盘; 64129 绝味水果拼盘,图标列
icon12558.png,12558 香溢烤嘟嘟鸟,图标列
icon12559.png,12559 香溢烤肉面条,图标列
icon12560.png,12560 香溢角鹿煲,图标列
icon12561.png,12561 香溢火腿,图标列
icon12562.png,12562 香溢异味腿,图标列
icon12563.png,12563 香溢‘蟹棒’腿,图标列
icon12564.png,12564 元旦饺子; 200223 饺子,图标列
icon12565.png,12565 怪味的糖果,图标列
icon12566.png,12566 坏掉的饺子,图标列
icon12567.png,12567 新春饺子,图标列
icon12568.png,12568 年糕; 64029 年糕; 64146 普通年糕; 64147 佳品年糕; 64148 极品年糕; 64149 绝味年糕,图标列
icon12569.png,12569 黑馅元宵; 64030 汤圆; 64150 普通汤圆; 64151 佳品汤圆; 64152 极品汤圆; 64153 绝味汤圆; 200224 汤圆,图标列
icon12570.png,12570 紫馅元宵,图标列
icon12571.png,12571 黄馅元宵,图标列
icon12572.png,12572 樱桃汁,图标列
icon12573.png,12573 气泡果汁; 64044 气泡果汁; 64206 普通气泡果汁; 64207 佳品气泡果汁; 64208 极品气泡果汁; 64209 绝味气泡果汁,图标列
icon12574.png,12574 恶魔果汁; 64045 恶魔果汁; 64210 普通恶魔果汁; 64211 佳品恶魔果汁; 64212 极品恶魔果汁; 64213 绝味恶魔果汁,图标列
icon12575.png,12575 粽子; 64008 粽子; 64062 普通粽子; 64063 佳品粽子; 64064 极品粽子; 64065 绝味粽子,图标列
icon12576.png,12576 泡泡糖,图标列
icon12577.png,12577 青瓜大餐,图标列
icon12578.png,12578 沃沃兽角,图标列
icon12579.png,12579 号角,图标列
icon12580.png,12580 灵狐口哨,图标列
icon12581.png,12581 蟹棒,图标列
icon12582.png,12582 氧气豆; 62031 氧气果树苗,图标列
icon12583.png,12583 氧气果,图标列
icon12584.png,12584 星光孢子,图标列
icon12585.png,12585 变异土笋,图标列
icon12586.png,12586 变异小红菇,图标列
icon12587.png,12587 变蛋枪,图标列
icon12588.png,12588 变蛋枪子弹; 15530 物理清除弹,图标列
icon12589.png,12589 荧光弹弓; 20131 荧光弹弓-碎片,图标列
icon12590.png,12590 荧光弹,图标列
icon12591.png,12591 荧光球,图标列
icon12593.png,12593 萌眼星贝壳,图标列
icon12594.png,11845 恢复品; 12594 急救包,图标列
icon12595.png,12595 野人纪念品,图标列
icon12596.png,12596 猎手纪念品,图标列
icon12597.png,12597 萌宝纪念品,图标列
icon12598.png,12598 游戏版本过低,图标列
icon12599.png,12599 巫术棒锤,图标列
icon12602.png,12602 红杉果,图标列
icon12603.png,12603 核桃,图标列
icon12604.png,12604 白杨果,图标列
icon12605.png,12605 焱焱蟹壳,图标列
icon12606.png,12606 止血药剂,图标列
icon12607.png,12607 生鸵鸟腿,图标列
icon12608.png,12608 烤鸵鸟腿,图标列
icon12609.png,12609 煎鸵鸟蛋,图标列
icon12610.png,12610 胡杨花,图标列
icon12611.png,12611 胡杨泪,图标列
icon12612.png,12612 仙人掌花,图标列
icon12613.png,12613 仙人掌果实,图标列
icon12614.png,12614 锰结核,图标列
icon12615.png,12615 生海带,图标列
icon12616.png,12616 藏宝图玻璃瓶,图标列
icon12617.png,12617 藏宝图; 12627 地形地图,图标列
icon12618.png,12618 锯齿蕨的刺茎,图标列
icon12619.png,12619 刺球,图标列
icon12621.png,12621 蔬菜,图标列
icon12622.png,12622 牦牛角,图标列
icon12623.png,12623 雪兔皮草,图标列
icon12624.png,12624 冰原村民纪念品,图标列
icon12626.png,12626 绷带,图标列
icon12628.png,12628 草原村民纪念品,图标列
icon12629.png,12629 沙漠村民纪念品,图标列
icon12630.png,12630 渔村村民纪念品,图标列
icon12631.png,12631 流星雨烟花,图标列
icon12703.png,12703 鲜丑丑鱼,图标列
icon12704.png,12704 鲜奇奇鱼,图标列
icon12705.png,12705 烤丑丑鱼,图标列
icon12706.png,12706 烤奇奇鱼,图标列
icon12707.png,12707 晒干的丑丑鱼,图标列
icon12708.png,12708 晒干的奇奇鱼,图标列
icon12709.png,12709 钥匙,图标列
icon12710.png,12710 冰灵精粹,图标列
icon12711.png,12711 战斗号角,图标列
icon12715.png,12715 红藻力量药剂,图标列
icon12716.png,12716 深海呼吸药剂,图标列
icon12717.png,12717 海鸥羽毛,图标列
icon12718.png,12718 变色腺体,图标列
icon12719.png,11663 水母闪电特效; 12719 水母核心,图标列
icon12720.png,26 漂流瓶; 12720 漂流瓶,图标列
icon12721.png,11882 鱼竿; 12721 普通鱼竿,图标列
icon12722.png,12722 角珊瑚鱼竿,图标列
icon12723.png,12723 气泡珊瑚鱼竿,图标列
icon12724.png,12724 圆盘珊瑚鱼竿,图标列
icon12725.png,12725 树珊瑚鱼竿,图标列
icon12732.png,12732 花类,图标列
icon12733.png,12733 拍立得,图标列
icon12736.png,12736 绽放拍立得,图标列
icon12738.png,12738 背包,图标列
icon12739.png,12739 激光笔,图标列
icon12740.png,12740 飞盘,图标列
icon12741.png,12741 生鸡肉,图标列
icon12742.png,12742 烤鸡,图标列
icon12743.png,12743 鸡蛋,图标列
icon12744.png,12744 荷包蛋,图标列
icon12745.png,12745 鸡蛋(可孵化),图标列
icon12746.png,12746 生猪肉,图标列
icon12747.png,12747 烤猪肉,图标列
icon12750.png,12750 开心烟花,图标列
icon12751.png,12751 好运烟花,图标列
icon12752.png,12752 活力烟花,图标列
icon12753.png,12753 生日烟花,图标列
icon12754.png,12754 幸运烟花,图标列
icon12755.png,12755 石墨,图标列
icon12756.png,12756 陶瓷,图标列
icon12758.png,12758 铝棒,图标列
icon12759.png,12759 钴棒,图标列
icon12760.png,12760 锂棒,图标列
icon12761.png,12761 铝合金剑,图标列
icon12762.png,12762 钴短剑,图标列
icon12764.png,12764 铝合金头盔,图标列
icon12765.png,12765 铝合金胸甲,图标列
icon12766.png,12766 铝合金护腿,图标列
icon12767.png,12767 铝合金靴子,图标列
icon12768.png,12768 钴合金头盔,图标列
icon12769.png,12769 钴合金胸甲,图标列
icon12770.png,12770 钴合金护腿,图标列
icon12771.png,12771 钴合金靴子,图标列
icon12781.png,12781 彩带烟花,图标列
icon12820.png,12820 篮球衣,图标列
icon12821.png,11850 运动品; 12821 足球服,图标列
icon12822.png,12822 冲天炮,图标列
icon12823.png,12823 十字大炸弹,图标列
icon12824.png,12824 十字小炸弹,图标列
icon12825.png,12825 单向大炸弹,图标列
icon12826.png,12826 单向小炸弹,图标列
icon12827.png,12827 空气气球,图标列
icon12828.png,12828 彩色气球,图标列
icon12829.png,12829 手持烟花; 15512 萌眼星BOSS-岩石海啸; 15513 萌眼星BOSS-蓝色手臂技能; 15514 萌眼星BOSS-白色手臂技能; 15515 萌眼星BOSS精英怪-蓝色投掷; 15516 萌眼星BOSS精英怪-白色投掷; 15517 萌眼星BOSS精英怪-蓝色技能; 15518 萌眼星BOSS精英怪-白色技能,图标列
icon12830.png,12830 孔明灯; 20095 孔明灯-碎片,图标列
icon12836.png,12836 红色新年烟花,图标列
icon12837.png,12837 紫色新年烟花,图标列
icon12838.png,12838 绿色新年烟花,图标列
icon12851.png,12851 欢乐礼包,图标列
icon12852.png,12852 春节红包,图标列
icon12856.png,12856 改名卡,图标列
icon12857.png,12857 星星福袋,图标列
icon12858.png,12858 回归礼包,图标列
icon12859.png,12859 生日蛋糕,图标列
icon12861.png,12861 房间卡,图标列
icon12862.png,12862 自定义头像卡,图标列
icon12901.png,12831 小星星烟花,图标列
icon12902.png,12832 大星星烟花,图标列
icon12903.png,12833 晴雨烟花,图标列
icon12904.png,12834 昼夜烟花,图标列
icon12905.png,12835 禁怪烟花,图标列
icon12915.png,12853 微信专属礼包; 12854 微信专属官版礼包; 12855 惊喜礼包; 12915 国庆独家礼盒; 12916 国庆特权礼盒; 12917 国庆新手礼盒; 12918 国庆大礼盒; 12919 国庆礼盒; 12920 勇敢的少年礼盒; 12921 刻苦的少年礼盒; 12922 荣耀的少年礼盒; 12923 世界捍卫者礼盒; 12924 积极屠龙者礼盒; 12925 世界建筑师礼盒; 12926 画龙点睛礼盒; 12927 顶级建筑师礼盒; 12930 双旦礼盒,图标列
icon12931.png,12931 小福乐,图标列
icon12932.png,12932 投票券,图标列
icon12933.png,12933 音符,图标列
icon12934.png,12934 红包,图标列
icon12935.png,12935 希望之火,图标列
icon12936.png,12936 星愿,图标列
icon12937.png,12937 面粉,图标列
icon12938.png,12938 嘟嘟蛋,图标列
icon12939.png,12939 牛奶,图标列
icon12940.png,12948 原始人礼包; 12949 迷你大礼包,图标列
icon12941.png,12839 节日福袋; 12840 新春礼包; 12841 春节礼包; 12842 元旦大礼包; 12843 万圣节狂欢礼包; 12844 万圣节欢乐礼包; 12845 暑假大礼包; 12846 暑假大礼包; 12847 迷你大礼包; 12848 迷你大礼包; 12849 开学大礼包; 12850 新春礼包; 12900 新春礼包1; 12901 新春礼包2; 12902 新春礼包3; 12903 新春礼包; 12904 新春礼包; 12905 新春礼包; 12906 新春礼包; 12907 新春礼包; 12908 新春礼包; 12909 新春礼包; 12910 新春礼包; 12911 新春礼包; 12912 新春礼包; 12913 新春礼包; 12914 新春礼包; 12928 一袋迷你豆; 12929 圣诞豪华礼包; 12966 迷你阳光礼包; 12967 迷你粉丝礼包; 12968 新游预约豪华礼包; 12969 圣诞大礼包; 12970 圣诞礼包; 12971 微信公众号专属礼包; 12972 玩家粉丝贡献成就礼包Lv1; 12973 玩家粉丝贡献成就礼包Lv2; 12974 玩家粉丝贡献成就礼包Lv3; 12975 玩家粉丝贡献成就礼包Lv4; 12976 IOS限免大礼包; 12977 新春礼包; 12978 新春大礼包; 12979 新春豪华礼包; 12980 新春迷你豆; 12982 元宵礼包; 12983 新年礼包; 12984 新年大礼包; 12985 新年豪华礼包; 12986 爱心礼包; 12987 爱心大礼包,图标列
icon12942.png,12942 砂糖,图标列
icon12943.png,12943 迷方碎片,图标列
icon12944.png,12944 兑换券,图标列
icon12945.png,12945 粽子,图标列
icon12948.png,12940 奶油,图标列
icon12949.png,12963 星星礼盒,图标列
icon12950.png,12950 原始护腕,图标列
icon12951.png,12951 骨头发簪,图标列
icon12952.png,12952 骨头项链,图标列
icon12953.png,12953 羽毛头饰,图标列
icon12954.png,12954 熊牌炸弹,图标列
icon12955.png,12955 贝雷帽,图标列
icon12956.png,12956 热辣唇印,图标列
icon12957.png,12957 蝴蝶结,图标列
icon12958.png,12958 护目镜,图标列
icon12959.png,12959 探险家帽,图标列
icon12960.png,12960 装扮卡片,图标列
icon12961.png,12961 装扮礼封; 49132 暑期外观福利礼包,图标列
icon12962.png,12962 蛋蛋福袋,图标列
icon12964.png,12964 传送卷轴,图标列
icon12965.png,12965 一叠传送卷轴,图标列
icon12988.png,12988 装扮体验礼包,图标列
icon13011.png,13011 沙漠商人,图标列
icon13012.png,13012 冰原商人,图标列
icon13013.png,13013 圣蛋,图标列
icon13014.png,13014 元蛋,图标列
icon13015.png,13015 财神蛋,图标列
icon13016.png,13016 周年蛋,图标列
icon13017.png,13017 六一蛋,图标列
icon13018.png,13018 宇宙商人,图标列
icon13019.png,13019 空岛商人,图标列
icon13095.png,13095 卡卡,图标列
icon13096.png,13096 妮妮,图标列
icon13097.png,13097 大山,图标列
icon13098.png,13098 斯科特·李,图标列
icon13099.png,13099 达尔文·李,图标列
icon13103.png,13103 萌眼咻咻,图标列
icon13110.png,13110 萌眼叮叮,图标列
icon13111.png,13111 萌眼咚咚; 62106 驯化萌眼咚咚,图标列
icon13112.png,13112 萌眼当当,图标列
icon13120.png,13122 恶霸屠夫（驯服）,图标列
icon13121.png,13121 稻草人,图标列
icon13123.png,13123 出气外星人,图标列
icon13135.png,13135 寒霜野人祭司,图标列
icon13198.png,13198 虚空佣兵,图标列
icon13199.png,13199 虚空博士,图标列
icon13204.png,13204 沙漠年轻男村民,图标列
icon13205.png,13205 沙漠中年男村民,图标列
icon13206.png,13206 沙漠年轻女村民,图标列
icon13207.png,13207 沙漠中年女村民,图标列
icon13208.png,13208 沙漠小男孩村民,图标列
icon13209.png,13209 沙漠小女孩村民,图标列
icon13210.png,13210 沙漠普通商人甲,图标列
icon13211.png,13211 沙漠普通商人乙,图标列
icon13212.png,13212 沙漠特殊商人,图标列
icon13213.png,13213 沙漠守卫,图标列
icon13214.png,13214 渔村男村民甲,图标列
icon13215.png,13215 渔村男村民乙,图标列
icon13216.png,13216 渔村女村民甲,图标列
icon13217.png,13217 渔村女村民乙,图标列
icon13218.png,13218 渔村男孩村民,图标列
icon13219.png,13219 渔村女孩村民,图标列
icon13220.png,13220 海盗掠夺者,图标列
icon13221.png,13221 海盗猎手,图标列
icon13222.png,13222 海盗商人,图标列
icon13223.png,13223 海岛商人,图标列
icon13224.png,13224 海灵守卫,图标列
icon13225.png,13225 小型海盗船,图标列
icon13226.png,13226 中型海盗船,图标列
icon13227.png,13227 大型海盗船,图标列
icon13228.png,13228 炸弹小船,图标列
icon13229.png,13229 传奇钓手,图标列
icon13233.png,13233 冰原村民; 13306 冰原建筑工,图标列
icon13234.png,13234 冰原萌宝,图标列
icon13244.png,13244 生物蛋-虚空团子,图标列
icon13246.png,13246 生物蛋-虚空角鹿,图标列
icon13248.png,13248 生物蛋-虚空狐狸,图标列
icon13254.png,13254 生物蛋-虚空雪兔,图标列
icon13255.png,13255 生物蛋-虚空蝴蝶,图标列
icon13256.png,13256 冰原女村民,图标列
icon13261.png,13261 生物蛋-虚空沃沃兽,图标列
icon13263.png,13263 虚空水母,图标列
icon13264.png,13264 生物蛋-虚空沙漠狼,图标列
icon13266.png,13266 虚空鲨鱼,图标列
icon13267.png,13267 生物蛋-虚空蝙蝠,图标列
icon13268.png,13268 生物蛋-虚空豹子,图标列
icon13269.png,13269 虚空小型海盗船,图标列
icon13270.png,13270 生物蛋-虚空萤火虫,图标列
icon13272.png,13272 虚空中型海盗船,图标列
icon13273.png,13273 虚空大型海盗船,图标列
icon13274.png,13274 苍穹召唤器,图标列
icon13275.png,13275 坤舆召唤器,图标列
icon13276.png,13276 生物蛋-狗,图标列
icon13277.png,13277 生物蛋-小奶狗,图标列
icon13278.png,13278 生物蛋-猫,图标列
icon13279.png,13279 生物蛋-小猫,图标列
icon13280.png,13280 生物蛋-野兔,图标列
icon13281.png,13281 生物蛋-小野兔,图标列
icon13282.png,13282 生物蛋-鸡,图标列
icon13283.png,13283 生物蛋-小鸡,图标列
icon13284.png,13284 生物蛋-猪,图标列
icon13285.png,13285 生物蛋-小猪,图标列
icon13286.png,13286 生物蛋-野牛,图标列
icon13287.png,13287 生物蛋-小野牛,图标列
icon13288.png,13288 生物蛋-野羊,图标列
icon13289.png,13289 生物蛋-小野羊,图标列
icon13290.png,13290 生物蛋-奶牛,图标列
icon13291.png,13291 生物蛋-小奶牛,图标列
icon13292.png,13292 生物蛋-绵羊,图标列
icon13293.png,13293 生物蛋-小绵羊,图标列
icon13294.png,13294 生物蛋-仓鼠,图标列
icon13295.png,13295 生物蛋-小仓鼠,图标列
icon13296.png,13296 沙漠厨师,图标列
icon13297.png,13297 草原男村民1,图标列
icon13298.png,13298 草原女村民1,图标列
icon13299.png,13299 草原养殖工,图标列
icon13300.png,13300 草原商人,图标列
icon13301.png,13301 武器商人,图标列
icon13302.png,13302 防具商人,图标列
icon13303.png,13303 符文商人,图标列
icon13304.png,13304 建筑商人,图标列
icon13305.png,13305 农业商人,图标列
icon13307.png,13307 草原男村民2,图标列
icon13308.png,13308 草原女村民2,图标列
icon13309.png,13309 生物蛋-野狼,图标列
icon13310.png,13310 生物蛋-小野狼,图标列
icon13311.png,13311 生物蛋-狼狗,图标列
icon13312.png,13312 生物蛋-小狼狗,图标列
icon13313.png,13313 生物蛋-驯化的狼,图标列
icon13314.png,13314 生物蛋-驯化的小狼,图标列
icon13319.png,13319 生物蛋-蘑菇国王,图标列
icon13320.png,13320 生物蛋-蘑菇商人,图标列
icon13321.png,13321 生物蛋-蘑菇法师,图标列
icon13322.png,13322 生物蛋-蘑菇战士; 13376 生物蛋-皇冠蘑菇战士,图标列
icon13323.png,13323 生物蛋-蘑菇乐手,图标列
icon13324.png,13324 生物蛋-蘑菇舞者,图标列
icon13325.png,13325 生物蛋-蘑菇村民,图标列
icon13326.png,13326 生物蛋-狗村民,图标列
icon13327.png,13327 生物蛋-猫村民,图标列
icon13328.png,13328 生物蛋-猪村民,图标列
icon13329.png,13329 生物蛋-狗战士,图标列
icon13330.png,13330 生物蛋-猫战士,图标列
icon13331.png,13317 修狗法师星芒; 13331 生物蛋-狗法师,图标列
icon13332.png,13332 生物蛋-猫法师,图标列
icon13333.png,13333 生物蛋-猪厨师,图标列
icon13334.png,13334 生物蛋-皮皮猪,图标列
icon13335.png,13335 生物蛋-种植猫,图标列
icon13336.png,13336 生物蛋-钓鱼猫,图标列
icon13337.png,13337 生物蛋-猫乐手,图标列
icon13338.png,13338 生物蛋-狗舞者,图标列
icon13339.png,13339 生物蛋-呆呆菇,图标列
icon13340.png,13340 生物蛋-奇幻蛙,图标列
icon13341.png,13341 生物蛋-凝胶怪,图标列
icon13342.png,13342 生物蛋-星斑野猪,图标列
icon13343.png,13343 生物蛋-小星斑野猪,图标列
icon13344.png,13344 生物蛋-荧羽夜枭,图标列
icon13345.png,13345 生物蛋-游侠猫,图标列
icon13346.png,13346 生物蛋-星尘精灵,图标列
icon13347.png,13347 生物蛋-独角兽; 13348 生物蛋-临时坐骑,图标列
icon13350.png,13350 生物蛋-食人花,图标列
icon13351.png,13351 生物蛋-蚀化蛙人战士; 13368 生物蛋-城堡蚀化蛙人战士,图标列
icon13352.png,13352 生物蛋-蚀化蛙人法师; 13369 生物蛋-城堡蚀化蛙人法师,图标列
icon13353.png,13353 生物蛋-蚀化狗人战士; 13370 生物蛋-城堡蚀化狗人战士,图标列
icon13354.png,13354 生物蛋-蚀化狗人法师; 13371 生物蛋-城堡蚀化狗人法师,图标列
icon13355.png,13355 生物蛋-蚀化猫人战士; 13372 生物蛋-城堡蚀化猫人战士,图标列
icon13356.png,13356 生物蛋-蚀化猫人法师; 13373 生物蛋-城堡蚀化猫人法师,图标列
icon13357.png,13357 生物蛋-蚀化猪人战士; 13374 生物蛋-城堡蚀化猪人战士,图标列
icon13358.png,13358 生物蛋-蚀化猪人法师; 13375 生物蛋-城堡蚀化猪人法师,图标列
icon13359.png,13359 生物蛋-蚀化蘑菇国王,图标列
icon13360.png,13360 生物蛋-蚀化蘑菇人,图标列
icon13361.png,13361 生物蛋-晶石小怪,图标列
icon13362.png,13362 生物蛋-晶石巨像,图标列
icon13363.png,13363 生物蛋-草精灵,图标列
icon13364.png,13318 老村长投影; 13364 生物蛋-老村长,图标列
icon13414.png,13414 生物蛋-野生团子; 15053 投射物-野生团子,图标列
icon13415.png,13415 团子; 13442 生物蛋-驯服的团子,图标列
icon13416.png,13416 生物蛋-野生熊猫,图标列
icon13417.png,13417 熊猫,图标列
icon13418.png,13418 蜜蜂,图标列
icon13419.png,13419 萤火虫,图标列
icon13420.png,13420 足球,图标列
icon13421.png,13421 生物蛋-飞鸡; 13435 生物蛋-驯服的飞鸡; 62102 飞鸡,图标列
icon13423.png,13423 生物蛋-战斗鸡; 13434 生物蛋-驯服的战斗鸡,图标列
icon13424.png,13424 生物蛋-尖叫鸡,图标列
icon13425.png,13425 篮球,图标列
icon13426.png,13433 生物蛋-驯服的猴子; 13870 生物蛋-野生猴子,图标列
icon13427.png,13872 生物蛋-豹子,图标列
icon13428.png,13877 生物蛋-野人祭司,图标列
icon13439.png,13439 野人伙伴,图标列
icon13440.png,13440 猎人伙伴,图标列
icon13441.png,13441 萌宝伙伴,图标列
icon13503.png,13503 熔岩黑龙,icon+ID
icon13504.png,13504 混乱黑龙,icon+ID
icon13505.png,13505 年兽蛋,图标列
icon13508.png,13508 小恶魔蛋; 13518 大恶魔蛋; 15052 投射物-小恶魔; 15606 投射物-大恶魔; 15607 浮空术投掷物; 15608 烟花术投掷物; 15609 大小头术投掷物; 15610 法力弹I; 15611 法力弹II; 15612 法力弹III; 15613 自然之球; 15614 萌兽冲击; 15615 大虚空飞弹; 15616 魔力弹I; 15617 魔力弹II; 15619 小虚空飞弹; 15620 大虚空飞弹裂波; 15621 虚空分身飞弹,图标列
icon13600.png,13600 灯笼鱼,图标列
icon13601.png,13601 游戏版本过低,icon+ID
icon13602.png,13602 鳐鱼,图标列
icon13603.png,13603 游戏版本过低,icon+ID
icon13604.png,13604 淡蓝呆呆鱼; 13854 淡蓝呆呆鱼苗,图标列
icon13605.png,13605 深蓝呆呆鱼; 13855 深蓝呆呆鱼苗,图标列
icon13606.png,13606 黑色呆呆鱼; 13856 黑色呆呆鱼苗,图标列
icon13607.png,13607 淡蓝奇奇鱼; 13857 淡蓝奇奇鱼苗,图标列
icon13608.png,13608 粉红丑丑鱼; 13858 粉红丑丑鱼苗,图标列
icon13609.png,13609 金色呆呆鱼; 13859 金色呆呆鱼苗; 20108 金色呆呆鱼-碎片,图标列
icon13610.png,13610 金色奇奇鱼; 13860 金色奇奇鱼苗; 20109 金色奇奇鱼-碎片,图标列
icon13611.png,13611 金色丑丑鱼; 13861 金色丑丑鱼苗; 20110 金色丑丑鱼-碎片,图标列
icon13612.png,13612 粉色呆呆鱼; 13862 粉色呆呆鱼苗,图标列
icon13613.png,13613 黄色奇奇鱼; 13863 黄色奇奇鱼苗,图标列
icon13614.png,13614 紫色丑丑鱼; 13864 紫色丑丑鱼苗,图标列
icon13615.png,13615 绿色奇奇鱼; 13865 绿色奇奇鱼苗,图标列
icon13616.png,13616 条纹丑丑鱼; 13866 条纹丑丑鱼苗,图标列
icon13617.png,13617 红色奇奇鱼; 13867 红色奇奇鱼苗,图标列
icon13618.png,13618 红色呆呆鱼; 13620 弃用; 13868 红色呆呆鱼苗,图标列
icon13619.png,13619 橙色丑丑鱼; 13869 橙色丑丑鱼苗,图标列
icon13621.png,13621 螃蟹,图标列
icon13622.png,13622 海鸥,图标列
icon13623.png,13623 海马,图标列
icon13624.png,13624 小海马,图标列
icon13625.png,13625 海马（驯服）,图标列
icon13626.png,13626 水母,图标列
icon13627.png,13627 飞鱼,图标列
icon13628.png,13628 鲨鱼,图标列
icon13629.png,13629 魔鬼鱼,图标列
icon13630.png,13630 荧光棒藻鱼,图标列
icon13631.png,13631 幻彩霓虹,图标列
icon13632.png,13632 幽兰刺龟,图标列
icon13633.png,13633 冰雪明珠,图标列
icon13634.png,13634 冰晶玉壶,图标列
icon13635.png,13635 星夜光纹,图标列
icon13636.png,13636 长颌白鲑,图标列
icon13637.png,13637 浪里白条,图标列
icon13638.png,13638 炫彩灵锤,图标列
icon13800.png,13800 过山车厢,图标列
icon13802.png,13802 过山车头,图标列
icon13803.png,13803 火箭,图标列
icon13806.png,13806 龙舟,图标列
icon13807.png,11875 交通工具; 13807 皮筏,图标列
icon13808.png,13808 荷灯; 20096 荷灯-碎片,图标列
icon13822.png,13822 生物蛋-骆驼,图标列
icon13826.png,13826 沙灵守卫; 13827 沙灵守卫（友好）,图标列
icon13828.png,13828 生物蛋-沙漠狼,图标列
icon13850.png,13850 小灯笼鱼,图标列
icon13852.png,13852 深海鱼卵,图标列
icon13873.png,13873 毒素野人祭司,图标列
icon13874.png,13874 治疗野人祭司,图标列
icon13875.png,13875 雷电野人祭司,图标列
icon13876.png,13876 火焰野人祭司,图标列
icon1389.png,1389 陨魔战利品,图标列
icon1390.png,1390 金蛋,图标列
icon1391.png,1391 鸡窝,图标列
icon13910.png,13910 生物蛋-雪兔,图标列
icon13912.png,13912 生物蛋-牦牛,图标列
icon13914.png,13914 生物蛋-藏狐,图标列
icon13915.png,13915 生物蛋-冰灵守卫,图标列
icon13920.png,13920 野人伍长; 13921 野人伍长,图标列
icon13922.png,13922 野人投矛伍长; 13923 野人投矛伍长,图标列
icon13924.png,13924 野人百夫长; 13925 野人百夫长,图标列
icon13926.png,13926 野人投矛百夫长; 13927 野人投矛百夫长,图标列
icon13928.png,13928 虚空蛋,图标列
icon13929.png,13929 虚空野人伍长,图标列
icon13930.png,13930 虚空野人百夫长,图标列
icon13931.png,13931 虚空野人投矛伍长,图标列
icon13932.png,13932 虚空野人投矛百夫长,图标列
icon13933.png,13933 虚空野萌宝,图标列
icon13938.png,13938 铁穹钳击兵,图标列
icon13939.png,13939 铁穹炮击兵,图标列
icon13940.png,13940 铁穹猎杀卫,图标列
icon13941.png,13941 铁穹焊愈卫,图标列
icon13942.png,13942 铁穹终焉巨像; 13943 极夜,图标列
icon13944.png,13944 虚空魔眼,图标列
icon13945.png,13945 小虚空魔眼,图标列
icon13949.png,12941 水果,图标列
icon140.png,140 生命石座,图标列
icon14001.png,14001 星星,图标列
icon14011.png,14011 彩虹奶,图标列
icon14012.png,14012 生牛肉,图标列
icon14013.png,14013 烤牛肉,图标列
icon14014.png,14014 生羊肉,图标列
icon14015.png,14015 烤羊肉,图标列
icon14016.png,14016 羊毛,图标列
icon141.png,141 勇气石座,图标列
icon14100.png,14100 10迷你币,图标列
icon14101.png,14101 20迷你币,图标列
icon14102.png,14102 50迷你币,图标列
icon14103.png,14103 100迷你币,图标列
icon14104.png,14104 200迷你币,图标列
icon14105.png,14105 500迷你币,图标列
icon14106.png,14106 1000迷你币,图标列
icon14107.png,14107 5000迷你币,图标列
icon142.png,142 智慧石座,图标列
icon14201.png,14113 订阅迷你币18元,图标列
icon14202.png,14114 订阅迷你币38元,图标列
icon14203.png,14115 订阅迷你币98元,图标列
icon14204.png,14116 索要迷你币,图标列
icon143.png,143 破损的石座,图标列
icon144.png,144 红薇蝶玻璃瓶,图标列
icon145.png,145 兰青蝶玻璃瓶,图标列
icon146.png,146 香粉蝶玻璃瓶,图标列
icon147.png,147 白香蝶玻璃瓶,图标列
icon148.png,148 龙信蝶玻璃瓶,图标列
icon149.png,149 舌钟蝶玻璃瓶,图标列
icon15000.png,15000 冲锋枪,图标列
icon150000.png,150000 冰原部落图腾,图标列
icon150001.png,150001 野生冰原部落图腾,图标列
icon150002.png,150002 狩猎旗帜,图标列
icon150003.png,150003 野生狩猎旗帜,图标列
icon150004.png,150004 建筑旗帜,图标列
icon150005.png,150005 野生建筑旗帜,图标列
icon150006.png,150006 野生樵夫旗帜,图标列
icon150008.png,150008 无光冰晶喷菇,图标列
icon150009.png,150009 有光冰晶喷菇,图标列
icon15001.png,15001 左轮手枪,图标列
icon150012.png,150012 冰晶蕨,图标列
icon150013.png,150013 寒光棒,图标列
icon150015.png,150015 皮草床,图标列
icon150016.png,150016 冰原木门,图标列
icon150018.png,150018 火盆灯,图标列
icon15002.png,15002 牛仔左轮,图标列
icon150020.png,150020 冰原木桌,图标列
icon150021.png,150021 冰原木椅,图标列
icon150022.png,150022 冰原木柜,图标列
icon150023.png,150023 冰原方木窗,图标列
icon150025.png,11874 地饰; 150025 毛绒地毯,图标列
icon150027.png,150027 雪人灯,图标列
icon150029.png,150029 融合台,图标列
icon15003.png,15003 子弹,图标列
icon15004.png,15004 狙击枪,图标列
icon150043.png,150043 冰原窗帘,图标列
icon150044.png,150044 野生农夫旗帜,图标列
icon150045.png,150045 野生守卫旗帜,图标列
icon150049.png,150049 白色野花,图标列
icon15005.png,15005 重机枪,图标列
icon150050.png,150050 蓝色野花,图标列
icon150051.png,150051 黄色野花,图标列
icon150052.png,150052 蓝粉雏菊丛,图标列
icon150053.png,150053 橙色雏菊丛,图标列
icon150054.png,150054 粉色雏菊丛,图标列
icon150055.png,150055 粉蝶花,图标列
icon150056.png,150056 薰衣草,图标列
icon150057.png,150057 荧光小草,图标列
icon150058.png,150058 荧光落叶,图标列
icon150059.png,150059 星光菌,图标列
icon15006.png,15006 霰弹枪,图标列
icon150060.png,150060 蒲公英,图标列
icon150061.png,150061 狗尾草,图标列
icon150062.png,150062 芦苇,图标列
icon150063.png,150063 油菜花,图标列
icon150064.png,150064 郁金香,图标列
icon150065.png,150065 三叶草,图标列
icon150066.png,150066 荷叶,图标列
icon150067.png,150067 浮萍,图标列
icon150068.png,150068 水藻,图标列
icon150069.png,150069 蕨,图标列
icon15007.png,15007 罐装手雷; 15551 新罐装手雷,图标列
icon150070.png,150070 紫色三角梅,图标列
icon150071.png,150071 白色三角梅,图标列
icon150072.png,150072 发光树藤,图标列
icon150075.png,150075 紫色地栽三角梅,图标列
icon150076.png,150076 白色地栽三角梅,图标列
icon150077.png,150077 垂藤,图标列
icon15008.png,15008 菠萝手雷,图标列
icon15009.png,15009 乌兹冲锋枪,图标列
icon15010.png,15010 MP5K冲锋枪,图标列
icon150101.png,150101 小份水果拼盘,图标列
icon150102.png,150102 小份炒蔬菜; 150118 炒蔬菜,图标列
icon150103.png,150103 小份煎肉排; 150110 煎肉排,图标列
icon150104.png,150104 小份煎鱼; 150121 煎鱼; 550038 小份烤海鲜,图标列
icon150105.png,150105 小份蒸玉米; 150123 蒸玉米,图标列
icon150106.png,150106 小份蒸番薯; 150124 蒸番薯,图标列
icon150107.png,150107 小份一碗饭,图标列
icon150108.png,150108 小份奇怪味道的食物; 150125 奇怪味道的食物,图标列
icon150109.png,150109 小份不可名状的东西; 150126 不可名状的东西,图标列
icon15011.png,15011 汤普森,图标列
icon150111.png,150111 鲜肉沙拉,图标列
icon150112.png,150112 蔬菜炒肉,图标列
icon150113.png,150113 海陆大餐,图标列
icon150114.png,150114 鲜肉炒饭,图标列
icon150115.png,150115 果蔬沙拉; 550041 小份烤水果,图标列
icon150116.png,150116 海鲜沙拉,图标列
icon150117.png,150117 水果饭团,图标列
icon150119.png,150119 蔬菜炒海鲜,图标列
icon15012.png,15012 P-90冲锋枪,图标列
icon150120.png,150120 蔬菜饭团,图标列
icon150122.png,150122 海鲜炒饭; 150150 大份海鲜炒饭; 150176 豪华海鲜炒饭,图标列
icon150127.png,150127 大份煎肉排; 150189 豪华煎肉排,图标列
icon150128.png,150128 大份鲜肉沙拉; 150156 豪华鲜肉沙拉,图标列
icon150129.png,150129 大份蔬菜炒肉; 150157 豪华蔬菜炒肉,图标列
icon15013.png,15013 JS9冲锋枪,图标列
icon150130.png,150130 大份海陆大餐; 150158 豪华海陆大餐,图标列
icon150131.png,150131 大份鲜肉炒饭; 150159 豪华鲜肉炒饭,图标列
icon150132.png,150132 果蔬鲜肉拼盘; 150160 豪华果蔬鲜肉拼盘,图标列
icon150133.png,150133 海陆水果沙拉; 150161 豪华海陆水果沙拉,图标列
icon150134.png,150134 鲜肉水果饭团; 150162 豪华鲜肉水果饭团,图标列
icon150135.png,150135 海陆菜包; 150163 豪华海陆菜包; 550035 小份烤制菜肉; 550036 中份烤制菜肉; 550037 大份烤制菜肉,图标列
icon150136.png,150136 鲜肉蔬菜炒饭; 150164 豪华鲜肉蔬菜炒饭,图标列
icon150137.png,150137 海陆炒饭; 150165 豪华海陆炒饭,图标列
icon150138.png,150138 大份水果拼盘; 150170 豪华水果拼盘,图标列
icon150139.png,150139 大份果蔬沙拉; 150171 豪华果蔬沙拉; 550042 中份烤水果; 550043 大份烤水果,图标列
icon15014.png,15014 AK步枪,图标列
icon150140.png,150140 大份海鲜沙拉; 150172 豪华海鲜沙拉,图标列
icon150141.png,150141 大份水果饭团; 150173 豪华水果饭团,图标列
icon150142.png,150142 果蔬烤鱼拼盘; 150174 豪华果蔬烤鱼拼盘; 150177 豪华果蔬烤鱼拼盘,图标列
icon150143.png,150143 果蔬饭团; 150175 豪华果蔬饭团,图标列
icon150144.png,150144 海鲜水果饭团; 150190 豪华海鲜水果饭团,图标列
icon150145.png,150145 大份炒蔬菜; 150179 豪华炒蔬菜; 550029 小份烤蔬菜; 550030 中份烤蔬菜; 550031 大份烤蔬菜,图标列
icon150146.png,150146 大份蔬菜炒海鲜; 150180 豪华蔬菜炒海鲜,图标列
icon150147.png,150147 大份蔬菜饭团; 150181 豪华蔬菜饭团,图标列
icon150148.png,150148 鲜鱼蔬菜炒饭; 150182 豪华鲜鱼蔬菜炒饭,图标列
icon150149.png,150149 大份煎鱼; 150183 豪华煎鱼; 550039 中份烤海鲜; 550040 大份烤海鲜,图标列
icon15015.png,15015 M416步枪,图标列
icon150151.png,150151 大碗饭; 150184 豪华大碗饭,图标列
icon150152.png,150152 大份蒸玉米; 150185 豪华蒸玉米,图标列
icon150153.png,150153 大份蒸番薯; 150186 豪华蒸番薯,图标列
icon150154.png,150154 大份奇怪味道的食物; 150187 豪华奇怪味道的食物,图标列
icon150155.png,150155 大份不可名状的东西; 150188 豪华不可名状的东西,图标列
icon15016.png,15016 黄金M416,图标列
icon150166.png,150166 豪华海陆果蔬拼盘,图标列
icon150167.png,150167 豪华鲜肉果蔬盖饭,图标列
icon150168.png,150168 豪华海陆水果盖饭,图标列
icon150169.png,150169 豪华海陆蔬菜盖饭,图标列
icon15017.png,15017 赤焰M416,图标列
icon150178.png,150178 豪华海鲜果蔬盖饭,图标列
icon15018.png,15018 寒冰M416,图标列
icon15019.png,15019 AUG-急速音符,图标列
icon150500.png,150500 蓝色烟花; 150506 粉色小烟花; 152000 蓝色烟花,图标列
icon150501.png,150501 绿色烟花; 150507 绝美爱心烟花; 152001 绿色烟花,图标列
icon150502.png,150502 粉色烟花; 150508 黄色大烟花; 152002 粉色烟花,图标列
icon150503.png,150503 黄色烟花; 150509 烟花组; 152003 黄色烟花,图标列
icon150504.png,150504 彩色烟花; 150510 炮筒烟花; 152004 彩色烟花,图标列
icon150505.png,150505 心形烟花; 152005 心形烟花,图标列
icon150701.png,150701 基础传动轴,图标列
icon150702.png,150702 铜制传动轴,图标列
icon150703.png,150703 铁制传动轴,图标列
icon150704.png,150704 铝制传动轴,图标列
icon150705.png,150705 基础小齿轮,图标列
icon150706.png,150706 铜制小齿轮,图标列
icon150707.png,150707 铁制小齿轮,图标列
icon150708.png,150708 铝制小齿轮,图标列
icon150709.png,150709 基础大齿轮,图标列
icon150710.png,150710 铜制大齿轮,图标列
icon150711.png,150711 铁制大齿轮,图标列
icon150712.png,150712 铜推手,图标列
icon150713.png,150713 铜拉手,图标列
icon150714.png,150714 筑路机,图标列
icon150715.png,150715 自动制作台,图标列
icon150717.png,150717 铜钻头,图标列
icon150718.png,150718 铝制大齿轮,图标列
icon150719.png,150719 铜制传送带,图标列
icon150720.png,150720 铁制传送带,图标列
icon150721.png,150721 铝制传送带,图标列
icon150722.png,150722 铁制离合器,图标列
icon150723.png,150723 钛制离合器,图标列
icon150724.png,150724 铁制变速器,图标列
icon150725.png,150725 钛制变速器,图标列
icon150726.png,150726 铁制换向器,图标列
icon150727.png,150727 钛制换向器,图标列
icon150728.png,150728 铁制分动箱,图标列
icon150729.png,150729 钛制分动箱,图标列
icon150730.png,150730 手轮阀门,图标列
icon150731.png,150731 强化手轮,图标列
icon150732.png,150732 简易动物轮,图标列
icon150733.png,150733 动物轮,图标列
icon150734.png,150734 小风车,图标列
icon150735.png,150735 大风车,图标列
icon150736.png,150736 破损小风车,图标列
icon150737.png,150737 破损大风车,图标列
icon150738.png,150738 蒸汽引擎,图标列
icon150739.png,150739 内燃引擎,图标列
icon150740.png,150740 铝木锯,图标列
icon150741.png,150741 分流器,图标列
icon150742.png,150742 铜存取器,图标列
icon150743.png,150743 铝存取器,图标列
icon150744.png,150744 钛钻头,图标列
icon150745.png,150745 铝钻头,图标列
icon150746.png,150746 收割机,图标列
icon150747.png,150747 高级收割机,图标列
icon150748.png,150748 机械转轴块,图标列
icon150749.png,150749 铁推手,图标列
icon150750.png,150750 铝推手,图标列
icon150751.png,150751 铁拉手,图标列
icon150752.png,150752 铝拉手,图标列
icon150753.png,150753 传动蜗杆台,图标列
icon150754.png,150754 置块机,图标列
icon150755.png,150755 智能焊接臂,图标列
icon150756.png,150756 基础转角齿轮,图标列
icon150757.png,150757 铜制转角齿轮,图标列
icon150758.png,150758 铁制转角齿轮,图标列
icon150759.png,150759 铝制转角齿轮,图标列
icon150760.png,150760 铜制链条,图标列
icon150761.png,150761 铁制链条,图标列
icon150762.png,150762 铝制链条,图标列
icon150766.png,150766 无限动力箱,图标列
icon15078.png,15078 蘑晶球,图标列
icon15079.png,15079 迷糊粉瓶,图标列
icon15080.png,15080 独角,图标列
icon15081.png,15081 凝胶,图标列
icon15082.png,15082 星尘箭,图标列
icon150912.png,150912 铁穹核心枢纽,图标列
icon150920.png,150920 底盘框架,图标列
icon150921.png,150921 转向悬架,图标列
icon150922.png,150922 普通悬架,图标列
icon150926.png,150926 氮气瓶,图标列
icon150931.png,150931 仓鼠轮,图标列
icon150932.png,150932 牛粪,图标列
icon150935.png,150935 宠物小窝,图标列
icon150936.png,150936 宠物小屋,图标列
icon151002.png,151002 金合欢树种子,图标列
icon151003.png,151003 猴面包树种子,图标列
icon151024.png,151024 绿色荆棘,图标列
icon151025.png,151025 枯萎荆棘,图标列
icon151026.png,151026 红色卫矛,图标列
icon151027.png,151027 爬山虎,图标列
icon151029.png,151029 星辉落叶堆,图标列
icon151030.png,151030 星影落叶堆,图标列
icon151031.png,151031 恶棘藤,图标列
icon151032.png,151032 败草丛,图标列
icon151101.png,151101 银杏树种子,图标列
icon151102.png,151102 枫香树种子,图标列
icon151103.png,151103 蓝花楹种子,图标列
icon151104.png,151104 秋胡杨种子,图标列
icon151205.png,151205 小星影树苗,图标列
icon151206.png,151206 星影树苗,图标列
icon151207.png,151207 巨大荧菇苗,图标列
icon151208.png,,
icon152006.png,152006 祈天灯,图标列
icon152007.png,152007 四叶飞舞,图标列
icon152008.png,152008 花火之恋,图标列
icon152009.png,152009 许愿流星雨,图标列
icon152010.png,152010 樱花飞舞,图标列
icon152011.png,152011 天涯共此时,图标列
icon153000.png,153000 攀藤架,图标列
icon1550.png,1550 简约床,图标列
icon15500.png,15500 平底锅,图标列
icon15501.png,15501 冲锋枪子弹,图标列
icon15502.png,15502 牛仔左轮子弹,图标列
icon15503.png,15503 狙击枪子弹,图标列
icon15504.png,15504 重机枪子弹,图标列
icon15506.png,15506 圆球爆弹; 15511 萌眼星BOSS-爆炸激光; 15618 虚空爆弹; 20132 圆球爆弹-碎片,图标列
icon15507.png,12625 冰石; 15507 冰锥; 15510 萌眼星BOSS-冰冻激光; 20133 冰锥-碎片; 62905 冰晶,图标列
icon15508.png,11652 海灵守卫-水柱; 11956 特殊道具; 15505 虚空巨石; 15508 熔岩球; 15509 萌眼星BOSS-击飞激光; 20134 熔岩球-碎片,图标列
icon1551.png,1551 简约沙发,图标列
icon15519.png,15519 黑龙熔岩球; 20136 黑龙熔岩球-碎片,图标列
icon1552.png,1552 简约书桌,图标列
icon15520.png,15520 混乱召唤球; 20137 混乱召唤球-碎片,图标列
icon15528.png,15528 物理清除烟花,图标列
icon15529.png,15529 物理清除枪,图标列
icon1558.png,1558 简约浴缸,图标列
icon1559.png,1559 简约衣柜,图标列
icon1563.png,1563 简约屏风,图标列
icon1567.png,1567 简约门,图标列
icon1568.png,1568 简约窗,图标列
icon1574.png,1574 中式床,图标列
icon1575.png,1575 中式沙发,图标列
icon1576.png,1576 中式书桌,图标列
icon1582.png,1582 中式浴缸,图标列
icon1583.png,1583 中式衣柜,图标列
icon1587.png,1587 中式屏风,图标列
icon1591.png,1591 中式门,图标列
icon1592.png,1592 中式窗,图标列
icon1598.png,1598 现代床,图标列
icon1599.png,1599 现代沙发,图标列
icon1600.png,1600 现代书桌,图标列
icon16000.png,16000 铁徽章,图标列
icon16001.png,16001 铜徽章,图标列
icon16002.png,16002 银徽章,图标列
icon16003.png,16003 金徽章,图标列
icon16004.png,16004 紫金徽章,图标列
icon16005.png,16005 红宝石徽章,图标列
icon16006.png,16006 钻石徽章,图标列
icon16007.png,16007 金魂币,图标列
icon1606.png,1606 现代浴缸,图标列
icon1607.png,1607 现代衣柜,图标列
icon1611.png,1611 现代屏风,图标列
icon1615.png,1615 现代门,图标列
icon1616.png,1616 现代窗,图标列
icon1622.png,1622 童话床,图标列
icon1623.png,1623 童话沙发,图标列
icon1624.png,1624 童话书桌,图标列
icon1630.png,1630 童话浴缸,图标列
icon1631.png,1631 童话衣柜,图标列
icon1635.png,1635 童话屏风,图标列
icon1639.png,1639 童话门,图标列
icon1640.png,1640 童话窗,图标列
icon1646.png,1646 科幻床,图标列
icon1647.png,1647 科幻沙发,图标列
icon1648.png,1648 科幻书桌,图标列
icon1654.png,1654 科幻浴缸,图标列
icon1655.png,1655 科幻衣柜,图标列
icon1659.png,1659 科幻屏风,图标列
icon1663.png,1663 科幻门,图标列
icon1664.png,1664 科幻窗,图标列
icon1672.png,1672 绒毛地毯,图标列
icon1673.png,1673 山水画,图标列
icon1674.png,1674 抽象画,图标列
icon1677.png,1677 简单书柜,图标列
icon1678.png,1678 纯白冰箱,图标列
icon1679.png,1679 银灰冰箱,图标列
icon1680.png,1680 酷黑冰箱,图标列
icon1687.png,1687 纯白灶台,icon+ID
icon1688.png,1688 银灰灶台,icon+ID
icon1689.png,1689 酷黑灶台,icon+ID
icon1691.png,1691 欧式床,图标列
icon1692.png,1692 欧式沙发,图标列
icon1693.png,1693 欧式书桌,图标列
icon1699.png,1699 欧式浴缸,图标列
icon1700.png,1700 欧式衣柜,图标列
icon17001.png,17001 初级活化术卷轴,图标列
icon17002.png,17002 初级催生术卷轴,图标列
icon17003.png,17003 初级采集术卷轴,图标列
icon17004.png,17004 破石术卷轴,图标列
icon17005.png,17005 探矿术卷轴,图标列
icon17006.png,17006 洞悉术卷轴,图标列
icon17007.png,17007 连跳术卷轴,图标列
icon17008.png,17008 隐身术卷轴,图标列
icon17009.png,17009 浮空术卷轴,图标列
icon17010.png,17010 升高术卷轴,图标列
icon17011.png,17011 照明术卷轴,图标列
icon17012.png,17012 烟花术卷轴,图标列
icon17013.png,17013 大头术卷轴,图标列
icon17014.png,17014 长脖术卷轴,图标列
icon17015.png,17015 小头术卷轴,图标列
icon17016.png,17016 移动术卷轴,图标列
icon17017.png,17017 高级活化术卷轴,图标列
icon17018.png,17018 高级催生术卷轴,图标列
icon17019.png,17019 高级采集术卷轴,图标列
icon17020.png,17020 方块转化术,图标列
icon17021.png,17021 低重力术,图标列
icon17022.png,17022 互换位置术,图标列
icon17023.png,17023 击飞术,图标列
icon17024.png,17024 草精灵术,图标列
icon17025.png,17025 化身方块术,图标列
icon17026.png,17026 喷花烟花术,图标列
icon17027.png,17027 搭桥术卷轴,图标列
icon17028.png,17028 空间术卷轴,图标列
icon1704.png,1704 欧式屏风,图标列
icon1708.png,1708 欧式门,图标列
icon1709.png,1709 欧式窗,图标列
icon1720.png,1720 胡杨茶几,图标列
icon1722.png,1722 西域床,图标列
icon1723.png,1723 西域沙发,图标列
icon1724.png,1724 西域书桌,图标列
icon1725.png,1725 西域餐桌,icon+ID
icon1730.png,1730 西域浴缸,图标列
icon1731.png,1731 西域衣柜,图标列
icon1732.png,1732 西域橱柜,icon+ID
icon1735.png,1735 西域屏风,图标列
icon1736.png,1736 西域立体灯,icon+ID
icon1739.png,1739 西域门,图标列
icon1740.png,1740 西域窗,图标列
icon1741.png,1741 西域楼梯,icon+ID
icon1746.png,1746 西域地毯,图标列
icon1747.png,1747 骆驼雕塑,图标列
icon1748.png,1748 敦煌石窟,图标列
icon1749.png,1749 敦煌飞天雕塑,图标列
icon1750.png,1750 莲花壁画,图标列
icon1751.png,1751 飞天女壁画,图标列
icon1752.png,1752 九色鹿王壁画,icon+ID
icon1753.png,1753 饲料槽; 11847 养殖装置,图标列
icon1759.png,1759 美味制作者灶台,icon+ID
icon1760.png,1760 魔法床,icon+ID
icon1761.png,1761 魔法沙发,icon+ID
icon1762.png,1762 魔法书桌,icon+ID
icon1763.png,1763 魔法餐桌,icon+ID
icon1764.png,1764 魔法茶几,icon+ID
icon1765.png,1765 魔法洗手台,icon+ID
icon1766.png,1766 魔法椅子,icon+ID
icon1767.png,1767 魔法马桶,icon+ID
icon1768.png,1768 魔法浴缸,icon+ID
icon1769.png,1769 魔法衣柜,icon+ID
icon1770.png,1770 魔法橱柜,icon+ID
icon1771.png,1771 魔法半格橱柜,icon+ID
icon1772.png,1772 魔法组合柜,icon+ID
icon1773.png,1773 魔法屏风,icon+ID
icon1774.png,1774 魔法立体灯,icon+ID
icon1775.png,1775 魔法吊灯,icon+ID
icon1776.png,1776 魔法壁灯,icon+ID
icon1777.png,1777 魔法门,icon+ID
icon1778.png,1778 魔法窗,icon+ID
icon1779.png,1779 魔法楼梯,icon+ID
icon1780.png,1780 魔法墙砖,icon+ID
icon1781.png,1781 魔法砖,icon+ID
icon1782.png,1782 魔法半砖,icon+ID
icon1783.png,1783 魔法围栏,icon+ID
icon1784.png,1784 魔法地毯,icon+ID
icon1785.png,1785 魔法雕塑,icon+ID
icon1786.png,1786 魔法壁画,icon+ID
icon18001.png,18002 秘卷-蓄力大剑; 18004 秘卷-龙息术,图标列
icon18002.png,18001 秘卷-冲锋,图标列
icon18003.png,18003 秘卷-蓄力魔弓; 18005 秘卷-自然之球,图标列
icon18004.png,18004 秘卷-龙息术,icon+ID
icon18005.png,18006 秘卷-虚空激光; 18007 秘卷-虚空黑洞; 18008 秘卷-虚空陨石雨; 18009 秘卷-虚空激光球,图标列
icon18006.png,18006 秘卷-虚空激光,icon+ID
icon1816.png,1816 凯蒂猫餐桌,图标列
icon1817.png,1817 凯蒂猫沙发,图标列
icon1818.png,1818 凯蒂猫公主床,图标列
icon1819.png,1819 凯蒂猫衣柜,图标列
icon182.png,182 凝能晶小火炬,图标列
icon1820.png,1820 凯蒂猫公主椅,图标列
icon1821.png,1821 凯蒂猫留言牌,图标列
icon1822.png,1822 凯蒂猫字牌,图标列
icon1823.png,1823 凯蒂猫围栏,图标列
icon1824.png,1824 凯蒂猫方块,图标列
icon1825.png,1825 大耳狗餐桌,图标列
icon1826.png,1826 大耳狗沙发,图标列
icon1827.png,1827 大耳狗星愿床,图标列
icon1828.png,1828 大耳狗衣柜,图标列
icon1829.png,1829 大耳狗椅子,图标列
icon1830.png,1830 大耳狗留言牌,图标列
icon1831.png,1831 大耳狗字牌,图标列
icon1832.png,1832 大耳狗围栏,图标列
icon1833.png,1833 大耳狗方块,图标列
icon1834.png,1834 凯蒂猫门,图标列
icon1835.png,1835 酷洛米餐桌,图标列
icon1836.png,1836 酷洛米沙发,图标列
icon1837.png,1837 酷洛米公主床,图标列
icon1838.png,1838 酷洛米衣柜,图标列
icon1839.png,1839 酷洛米公主椅,图标列
icon1840.png,1840 酷洛米留言牌,图标列
icon1841.png,1841 酷洛米字牌,图标列
icon1842.png,1842 酷洛米围栏,图标列
icon1843.png,1843 酷洛米方块,图标列
icon1844.png,1844 美乐蒂餐桌,图标列
icon1845.png,1845 美乐蒂沙发,图标列
icon1846.png,1846 美乐蒂公主床,图标列
icon1847.png,1847 美乐蒂衣柜,图标列
icon1848.png,1848 美乐蒂公主椅,图标列
icon1849.png,1849 美乐蒂留言牌,图标列
icon1850.png,1850 美乐蒂字牌,图标列
icon1851.png,1851 美乐蒂围栏,图标列
icon1852.png,1852 美乐蒂方块,图标列
icon1853.png,1853 美乐蒂门,图标列
icon1854.png,1854 大眼蛙方块,图标列
icon1855.png,1855 大眼蛙字牌,图标列
icon1856.png,1856 大眼蛙留言牌,图标列
icon1857.png,1857 大眼蛙围栏,图标列
icon1858.png,1858 大眼蛙桌子,图标列
icon1859.png,1859 大眼蛙椅子,图标列
icon1860.png,1860 大眼蛙沙发,图标列
icon1861.png,1861 大眼蛙衣柜,图标列
icon1862.png,1862 大眼蛙床,图标列
icon1863.png,1863 布丁狗衣柜,图标列
icon1864.png,1864 布丁狗床,图标列
icon1865.png,1865 布丁狗沙发,图标列
icon1866.png,1866 布丁狗桌子,图标列
icon1867.png,1867 布丁狗椅子,图标列
icon1868.png,1868 布丁狗门,图标列
icon1869.png,1869 布丁狗围栏,图标列
icon1870.png,1870 布丁狗字牌,图标列
icon1871.png,1871 布丁狗留言牌,图标列
icon1872.png,1872 布丁狗方块,图标列
icon1874.png,1874 双子星衣柜,图标列
icon1875.png,1875 双子星床,图标列
icon1876.png,1876 双子星沙发,图标列
icon1877.png,1877 双子星桌子,图标列
icon1878.png,1878 双子星椅子,图标列
icon1879.png,1879 双子星门,图标列
icon1880.png,1880 双子星围栏,图标列
icon1881.png,1881 双子星字牌,图标列
icon1882.png,1882 双子星留言牌,图标列
icon1883.png,1883 双子星方块,图标列
icon200001.png,200001 假人模型,图标列
icon200002.png,200002 手动发射器,图标列
icon200003.png,11858 床; 200003 木床,图标列
icon200004.png,11878 特殊武器; 200004 夹子陷阱,图标列
icon200005.png,200005 指路牌,图标列
icon200006.png,200006 装备架,图标列
icon200008.png,200008 碎石路,图标列
icon200012.png,200012 木质野人战士雕像,图标列
icon200013.png,200013 银质野人战士雕像,图标列
icon200014.png,200014 金质野人战士雕像,图标列
icon200015.png,200015 木质野人祭司雕像; 200024 木质毒素野人祭司雕像; 200027 木质治疗野人祭司雕像; 200030 木质雷电野人祭司雕像; 200033 木质火焰野人祭司雕像,图标列
icon200016.png,200016 银质野人祭司雕像; 200025 银质毒素野人祭司雕像; 200028 银质治疗野人祭司雕像; 200031 银质雷电野人祭司雕像; 200034 银质火焰野人祭司雕像,图标列
icon200017.png,200017 金质野人祭司雕像; 200026 金质毒素野人祭司雕像; 200029 金质治疗野人祭司雕像; 200032 金质雷电野人祭司雕像; 200035 金质火焰野人祭司雕像,图标列
icon200018.png,200018 木质野人投矛手雕像,图标列
icon200019.png,200019 银质野人投矛手雕像,图标列
icon200020.png,200020 金质野人投矛手雕像,图标列
icon200021.png,200021 木质野萌宝雕像,图标列
icon200022.png,200022 银质野萌宝雕像,图标列
icon200023.png,200023 金质野萌宝雕像,图标列
icon200036.png,200036 木质蝙蝠雕像,图标列
icon200037.png,200037 银质蝙蝠雕像,图标列
icon200038.png,200038 金质蝙蝠雕像,图标列
icon200039.png,200039 木质符文怪雕像,图标列
icon200040.png,200040 银质符文怪雕像,图标列
icon200041.png,200041 金质符文怪雕像,图标列
icon200042.png,200042 木质虚空使徒雕像,图标列
icon200043.png,200043 银质虚空使徒雕像,图标列
icon200044.png,200044 金质虚空使徒雕像,图标列
icon200045.png,200045 木质海盗掠夺者雕像,图标列
icon200046.png,200046 银质海盗掠夺者雕像,图标列
icon200047.png,200047 金质海盗掠夺者雕像,图标列
icon200048.png,200048 木质海盗猎手雕像,图标列
icon200049.png,200049 银质海盗猎手雕像,图标列
icon200050.png,200050 金质海盗猎手雕像,图标列
icon200051.png,200051 木质爆爆蛋雕像,图标列
icon200052.png,200052 银质爆爆蛋雕像,图标列
icon200053.png,200053 金质爆爆蛋雕像,图标列
icon200054.png,200054 木质毒尾蝎雕像,图标列
icon200055.png,200055 银质毒尾蝎雕像,图标列
icon200056.png,200056 金质毒尾蝎雕像,图标列
icon200057.png,200057 木质海灵守卫雕像,图标列
icon200058.png,200058 银质海灵守卫雕像,图标列
icon200059.png,200059 金质海灵守卫雕像,图标列
icon200060.png,200060 木质沙灵守卫雕像,图标列
icon200061.png,200061 银质沙灵守卫雕像,图标列
icon200062.png,200062 金质沙灵守卫雕像,图标列
icon200063.png,200063 木质熔岩巨人雕像,图标列
icon200064.png,200064 银质熔岩巨人雕像,图标列
icon200065.png,200065 金质熔岩巨人雕像,图标列
icon200066.png,200066 木质硫磺弓手雕像,图标列
icon200067.png,200067 银质硫磺弓手雕像,图标列
icon200068.png,200068 金质硫磺弓手雕像,图标列
icon200069.png,200069 木质萌眼叮叮雕像,图标列
icon200070.png,200070 银质萌眼叮叮雕像,图标列
icon200071.png,200071 金质萌眼叮叮雕像,图标列
icon200072.png,200072 木质萌眼咚咚雕像,图标列
icon200073.png,200073 银质萌眼咚咚雕像,图标列
icon200074.png,200074 金质萌眼咚咚雕像,图标列
icon200075.png,200075 木质萌眼当当雕像,图标列
icon200076.png,200076 银质萌眼当当雕像,图标列
icon200077.png,200077 金质萌眼当当雕像,图标列
icon200078.png,200078 木质萌眼咻咻雕像,图标列
icon200079.png,200079 银质萌眼咻咻雕像,图标列
icon200080.png,200080 金质萌眼咻咻雕像,图标列
icon200081.png,200081 木质冰灵守卫雕像,图标列
icon200082.png,200082 银质冰灵守卫雕像,图标列
icon200083.png,200083 金质冰灵守卫雕像,图标列
icon200084.png,200084 木质寒霜野人祭司雕像,图标列
icon200085.png,200085 银质寒霜野人祭司雕像,图标列
icon200086.png,200086 金质寒霜野人祭司雕像,图标列
icon200087.png,200087 木质小型海盗船雕像,图标列
icon200088.png,200088 银质小型海盗船雕像,图标列
icon200089.png,200089 金质小型海盗船雕像,图标列
icon200090.png,200090 木质中型海盗船雕像,图标列
icon200091.png,200091 银质中型海盗船雕像,图标列
icon200092.png,200092 金质中型海盗船雕像,图标列
icon200093.png,200093 木质大型海盗船雕像,图标列
icon200094.png,200094 银质大型海盗船雕像,图标列
icon200095.png,200095 金质大型海盗船雕像,图标列
icon200096.png,200096 羽蛇神雕像,图标列
icon200097.png,200097 远古黑龙雕像,图标列
icon200098.png,200098 远古巨人雕像,图标列
icon200099.png,200099 虚空幻影雕像,图标列
icon200100.png,200100 冰陨巨魔雕像,图标列
icon200108.png,200108 石锅,图标列
icon200109.png,200109 烹饪台,图标列
icon200112.png,200112 浆果,图标列
icon200113.png,200113 丰硕浆果,图标列
icon200115.png,200115 西瓜,图标列
icon200116.png,200116 丰硕西瓜,图标列
icon200119.png,200119 番茄,图标列
icon200120.png,200120 丰硕番茄,图标列
icon200122.png,200122 胡萝卜,图标列
icon200123.png,200123 丰硕胡萝卜,图标列
icon200125.png,200125 南瓜,图标列
icon200126.png,200126 丰硕南瓜,图标列
icon200129.png,200129 草莓,图标列
icon200130.png,200130 丰硕草莓,图标列
icon200132.png,200132 莲藕,图标列
icon200133.png,200133 丰硕莲藕,图标列
icon200135.png,200135 沙棘,图标列
icon200136.png,200136 丰硕沙棘,图标列
icon200138.png,200138 葡萄,图标列
icon200139.png,200139 丰硕葡萄,图标列
icon200142.png,200142 丰硕玉米,图标列
icon200144.png,200144 青瓜,图标列
icon200145.png,200145 丰硕青瓜,图标列
icon200148.png,200148 丰硕番薯,图标列
icon200150.png,200150 水稻穗,图标列
icon200151.png,200151 丰硕水稻穗,图标列
icon200153.png,200153 独葵,图标列
icon200154.png,200154 丰硕独葵,图标列
icon200156.png,200156 萝卜王,图标列
icon200157.png,200157 丰硕萝卜王,图标列
icon200160.png,200160 餐盘,图标列
icon200161.png,200161 野餐篮,图标列
icon200163.png,200163 粗制洒水器,图标列
icon200164.png,200164 标准洒水器,图标列
icon200165.png,200165 加强洒水器,图标列
icon200167.png,200167 日光番茄,图标列
icon200168.png,200168 丰硕日光番茄,图标列
icon200170.png,200170 杂交水稻穗,图标列
icon200171.png,200171 丰硕杂交水稻穗,图标列
icon200173.png,200173 彩虹草莓,图标列
icon200174.png,200174 丰硕彩虹草莓,图标列
icon200176.png,200176 水晶西瓜,图标列
icon200177.png,200177 丰硕水晶西瓜,图标列
icon200180.png,200180 阳光青提,图标列
icon200181.png,200181 丰硕阳光青提,图标列
icon200183.png,200183 精致玉米,图标列
icon200184.png,200184 丰硕精致玉米,图标列
icon200186.png,200186 冰果,图标列
icon200187.png,200187 丰硕冰果,图标列
icon200190.png,200190 烈焰瓜,图标列
icon200191.png,200191 丰硕烈焰瓜,图标列
icon200200.png,200200 冰焰双果披萨,图标列
icon200201.png,200201 西瓜沙棘慕斯,图标列
icon200202.png,200202 阳光青提舒芙蕾,图标列
icon200203.png,200203 彩虹草莓千层,图标列
icon200204.png,200204 汉堡,图标列
icon200205.png,200205 青瓜鸡蛋饼,图标列
icon200206.png,200206 浆果松饼,图标列
icon200207.png,200207 独葵蜂蜜饼干,图标列
icon200208.png,200208 葡萄干吐司,图标列
icon200209.png,200209 草莓蛋糕,图标列
icon200210.png,200210 牛角包,图标列
icon200211.png,200211 面包,图标列
icon200212.png,200212 超级米发糕,图标列
icon200213.png,200213 日光番茄佛卡夏,图标列
icon200214.png,200214 胡萝卜南瓜盅,图标列
icon200215.png,200215 莲藕核桃糕,图标列
icon200216.png,200216 木餐盘,图标列
icon200217.png,200217 高脚餐盘,图标列
icon200218.png,200218 餐点展示柜,图标列
icon200220.png,200220 玉米垛,图标列
icon200221.png,200221 囤积箱,图标列
icon200222.png,200222 囤积桶,图标列
icon200248.png,200248 符文祭坛; 200251 破损的祭坛,图标列
icon200249.png,200249 星尘传送门,图标列
icon200250.png,200250 暗影铁栏,图标列
icon200253.png,200253 幻觉菇,图标列
icon200254.png,200254 荧菇,图标列
icon200257.png,200257 菇排,图标列
icon200258.png,200258 炸蘑菇,图标列
icon200259.png,200259 荧菇炖汤,图标列
icon200260.png,200260 星光面包,图标列
icon200261.png,200261 星辉花饼,图标列
icon200262.png,200262 荧藻冻,图标列
icon200263.png,200263 星斑野猪排,图标列
icon200369.png,200369 封闭的木板,图标列
icon200371.png,200371 蜡烛灯,图标列
icon200375.png,200375 木板凳,图标列
icon200376.png,200376 木桌子,图标列
icon200377.png,200377 木沙发,图标列
icon200379.png,11857 储存箱,图标列
icon200382.png,200382 虚空果实; 200383 虚空果实预留; 200384 虚空果实预留; 200385 虚空果实预留; 200386 虚空果实预留; 200387 虚空果实预留; 200388 虚空果实预留,图标列
icon200389.png,200389 虚空超级无敌大漩涡炸弹,图标列
icon200393.png,200393 虚空果树种子,图标列
icon200394.png,200394 虚空风铃花种子,图标列
icon200395.png,200395 虚空风铃花,图标列
icon200396.png,200396 虚空龙爪草种子,图标列
icon200397.png,200397 虚空龙爪草,图标列
icon200398.png,200398 虚空星辰花,图标列
icon200399.png,200399 虚空若兰,图标列
icon200400.png,200400 虚空龙血花,图标列
icon200401.png,200401 虚空龙血树,图标列
icon200402.png,200402 虚空风信子,图标列
icon200403.png,200403 虚空黄钟花,图标列
icon200404.png,200404 虚空忘忧草,图标列
icon200405.png,200405 虚空雪滴花,图标列
icon200406.png,200406 虚空月季,图标列
icon200407.png,200407 虚空冬温花,图标列
icon200408.png,200408 虚空彼岸花,图标列
icon200411.png,200411 虚空晶体,图标列
icon200412.png,200412 虚空鲜奶,图标列
icon200417.png,200417 虚空之花,图标列
icon200418.png,200418 土笋种子,图标列
icon200419.png,200419 紫苏种子,图标列
icon200421.png,200421 虚空蝴蝶玻璃瓶,图标列
icon200422.png,200422 虚空兽肉,图标列
icon200429.png,200429 神灵石像,图标列
icon200430.png,200430 许愿星; 200431 许愿星,图标列
icon200440.png,200440 电脑,图标列
icon200441.png,200441 僵尸召唤器,图标列
icon201002.png,12735 相册,图标列
icon201003.png,201003 相框; 201007 内部相框,图标列
icon201004.png,,
icon201005.png,12737 花海相册,图标列
icon201006.png,201006 奇遇相框,图标列
icon201011.png,201011 烘焙箱,图标列
icon201014.png,201014 草原部落图腾,图标列
icon201015.png,201015 沙漠部落图腾,图标列
icon201016.png,201016 渔村部落图腾,图标列
icon201017.png,201017 养殖旗帜,图标列
icon201018.png,13160 生物蛋-陈旧的扫把; 201018 陈旧的扫把,图标列
icon201019.png,201019 蘑菇村图腾,图标列
icon201020.png,201020 四叶草村图腾,图标列
icon20148.png,20148 敦煌飞天雕塑碎片,icon+ID
icon20149.png,20149 骆驼雕塑碎片,icon+ID
icon20150.png,20150 敦煌石窟碎片,icon+ID
icon201501.png,201501 田园衣柜,图标列
icon201502.png,201502 田园木箱,图标列
icon201503.png,201503 田园门,图标列
icon201504.png,201504 田园装饰窗,图标列
icon201505.png,201505 田园阶梯,图标列
icon201506.png,201506 田园木椅,图标列
icon201507.png,201507 纯白坐垫,图标列
icon201508.png,201508 田园单人床,图标列
icon201509.png,201509 红色方桌,图标列
icon20151.png,20151 莲花壁画碎片,icon+ID
icon201510.png,201510 田园壁灯,图标列
icon201511.png,201511 白布窗帘,图标列
icon201512.png,201512 田园壁炉,图标列
icon201513.png,201513 田园地毯,图标列
icon201514.png,201514 堤岸碎石,图标列
icon201515.png,201515 砖石路,图标列
icon201516.png,201516 白色花盆,图标列
icon20152.png,20152 飞天女壁画碎片,icon+ID
icon201528.png,201528 蓝白坐垫,图标列
icon201529.png,201529 蓝色花盆,图标列
icon20153.png,20153 九色鹿王壁画碎片,icon+ID
icon201530.png,201530 红色花盆,图标列
icon201531.png,201531 黄色方桌,图标列
icon201532.png,201532 蓝色方桌,图标列
icon201533.png,201533 绿色方桌,图标列
icon201534.png,201534 橙色瓦片,图标列
icon201535.png,201535 红色瓦片,图标列
icon201536.png,201536 黄色瓦片,图标列
icon201537.png,201537 黑色瓦片,图标列
icon201600.png,201600 星河地板,icon+ID
icon201601.png,201601 星河门,图标列
icon201602.png,201602 星河视窗,图标列
icon201603.png,201603 星河窗帘,图标列
icon201604.png,201604 星河小圆凳,图标列
icon201605.png,201605 星河沙发椅,图标列
icon201606.png,201606 星河大沙发,图标列
icon201607.png,201607 星河床,图标列
icon201608.png,201608 星河抽屉柜,图标列
icon201609.png,201609 星河衣橱,图标列
icon201610.png,201610 星河方桌,图标列
icon201611.png,201611 星河星象吊灯,图标列
icon201612.png,201612 星河壁炉,图标列
icon201613.png,201613 星河吊饰,图标列
icon201614.png,201614 星河地毯,图标列
icon201615.png,201615 星河写作台,图标列
icon201616.png,201616 星河水晶球,图标列
icon201620.png,201620 云朵门,图标列
icon201621.png,201621 云朵视窗,图标列
icon201622.png,201622 云朵天窗,图标列
icon201623.png,201623 云朵阶梯,图标列
icon201624.png,201624 云朵懒人沙发,图标列
icon201625.png,201625 云朵躺椅,图标列
icon201626.png,201626 云朵软床,图标列
icon201627.png,201627 云朵衣橱,图标列
icon201628.png,201628 云朵小储物箱,图标列
icon201629.png,201629 云朵大储物箱,图标列
icon201630.png,201630 云朵圆桌,图标列
icon201631.png,201631 云朵花盆,图标列
icon201632.png,201632 云朵壁灯,图标列
icon201633.png,201633 云朵吊灯,图标列
icon201634.png,201634 云朵地毯,图标列
icon201635.png,201635 云朵立牌,图标列
icon201636.png,201636 云朵场景摆件,图标列
icon201637.png,201637 云朵喷泉,图标列
icon201639.png,201639 奶牛凳子,图标列
icon201640.png,201640 狗狗茶几,图标列
icon201641.png,201641 宠物坐垫,图标列
icon201642.png,201642 宠物地垫,图标列
icon201643.png,201643 储物格,图标列
icon201644.png,201644 置物格,图标列
icon201645.png,201645 熊猫壁灯,图标列
icon201646.png,201646 兔子灯,图标列
icon201647.png,201647 猫猫顶灯,图标列
icon201648.png,201648 泡泡吊灯,图标列
icon201649.png,201649 树枝灯,图标列
icon201650.png,201650 平衡木,图标列
icon201652.png,201652 猫架基座,图标列
icon201653.png,201653 猫架柱板,图标列
icon201654.png,201654 猫架楼梯,图标列
icon201655.png,201655 猫架圆顶,图标列
icon201656.png,201656 猫架方箱,图标列
icon201660.png,201660 花小楼沙发,图标列
icon201661.png,201661 花小楼床,图标列
icon201662.png,201662 花小楼衣柜,图标列
icon201663.png,201663 花小楼方桌,图标列
icon201664.png,201664 花小楼暖炉,图标列
icon201665.png,201665 花小楼冰箱,图标列
icon201666.png,201666 花小楼方柜,图标列
icon201701.png,201701 蘑古石柱头,图标列
icon201702.png,201702 蘑古石柱身,图标列
icon201703.png,201703 蘑古石柱基座,图标列
icon201705.png,201705 暗影荧菇灯,图标列
icon201735.png,201735 星辉窗帘,图标列
icon201736.png,201736 星辉门,图标列
icon201737.png,201737 星辉窗,图标列
icon201738.png,201738 星辉圆桌,图标列
icon201739.png,201739 星辉椅,图标列
icon201740.png,201740 星辉衣柜,图标列
icon201741.png,201741 星辉储物箱,图标列
icon201742.png,201742 星辉床,图标列
icon201743.png,201743 星辉火盆灯,图标列
icon201744.png,201744 星辉书柜,图标列
icon201745.png,201745 星辉地毯,图标列
icon201747.png,201747 蘑菇门,图标列
icon201748.png,201748 蘑菇窗,图标列
icon201749.png,201749 蘑菇圆桌,图标列
icon201750.png,201750 蘑菇矮凳,图标列
icon201751.png,201751 蘑菇箱,图标列
icon201752.png,201752 蘑菇灯,图标列
icon201753.png,201753 蘑菇杂物柜,图标列
icon201754.png,201754 符文方块-赤红,图标列
icon201755.png,201755 符文方块-湛蓝,图标列
icon201756.png,201756 符文方块-碧绿,图标列
icon201757.png,201757 符文方块-耀黄,图标列
icon201758.png,201758 符文方块-幽紫,图标列
icon201759.png,201759 符文方块-无,图标列
icon201760.png,201760 蚀化召唤阵,图标列
icon201761.png,201761 星尘神像,图标列
icon201762.png,201762 破损的星尘神像,图标列
icon201763.png,201763 流星块,图标列
icon201766.png,201766 暗影铁栏门,图标列
icon201769.png,201769 蘑菇落地灯,图标列
icon201770.png,201770 蘑菇小圆桌,图标列
icon201771.png,201771 星辉小榻,图标列
icon201906.png,201906 蘑古碎石,图标列
icon201907.png,201907 蘑晶石矿,图标列
icon201908.png,201908 大蘑晶石矿,图标列
icon201909.png,201909 荧菇丛,图标列
icon201910.png,201910 荧菇作物,图标列
icon201911.png,201911 星辉花作物,图标列
icon201912.png,201912 星辉花,图标列
icon201913.png,201913 星辉三叶草作物,图标列
icon201914.png,201914 星辉三叶草,图标列
icon201915.png,201915 星辉四叶草,图标列
icon201916.png,201916 星芒麦作物,图标列
icon201917.png,201917 星芒麦(野外),图标列
icon201919.png,201919 晶髓花簇,icon+ID
icon201920.png,201920 蹦床菇,图标列
icon201921.png,201921 星露莓丛,图标列
icon201922.png,201922 星水草,图标列
icon201923.png,201923 星辉莲花,图标列
icon201924.png,201924 星辉浮藻,图标列
icon201925.png,201925 音乐菇,图标列
icon201926.png,201926 荧光藻,图标列
icon201930.png,201930 滑伞菇,图标列
icon20201.png,20201 单身汪,icon+ID
icon20202.png,20202 莉莉丝,icon+ID
icon21619.png,21619 装扮金钥,图标列
icon226.png,226 土笋,图标列
icon227.png,227 紫苏,图标列
icon228.png,228 独葵,图标列
icon229.png,229 玉米; 243 野生玉米; 1452 向阳花; 1453 红色忘忧草; 1454 龙血花; 1455 月季; 1456 小白菊; 1457 茶树; 1458 香蕉树; 1459 巨鳞羽果; 1460 芒果树; 1461 梨树; 1462 柑橘树; 1463 桃子树; 1464 水稻; 1465 玉米; 1466 番薯; 1467 南瓜; 1468 甘蔗; 1469 满的蜂巢; 1470 辣椒树; 1471 棉花树; 1472 果树; 1473 落叶松; 1474 白杨树; 1475 红杉树; 1476 楠树; 1477 胡桃树; 1478 食用小蘑菇; 1479 食用小红菇; 1480 咖啡豆树; 1481 红杉果树; 1482 氧气果树; 1483 橙色忘忧草; 1484 灰色忘忧草; 1485 粉色忘忧草; 1486 胡萝卜; 1493 向阳花（苗）; 1494 红色忘忧草（苗）; 1495 橙色忘忧草（苗）; 1496 灰色忘忧草（苗）; 1497 粉色忘忧草（苗）; 1498 龙血花（苗）; 1499 月季（苗）; 1500 小白菊（苗）; 1501 巨鳞羽果（苗）; 1502 南瓜（苗）; 1503 果木树苗; 1504 落叶松树苗; 1505 白杨树苗; 1506 胡桃树苗; 1507 胡杨树; 1508 胡杨树苗; 1509 芦荟; 1510 花生; 1511 大麦; 1512 芝麻; 1513 生菜; 1514 甜菜; 1515 西红柿; 1516 高丹草; 1517 甘蓝; 1518 玉米; 1519 青椒; 1520 小地星; 1521 萝卜; 1522 花椰菜; 1523 韭菜; 1524 红枣; 1525 野萝卜; 1526 油菜花; 1527 青稞; 1528 椰树; 1529 覆盆子; 1530 蛋黄果; 1531 红高粱; 1532 圆椒; 1533 豌豆; 1534 蓝莓; 1535 草莓; 1536 菠萝; 1537 葡萄; 1538 樱桃; 1539 灵芝; 1540 火龙果; 1541 五彩椒; 1542 网盖红褶伞; 1543 人参; 200141 玉米,图标列
icon230.png,230 巨布鲁果,icon+ID
icon231.png,231 巨布鲁果苗,图标列
icon232.png,232 气根,图标列
icon234.png,234 水稻,图标列
icon235.png,235 光须茸草,图标列
icon236.png,236 青瓜,图标列
icon237.png,237 红杉果,图标列
icon238.png,238 荆棘草,图标列
icon239.png,239 巨鳞羽果,icon+ID
icon240.png,240 巨鳞羽果苗,图标列
icon241.png,241 番薯; 200147 番薯,图标列
icon242.png,242 仙人掌茎,icon+ID
icon243.png,243 野生玉米,icon+ID
icon244.png,244 圣诞树,图标列
icon245.png,245 水草,图标列
icon246.png,246 海带,图标列
icon24601.png,24601 定制装扮特权卡,图标列
icon247.png,247 漂浮的花瓣,图标列
icon248.png,248 漂浮的木板,图标列
icon24806.png,24806 装扮碎片,图标列
icon249.png,249 松果,图标列
icon250.png,250 荷花,图标列
icon2518.png,,
icon2519.png,,
icon2540.png,,
icon2541.png,,
icon2542.png,,
icon2544.png,,
icon2545.png,,
icon2546.png,,
icon2547.png,,
icon2548.png,,
icon2549.png,,
icon2550.png,,
icon2551.png,,
icon2552.png,,
icon2553.png,,
icon2554.png,,
icon2555.png,,
icon2556.png,,
icon2557.png,,
icon2558.png,,
icon2559.png,,
icon2560.png,,
icon2561.png,,
icon2562.png,,
icon2563.png,,
icon2564.png,,
icon258.png,258 珍木树叶,icon+ID
icon259.png,259 珍木树苗,图标列
icon263.png,263 星光孢子种子,图标列
icon269.png,269 荧光彩色草,图标列
icon27.png,27 远方的漂流瓶,图标列
icon293.png,293 茸草,图标列
icon295.png,295 大椰子,icon+ID
icon297.png,297 异化大椰子,icon+ID
icon298.png,298 燃烧的小火炬,图标列
icon299.png,299 熄灭的小火炬,图标列
icon300.png,300 风铃花; 62436 变质向阳花,图标列
icon301.png,301 若兰,图标列
icon302.png,302 星辰花,图标列
icon303.png,303 龙血花; 62418 龙血花,图标列
icon304.png,304 风信子,图标列
icon305.png,305 龙爪草,图标列
icon306.png,306 龙血树,图标列
icon307.png,307 红色忘忧草,图标列
icon308.png,308 橙色忘忧草,图标列
icon309.png,309 灰色忘忧草,图标列
icon31.png,31 坚固冰棱,图标列
icon310.png,310 粉色忘忧草,图标列
icon3101.png,13100 生物模型; 13101 野人战士,图标列
icon3102.png,13102 野萌宝,图标列
icon3105.png,13105 野人投矛手; 15050 投射物-野人投矛手; 15539 投射物-蜘蛛,图标列
icon3107.png,13107 蝙蝠,图标列
icon3108.png,13108 游戏版本过低,图标列
icon3109.png,13109 爆爆蛋,图标列
icon311.png,311 雪滴花,图标列
icon3117.png,,
icon312.png,312 黄钟花,图标列
icon3121.png,,
icon313.png,313 月季; 62419 野蔷薇,图标列
icon3130.png,13130 熔岩巨人,图标列
icon3131.png,13131 硫黄弓手; 15051 投射物-硫黄弓手; 15068 投射物-混乱弓手,图标列
icon32.png,32 脆冰棱,图标列
icon3309.png,,
icon3310.png,,
icon3311.png,,
icon3312.png,,
icon3313.png,,
icon332.png,11873 树枝,图标列
icon3400.png,10124 生物蛋模板; 13315 生物蛋-活化生物1; 13316 生物蛋-活化生物2; 13400 生物蛋-嘟嘟鸟,图标列
icon3401.png,13401 生物蛋-沃沃兽; 13426 生物蛋-驯服的沃沃兽,图标列
icon3402.png,13402 生物蛋-墩墩; 62105 墩墩,图标列
icon3403.png,13403 生物蛋-角鹿,图标列
icon3404.png,13404 生物蛋-马,图标列
icon3405.png,,
icon3406.png,62107 生物蛋道具7,图标列
icon3407.png,13407 生物蛋-狐狸; 13408 生物蛋-灵狐; 13432 生物蛋-驯服的灵狐; 62108 生物蛋道具8,图标列
icon3408.png,62109 生物蛋道具9,图标列
icon3409.png,13409 生物蛋-企鹅; 62110 生物蛋道具10,图标列
icon3410.png,62111 生物蛋道具11,图标列
icon3411.png,13411 生物蛋-野生鸵鸟; 13427 生物蛋-驯服的鸵鸟; 62112 生物蛋道具12,图标列
icon3412.png,13412 生物蛋-野生冰熊; 13428 生物蛋-驯服的冰熊; 62113 生物蛋道具13,图标列
icon3413.png,13413 生物蛋-野生速龙; 13429 生物蛋-驯服的速龙; 62114 生物蛋道具14,图标列
icon3414.png,62115 生物蛋道具15,图标列
icon3415.png,62116 生物蛋道具16,图标列
icon344.png,344 玉米粉,图标列
icon346.png,346 巨型扇贝,图标列
icon347.png,347 败草,图标列
icon3501.png,13365 生物蛋-星尘境虚空使徒; 13366 生物蛋-星尘境虚空使祭司; 13367 生物蛋-星尘境虚空使大祭司; 13501 生物蛋-虚空使徒; 13934 生物蛋-虚空使徒; 13946 极光; 13947 虚空分身,图标列
icon3502.png,15054 投射物-黑龙火球; 15055 投射物-黑龙熔岩石柱; 15056 投射物-黑龙熔岩球; 15057 投射物-混乱召唤球; 15058 投射物-小外星人A; 15059 投射物-小外星人B; 15060 投射物-小外星人C; 15061 投射物-萌眼叮叮; 15062 投射物-萌眼咚咚; 15063 投射物-萌眼当当; 15064 投射物-萌眼叮咚; 15065 投射物-萌眼叮当; 15066 投射物-萌眼咚当; 15067 投射物-萌眼咻咻; 15072 投射物-年兽boss; 15073 投射物-沙球; 15074 投射物-沙矛; 15075 投射物-骆驼口水; 15077 超级直球; 15600 羽蛇神投掷物; 15601 机械boss头部火球; 15602 机械boss左手钻头; 15603 机械精英炮兵左手投掷物; 15604 机械精英炮兵回血投掷物; 15605 机械小怪发射投掷物,图标列
icon363.png,363 按钮-触碰; 11869 星能装置,图标列
icon364.png,364 按钮-普通,图标列
icon373.png,373 钥匙门,图标列
icon378.png,378 乔木果,图标列
icon381.png,381 腐化败草,图标列
icon3810.png,,
icon3812.png,,
icon3813.png,,
icon3814.png,,
icon382.png,382 雨林乔木树苗,图标列
icon38201.png,38201 至暗时刻,icon+ID
icon38202.png,38202 小魔女,icon+ID
icon383.png,383 香蕉树苗,图标列
icon384.png,384 香蕉树叶,图标列
icon385.png,385 香蕉方块,图标列
icon386.png,386 香蕉树干,图标列
icon388.png,388 星点草,图标列
icon3881.png,13430 生物蛋-驯服的焱焱蟹; 13881 生物蛋-焱焱蟹,图标列
icon3883.png,13431 生物蛋-驯服的雀莺; 13883 生物蛋-雀莺,图标列
icon3885.png,13885 红薇蝶,图标列
icon3886.png,13886 兰青蝶,图标列
icon3887.png,13887 香粉蝶,图标列
icon3888.png,13888 白香蝶,图标列
icon3889.png,13889 龙信蝶,图标列
icon3890.png,13890 舌钟蝶,图标列
icon3892.png,13892 符文怪,图标列
icon390.png,390 花纹细柱; 11870 装饰方块,图标列
icon390000.png,390000 课桌,图标列
icon390001.png,390001 课椅,图标列
icon390002.png,390002 讲台,图标列
icon390003.png,390003 教室门牌,图标列
icon390004.png,390004 条形吊灯,图标列
icon390005.png,390005 时钟,图标列
icon390006.png,390006 铁网围栏,图标列
icon390007.png,390007 教室门,图标列
icon390008.png,390008 学校储物柜,图标列
icon390009.png,390009 画板,图标列
icon390012.png,390012 木框玻璃窗,图标列
icon390022.png,390022 运动场围栏门,图标列
icon390025.png,390025 [水墨]荷花,图标列
icon390026.png,390026 [水墨]深色中式窗,图标列
icon390027.png,390027 [水墨]深色中式门,图标列
icon390028.png,390028 [水墨]棋盘石桌,图标列
icon390029.png,390029 [水墨]石凳,图标列
icon390031.png,390031 [水墨]白石头围栏,图标列
icon390032.png,390032 [水墨]屏风-黄花,图标列
icon390033.png,390033 [水墨]屏风-黄叶,图标列
icon390034.png,390034 [水墨]屏风-梅花,图标列
icon390035.png,390035 [水墨]屏风-竹,图标列
icon390036.png,390036 [水墨]中式床,图标列
icon390037.png,390037 [水墨]中式沙发,图标列
icon390038.png,390038 [水墨]中式书桌,图标列
icon390039.png,390039 [水墨]中式餐桌,icon+ID
icon390040.png,390040 [水墨]中式茶几,图标列
icon390041.png,390041 [水墨]中式洗手台,图标列
icon390042.png,390042 [水墨]中式椅子,图标列
icon390043.png,390043 [水墨]中式马桶,图标列
icon390044.png,390044 [水墨]中式浴缸,图标列
icon390045.png,390045 [水墨]中式衣柜,图标列
icon390046.png,390046 [水墨]中式橱柜,图标列
icon390047.png,390047 [水墨]中式半格橱柜,图标列
icon390048.png,390048 [水墨]中式组合柜,图标列
icon390049.png,390049 [水墨]中式立体灯,图标列
icon390050.png,390050 [水墨]中式吊灯,图标列
icon390051.png,390051 [水墨]中式壁灯,图标列
icon390052.png,390052 [水墨]中式门,图标列
icon390053.png,390053 [水墨]中式窗,图标列
icon390054.png,390054 [水墨]中式围栏,图标列
icon390055.png,390055 [水墨]廊窗,图标列
icon390056.png,390056 [水墨]挂落边靠,图标列
icon390057.png,390057 [水墨]挂落,图标列
icon390058.png,390058 [水墨]盆栽,图标列
icon390059.png,390059 [水墨]中式楼梯,图标列
icon390060.png,390060 [水墨]景观石一,图标列
icon390061.png,390061 [水墨]景观石二,图标列
icon390062.png,390062 [水墨]景观石三,图标列
icon390063.png,390063 [水墨]景观石四,图标列
icon390064.png,390064 [水墨]景观石五,图标列
icon390066.png,390066 [水墨]抱鼓石,图标列
icon390067.png,390067 [水墨]松树,图标列
icon390068.png,390068 [水墨]桃树,图标列
icon390069.png,390069 [水墨]竹子,图标列
icon390070.png,390070 [水墨]柱台,图标列
icon390071.png,390071 [水墨]枫树,图标列
icon390072.png,390072 [水墨]鸱吻,图标列
icon390073.png,390073 [水墨]兰草,图标列
icon390074.png,390074 [水墨]石灯,图标列
icon390075.png,390075 [水墨]石灯二,图标列
icon390076.png,390076 [水墨]地毯,图标列
icon390077.png,390077 [水墨]窗帘,图标列
icon390078.png,390078 [水墨]牌匾,图标列
icon390079.png,390079 [水墨]挂画,图标列
icon390081.png,390081 [水墨]鼓,图标列
icon390082.png,390082 [水墨]古筝,图标列
icon390083.png,390083 [水墨]书柜,图标列
icon390084.png,390084 [水墨]装画卷的缸,图标列
icon390085.png,390085 [水墨]高脚凳,图标列
icon390086.png,390086 [水墨]书椅,图标列
icon390087.png,390087 [水墨]笔架,图标列
icon390088.png,390088 [水墨]竹筏,图标列
icon390089.png,390089 [水墨]芦苇,图标列
icon390090.png,390090 [水墨]油纸伞,图标列
icon390091.png,390091 [水墨]青绿荷花,图标列
icon390092.png,390092 [水墨]青花瓷茶壶,图标列
icon390093.png,390093 [水墨]青花瓷茶杯,图标列
icon390094.png,390094 [水墨]青花瓷盘子（横）,图标列
icon390095.png,390095 [水墨]青花瓷盘子（竖）,图标列
icon390096.png,390096 [水墨]青花瓷碗,图标列
icon390097.png,390097 [水墨]小型青花瓷瓶,图标列
icon390098.png,390098 [水墨]中小型青花瓷瓶,图标列
icon390099.png,390099 [水墨]中型青花瓷瓶,图标列
icon390100.png,390100 [水墨]中大型青花瓷瓶,图标列
icon390101.png,390101 [水墨]大型青花瓷瓶,图标列
icon390102.png,390102 [水墨]大型青花瓷缸,图标列
icon390103.png,390103 [水墨]大型储物箱（横）,图标列
icon390104.png,390104 [水墨]灯笼,图标列
icon390105.png,390105 [水墨]大型储物箱（竖）,图标列
icon390106.png,390106 [水墨]纸窗,图标列
icon390107.png,390107 [水墨]竹帘,图标列
icon390108.png,390108 [水墨]纸门,图标列
icon390111.png,390111 路障雪糕筒,图标列
icon390112.png,390112 铁梯子,图标列
icon390113.png,390113 修补铁板,图标列
icon390114.png,390114 垃圾桶,图标列
icon390115.png,390115 保护环境奖杯,图标列
icon390117.png,390117 学院宝箱（真）,icon+ID
icon390118.png,390118 学院宝箱（怪物）,icon+ID
icon392.png,392 灌木丛,图标列
icon397.png,262 苔藓; 397 苔藓,图标列
icon4001.png,,
icon415.png,415 星能块,图标列
icon431.png,431 风铃花种子,图标列
icon432.png,432 若兰花种子,图标列
icon433.png,433 星辰花种子,图标列
icon434.png,434 龙血花种子; 62003 龙血花种子,图标列
icon435.png,435 风信子种子,图标列
icon436.png,436 龙爪草种子,图标列
icon437.png,437 龙血树种子,图标列
icon438.png,438 红色忘忧草种子; 62002 红色忘忧草种子,图标列
icon439.png,439 橙色忘忧草种子; 62033 橙色忘忧草种子,图标列
icon440.png,440 灰色忘忧草种子; 62034 灰色忘忧草种子,图标列
icon441.png,441 粉色忘忧草种子; 62035 粉色忘忧草种子,图标列
icon442.png,442 雪滴花种子,图标列
icon443.png,443 黄钟花种子,图标列
icon444.png,444 月季种子; 62004 月季种子,图标列
icon456.png,456 黄铜块,图标列
icon457.png,457 钛合金块,图标列
icon462.png,462 鸵鸟蛋,icon+ID
icon464.png,464 菌丝体,图标列
icon465.png,465 洋红毒菇,图标列
icon466.png,466 星光孢子饲料,图标列
icon467.png,467 变异土笋饲料,图标列
icon468.png,468 变异紫苏饲料,图标列
icon483.png,483 壁画,图标列
icon484.png,484 帐篷,图标列
icon485.png,485 珊瑚幼体,icon+ID
icon486.png,486 角珊瑚,icon+ID
icon487.png,487 白化角珊瑚,icon+ID
icon488.png,488 气泡珊瑚,icon+ID
icon489.png,489 白化气泡珊瑚,icon+ID
icon490.png,490 圆盘珊瑚,icon+ID
icon49001.png,49001 庆典礼盒; 49010 奇妙幻想季积分礼包; 49011 小兔叽幸运宠物礼包; 49012 小麦幸运宠物礼包; 49013 爱心宝宝宠物礼包; 49014 小创喵宠物礼包; 49015 秋之旋律季积分礼包; 49016 凛冬童谣季积分礼包; 49021 绿野牧歌季积分礼包; 49022 街头涂鸦季积分礼包; 49023 童趣缤纷季积分礼包; 49024 齿轮梦旅季积分礼包; 49025 纯白圆舞曲积分礼包; 49026 落雪迎新岁积分礼包; 49027 春旅山行季积分礼包; 49028 假面舞会季积分礼包; 49029 经典坐骑自选包; 49030 礼包预留道具16; 49031 礼包预留道具17; 49032 礼包预留道具18; 49033 迷你变形车坐骑碎片礼包; 49048 新愿装扮自选礼盒; 49109 198迷你币装扮自选礼盒; 49110 268迷你币装扮自选礼盒; 49111 298迷你币装扮自选礼盒,图标列
icon49002.png,49002 萌熊礼盒; 49008 新春系列专属定制装扮礼包; 49009 圣诞系列专属定制装扮礼包; 49017 随机坐骑碎片（3个）; 49018 随机坐骑碎片（5个）; 49045 冒险装扮自选礼盒; 49050 外观部件自选礼盒; 49112 328迷你币装扮自选礼盒; 49113 368迷你币装扮自选礼盒; 49114 398迷你币装扮自选礼盒; 49115 特效自选礼盒; 49120 100迷你币定制自选1; 49121 100迷你币定制自选2; 49124 山川云海幸运礼盒; 49126 随机礼盒备用; 49127 随机礼盒备用; 49133 398迷你币装扮自选礼盒,图标列
icon49003.png,49003 幸运礼盒; 49006 云宝女孩好运礼包; 49007 月亮公主好运礼包; 49019 随机角色碎片（2个）; 49020 随机角色碎片（5个）; 49041 装扮碎片自选礼盒 ; 49047 迷萌装扮自选礼盒; 49116 30迷你币定制自选1; 49117 30迷你币定制自选2; 49122 150迷你币定制自选,图标列
icon49004.png,49004 星光礼盒; 49005 碎片自选礼包; 49042 坐骑碎片自选礼盒; 49044 生日装扮自选礼盒; 49046 武侠装扮自选礼盒; 49059 新老兵专宠称号礼包; 49118 60迷你币定制自选1; 49119 60迷你币定制自选2; 49123 180迷你币定制自选; 49128 自选礼盒备用; 49129 自选礼盒备用; 49130 自选礼盒备用; 49135 60迷你币定制自选1; 49136 60迷你币定制自选2,图标列
icon49034.png,49034 7周年限定装扮自选礼盒,图标列
icon49035.png,49035 迷你盲盒装扮体验券; 49036 迷你盲盒装扮券（3天）; 49037 迷你盲盒装扮券（7天）; 49038 迷你盲盒装扮券（30天）; 49039 迷你盲盒装扮券（永久）,图标列
icon49040.png,49040 迷你币幸运卡; 49064 积分专属抽奖券,图标列
icon49043.png,49043 麒麟幸运礼盒,图标列
icon49049.png,49049 周年装扮自选礼盒,图标列
icon49051.png,49051 默契礼物随机礼盒,图标列
icon49052.png,49052 S19悦享卡外观自选包; 49057 S20悦享卡外观自选包; 49061 S21悦享卡外观自选包,图标列
icon49053.png,49053 S19悦享卡头像框自选包; 49058 S20悦享卡头像框自选包; 49062 S21悦享卡头像框自选包,图标列
icon49054.png,49054 三丽鸥家族联动外观自选礼盒,图标列
icon49055.png,49055 三丽鸥家族联动定制外观自选礼盒,图标列
icon49056.png,49056 三丽鸥家族联动头像框自选礼盒,图标列
icon49060.png,49060 MBTI自选礼包,图标列
icon49063.png,49063 喷漆自选礼包,图标列
icon49065.png,49065 积分专属初级礼券,图标列
icon49066.png,49066 积分专属中级礼券,图标列
icon49067.png,49067 积分专属高级礼券,图标列
icon491.png,491 白化圆盘珊瑚,icon+ID
icon49105.png,10059 悦享装扮礼盒; 49105 悦享装扮礼盒,图标列
icon49106.png,10060 悦享武器礼盒; 49106 悦享武器礼盒,图标列
icon49107.png,49107 冒险道具礼盒,图标列
icon49108.png,49108 福袋; 49134 福袋,图标列
icon49125.png,49125 种子福袋,图标列
icon49131.png,49131 装扮自选礼包,图标列
icon49137.png,49137 高级皮肤自选礼盒,图标列
icon49138.png,49138 普通皮肤自选礼盒,图标列
icon49139.png,49139 武器自选礼盒,图标列
icon492.png,492 树珊瑚,icon+ID
icon493.png,493 白化树珊瑚,icon+ID
icon498.png,498 调色架; 508 调色架（挂墙）,图标列
icon500.png,500 火,图标列
icon52103.png,62103 牛,图标列
icon52104.png,62104 羊,图标列
icon535.png,11860 围栏,图标列
icon550001.png,550001 食谱-demo蔬菜饭团,图标列
icon550002.png,550002 食谱-冰焰双果披萨; 550003 食谱-西瓜沙棘慕斯; 550004 食谱-阳光青提舒芙蕾; 550005 食谱-彩虹草莓千层; 550006 食谱-汉堡; 550007 食谱-青瓜鸡蛋饼; 550008 食谱-浆果松饼; 550009 食谱-独葵蜂蜜饼干; 550010 食谱-葡萄干吐司; 550011 食谱-草莓蛋糕; 550012 食谱-牛角包; 550013 食谱-面包; 550014 食谱-超级米发糕; 550015 食谱-日光番茄佛卡夏; 550016 食谱-胡萝卜南瓜盅; 550017 食谱-莲藕核桃糕,图标列
icon550101.png,550101 星露莓,图标列
icon550102.png,550102 星斑野猪肉,图标列
icon550104.png,550104 鲜幻彩霓虹,图标列
icon550105.png,550105 鲜幽兰刺龟,图标列
icon550106.png,550106 鲜冰雪明珠,图标列
icon550107.png,550107 鲜冰晶玉壶,图标列
icon550108.png,550108 鲜星夜光纹,图标列
icon550109.png,550109 鲜长颌白鲑,图标列
icon550110.png,550110 鲜浪里白条,图标列
icon550111.png,550111 鲜炫彩灵锤,图标列
icon550112.png,550112 星尘烤鱼,图标列
icon550120.png,550120 星露莓果汁,图标列
icon550121.png,550121 星辉药剂,图标列
icon555.png,555 木窗,图标列
icon556.png,556 玻璃窗; 11861 窗户,图标列
icon557.png,557 象牙白玻璃窗,图标列
icon581.png,581 天气预报器,图标列
icon582.png,582 豹纹睡袋,图标列
icon586.png,585 无名纪念碑; 586 祭坛石碑,图标列
icon587.png,587 神圣果实,图标列
icon588.png,588 烈焰断剑,图标列
icon589.png,589 石人之眼,图标列
icon591.png,591 神圣树种子,图标列
icon594.png,594 星站控制台,图标列
icon595.png,595 一级传送舱; 150901 传送舱,图标列
icon596.png,596 石制雕像,图标列
icon597.png,597 二级传送舱; 150902 星站,图标列
icon62001.png,62001 向阳花种子,图标列
icon62005.png,62005 小白菊种子,图标列
icon62006.png,62006 茶树种子,图标列
icon62007.png,62007 香蕉树苗,图标列
icon62008.png,62008 西瓜种子,图标列
icon62009.png,62009 芒果树苗,图标列
icon62010.png,62010 梨子树苗,图标列
icon62011.png,62011 柑橘种子,图标列
icon62012.png,62012 桃子树苗,图标列
icon62014.png,62014 麦子种子,图标列
icon62015.png,62015 土豆种子,图标列
icon62016.png,62016 南瓜种子,图标列
icon62017.png,62017 甘蔗种子,图标列
icon62019.png,62019 辣椒树种子,图标列
icon62020.png,11419 棉花树种子; 62020 棉花树种子,图标列
icon62029.png,62029 咖啡豆种子,图标列
icon62032.png,62032 胡萝卜种子,图标列
icon62036.png,62036 胡杨树树苗,图标列
icon62037.png,62037 芦荟种子,图标列
icon62038.png,62038 花生种子,图标列
icon62039.png,62039 大麦种子,图标列
icon62040.png,62040 芝麻种子,图标列
icon62041.png,62041 生菜种子,图标列
icon62042.png,62042 甜菜种子,图标列
icon62043.png,62043 西红柿种子,图标列
icon62044.png,62044 高丹草种子,图标列
icon62045.png,62045 甘蓝种子,图标列
icon62046.png,62046 玉米种子,图标列
icon62047.png,62047 青椒种子,图标列
icon62048.png,62048 萝卜种子,图标列
icon62049.png,62049 小地星种子,图标列
icon62050.png,62050 花椰菜种子,图标列
icon62051.png,62051 韭菜种子,图标列
icon62052.png,62052 红枣树种子,图标列
icon62053.png,62053 黄瓜种子,图标列
icon62054.png,62054 油菜花种子,图标列
icon62055.png,62055 青稞种子,图标列
icon62056.png,62056 椰树种子,图标列
icon62057.png,62057 覆盆子种子,图标列
icon62058.png,62058 蛋黄果树种子,图标列
icon62059.png,62059 红高粱种子,图标列
icon62060.png,62060 圆椒种子,图标列
icon62061.png,62061 豌豆种子,图标列
icon62062.png,62062 蓝莓树种子,图标列
icon62063.png,62063 草莓种子,图标列
icon62064.png,62064 菠萝树种子,图标列
icon62065.png,62065 葡萄树种子,图标列
icon62066.png,62066 樱桃树种子,图标列
icon62067.png,62067 灵芝种子,图标列
icon62068.png,62068 火龙果树种子,图标列
icon62069.png,62069 五彩椒种子,图标列
icon62070.png,62070 网盖红褶伞种子,图标列
icon62071.png,62071 人参种子,图标列
icon62101.png,62101 鸡,图标列
icon62105.png,62105 墩墩,icon+ID
icon62401.png,62401 咖啡豆,图标列
icon62404.png,62404 茶叶,图标列
icon62406.png,62406 芒果,图标列
icon62407.png,62407 梨子,图标列
icon62408.png,62408 柑橘,图标列
icon62409.png,12601 桃子; 62409 桃子,图标列
icon62410.png,12600 棉花; 62410 棉花,图标列
icon62411.png,62411 辣椒,图标列
icon62412.png,62412 胡萝卜,图标列
icon62413.png,62413 向阳花,图标列
icon62420.png,62420 小白菊,图标列
icon62423.png,62423 西瓜,图标列
icon62431.png,62431 麦子,图标列
icon62432.png,62432 土豆,图标列
icon62433.png,62433 南瓜,图标列
icon62434.png,62434 甘蔗,图标列
icon62437.png,62437 胡杨原木,icon+ID
icon62438.png,62438 芦荟,图标列
icon62439.png,62439 花生,图标列
icon62440.png,62440 大麦,图标列
icon62441.png,62441 芝麻,图标列
icon62442.png,62442 生菜,图标列
icon62443.png,62443 甜菜,图标列
icon62444.png,62444 西红柿,图标列
icon62445.png,62445 高丹草,图标列
icon62446.png,62446 甘蓝,图标列
icon62447.png,62447 玉米,图标列
icon62448.png,62448 青椒,图标列
icon62449.png,62450 小地星,图标列
icon62450.png,62449 萝卜,图标列
icon62451.png,62451 花椰菜,图标列
icon62452.png,62452 韭菜,图标列
icon62453.png,62453 红枣,图标列
icon62454.png,62454 黄瓜,图标列
icon62455.png,62455 油菜花,图标列
icon62456.png,62456 青稞,图标列
icon62457.png,62457 椰子,图标列
icon62458.png,62458 覆盆子,图标列
icon62459.png,62459 蛋黄果,图标列
icon62460.png,62460 红高粱,图标列
icon62461.png,62461 圆椒,图标列
icon62462.png,62462 豌豆,图标列
icon62463.png,62463 蓝莓,图标列
icon62464.png,62464 草莓,图标列
icon62465.png,62465 菠萝,图标列
icon62466.png,62466 葡萄,图标列
icon62467.png,62467 樱桃,图标列
icon62468.png,62468 灵芝,图标列
icon62469.png,62469 火龙果,图标列
icon62470.png,62470 五彩椒,图标列
icon62471.png,62471 网盖红褶伞,图标列
icon62472.png,62472 人参,图标列
icon62801.png,62801 大山牌粗制肥料,图标列
icon62802.png,62802 大山牌精制肥料,图标列
icon62803.png,62803 高级肥料,图标列
icon62804.png,62804 一袋精研草木灰,图标列
icon62906.png,62906 小鸡蛋,图标列
icon63003.png,63003 力哥牌粗制饲料,图标列
icon63004.png,63004 力哥牌精制饲料,图标列
icon63005.png,63005 高级饲料,图标列
icon64001.png,64001 葵花籽,图标列
icon64003.png,64003 面粉,图标列
icon64007.png,64007 小麦面包,图标列
icon64015.png,64015 蛋炒饭; 64090 普通蛋炒饭; 64091 佳品蛋炒饭; 64092 极品蛋炒饭; 64093 绝味蛋炒饭,图标列
icon64017.png,64017 面条汤; 64098 普通面条汤; 64099 佳品面条汤; 64100 极品面条汤; 64101 绝味面条汤,图标列
icon64025.png,64025 鸡肉汉堡; 64130 普通鸡肉汉堡; 64131 佳品鸡肉汉堡; 64132 极品鸡肉汉堡; 64133 绝味鸡肉汉堡,图标列
icon64026.png,64026 牛肉汉堡; 64134 普通牛肉汉堡; 64135 佳品牛肉汉堡; 64136 极品牛肉汉堡; 64137 绝味牛肉汉堡,图标列
icon64027.png,64027 羊肉汉堡; 64138 普通羊肉汉堡; 64139 佳品羊肉汉堡; 64140 极品羊肉汉堡; 64141 绝味羊肉汉堡,图标列
icon64028.png,64028 墩墩肉汉堡; 64142 普通墩墩肉汉堡; 64143 佳品墩墩肉汉堡; 64144 极品墩墩肉汉堡; 64145 绝味墩墩肉汉堡,图标列
icon64031.png,64031 奶酪; 64154 普通奶酪; 64155 佳品奶酪; 64156 极品奶酪; 64157 绝味奶酪,图标列
icon64032.png,64032 冰淇淋; 64158 普通冰淇淋; 64159 佳品冰淇淋; 64160 极品冰淇淋; 64161 绝味冰淇淋,图标列
icon64033.png,64033 水果冰淇淋; 64162 普通水果冰淇淋; 64163 佳品水果冰淇淋; 64164 极品水果冰淇淋; 64165 绝味水果冰淇淋,图标列
icon64034.png,64034 炒瓜子; 64166 普通炒瓜子; 64167 佳品炒瓜子; 64168 极品炒瓜子; 64169 绝味炒瓜子,图标列
icon64035.png,64035 盒装牛奶; 64170 普通盒装牛奶; 64171 佳品盒装牛奶; 64172 极品盒装牛奶; 64173 绝味盒装牛奶,图标列
icon64036.png,64036 水果奶昔; 64174 普通水果奶昔; 64175 佳品水果奶昔; 64176 极品水果奶昔; 64177 绝味水果奶昔,图标列
icon64038.png,64038 芒果汁; 64182 普通芒果汁; 64183 佳品芒果汁; 64184 极品芒果汁; 64185 绝味芒果汁,图标列
icon64039.png,64039 梨子果汁; 64186 普通梨子果汁; 64187 佳品梨子果汁; 64188 极品梨子果汁; 64189 绝味梨子果汁,图标列
icon64040.png,64040 柑橘果汁; 64190 普通柑橘果汁; 64191 佳品柑橘果汁; 64192 极品柑橘果汁; 64193 绝味柑橘果汁,图标列
icon64041.png,64041 桃子果汁; 64194 普通桃子果汁; 64195 佳品桃子果汁; 64196 极品桃子果汁; 64197 绝味桃子果汁,图标列
icon64042.png,64042 蜂蜜茶; 64198 普通蜂蜜茶; 64199 佳品蜂蜜茶; 64200 极品蜂蜜茶; 64201 绝味蜂蜜茶,图标列
icon64043.png,64043 红杉果浆; 64202 普通红杉果浆; 64203 佳品红杉果浆; 64204 极品红杉果浆; 64205 绝味红杉果浆,图标列
icon64046.png,64046 酸奶; 64214 普通酸奶; 64215 佳品酸奶; 64216 极品酸奶; 64217 绝味酸奶,图标列
icon64047.png,64047 胡萝卜汁; 64218 普通胡萝卜汁; 64219 佳品胡萝卜汁; 64220 极品胡萝卜汁; 64221 绝味胡萝卜汁,图标列
icon64048.png,64048 咖啡; 64222 普通咖啡; 64223 佳品咖啡; 64224 极品咖啡; 64225 绝味咖啡,图标列
icon64049.png,64049 清凉菊花茶; 64226 普通清凉菊花茶; 64227 佳品清凉菊花茶; 64228 极品清凉菊花茶; 64229 绝味清凉菊花茶,图标列
icon64050.png,64050 忘忧草特饮; 64230 普通忘忧草特饮; 64231 佳品忘忧草特饮; 64232 极品忘忧草特饮; 64233 绝味忘忧草特饮,图标列
icon64051.png,64051 猩红饮料; 64234 普通猩红饮料; 64235 佳品猩红饮料; 64236 极品猩红饮料; 64237 绝味猩红饮料,图标列
icon64052.png,64052 玫瑰花茶; 64238 普通玫瑰花茶; 64239 佳品玫瑰花茶; 64240 极品玫瑰花茶; 64241 绝味玫瑰花茶,图标列
icon64242.png,64242 馒头,图标列
icon64243.png,64243 糯米团,图标列
icon64244.png,64244 能量水,图标列
icon64245.png,64245 花生碎; 64246 普通花生碎; 64247 佳品花生碎; 64248 极品花生碎; 64249 绝味花生碎,图标列
icon64250.png,64250 芦荟汁; 64251 普通芦荟汁; 64252 佳品芦荟汁; 64253 极品芦荟汁; 64254 绝味芦荟汁,图标列
icon68001.png,68001 活力糖,图标列
icon68002.png,68002 神行糖,图标列
icon68003.png,68003 坚韧糖,图标列
icon68004.png,68004 精灵糖,图标列
icon68101.png,68101 清凉泡泡糖,图标列
icon68102.png,68102 芬芳泡泡糖,图标列
icon68103.png,68103 坚硬泡泡糖,图标列
icon68104.png,68104 火星石,图标列
icon68105.png,68105 蛙蛙卷轴,图标列
icon68106.png,68106 粉红棉花糖,图标列
icon68107.png,68107 汪汪围脖,图标列
icon68108.png,68108 龙蛋壳,图标列
icon68109.png,68109 金翎羽,图标列
icon68110.png,68110 幽灵糖果,图标列
icon68111.png,68111 神秘魔法书,图标列
icon68112.png,68112 跳跳皮球,图标列
icon68113.png,68113 猕猴笛子,图标列
icon68114.png,68114 孔雀羽毛,图标列
icon68115.png,68115 小麦升阶道具,图标列
icon68116.png,68116 小卷升阶道具,图标列
icon68117.png,68117 花生升阶道具,图标列
icon68118.png,68118 爱心锤,图标列
icon68119.png,68119 创极石,图标列
icon68120.png,68120 星月符石,图标列
icon68121.png,68121 电光话筒,图标列
icon68122.png,68122 云朵床垫,图标列
icon68123.png,68123 疾风刺针,图标列
icon68124.png,68124 进宝吊坠,图标列
icon68125.png,68125 闪耀灵尾,图标列
icon68126.png,68126 蓝火晶石,图标列
icon68127.png,68127 筑梦铃铛,图标列
icon68128.png,68128 特级厨师帽,图标列
icon68129.png,68129 光速手柄,图标列
icon68201.png,68201 简易滑翔翼,图标列
icon68202.png,68202 简易潜泳镜,图标列
icon68301.png,68301 清凉泡泡球,图标列
icon68302.png,68302 芬芳泡泡球,图标列
icon68303.png,68303 坚硬泡泡球,图标列
icon68304.png,68304 火辣泡泡球,图标列
icon68305.png,68305 跳跳飞标,图标列
icon68306.png,68306 蓝色月桂枝,图标列
icon68307.png,68307 牛仔围巾,图标列
icon68308.png,68308 滚烫蛋壳,图标列
icon68309.png,68309 金色羽毛,图标列
icon68310.png,68310 微光星星,图标列
icon68311.png,68311 高贵蝴蝶结,图标列
icon68312.png,68312 胖胖游泳圈,图标列
icon68501.png,68501 宠物蛋-小泡沫; 68502 宠物蛋-小泡沫; 68561 宠物蛋-小泡沫; 68562 宠物蛋-小泡沫; 68563 宠物蛋-小泡沫; 68564 宠物蛋-小泡沫,图标列
icon68503.png,68503 宠物蛋-泡泡团子; 68504 宠物蛋-泡泡团子,图标列
icon68505.png,68505 宠物蛋-圆泡团,图标列
icon68506.png,68506 宠物蛋-小孢子; 68507 宠物蛋-小孢子; 68565 宠物蛋-小孢子; 68566 宠物蛋-小孢子; 68567 宠物蛋-小孢子; 68568 宠物蛋-小孢子,图标列
icon68508.png,68508 宠物蛋-嫩叶团子; 68509 宠物蛋-嫩叶团子,图标列
icon68510.png,68510 宠物蛋-豪华团,图标列
icon68511.png,68511 宠物蛋-小石子; 68512 宠物蛋-小石子; 68569 宠物蛋-小石子; 68570 宠物蛋-小石子; 68571 宠物蛋-小石子; 68572 宠物蛋-小石子,图标列
icon68513.png,68513 宠物蛋-岩石团; 68514 宠物蛋-岩石团,图标列
icon68515.png,68515 宠物蛋-巨岩团,图标列
icon68516.png,68516 宠物蛋-小火星; 68517 宠物蛋-小火星; 68573 宠物蛋-小火星; 68574 宠物蛋-小火星; 68575 宠物蛋-小火星; 68576 宠物蛋-小火星,图标列
icon68518.png,68518 宠物蛋-暖暖团子; 68519 宠物蛋-暖暖团子,图标列
icon68520.png,68520 宠物蛋-爆热团团,图标列
icon68521.png,68521 宠物蛋-小蝌丁; 68522 宠物蛋-小蝌丁; 68577 宠物蛋-小蝌丁; 68578 宠物蛋-小蝌丁; 68579 宠物蛋-小蝌丁; 68580 宠物蛋-小蝌丁,图标列
icon68523.png,68523 宠物蛋-跳跳蛙; 68524 宠物蛋-跳跳蛙,图标列
icon68525.png,68525 宠物蛋-忍忍蛙,图标列
icon68526.png,68526 宠物蛋-小兔叽; 68527 宠物蛋-小兔叽; 68581 宠物蛋-小兔叽; 68582 宠物蛋-小兔叽; 68583 宠物蛋-小兔叽; 68584 宠物蛋-小兔叽,图标列
icon68528.png,68528 宠物蛋-兔叽; 68529 宠物蛋-兔叽,图标列
icon68530.png,68530 宠物蛋-玉兔叽,图标列
icon68531.png,68531 宠物蛋-迷你汪; 68532 宠物蛋-迷你汪; 68585 宠物蛋-迷你汪; 68586 宠物蛋-迷你汪; 68587 宠物蛋-迷你汪; 68588 宠物蛋-迷你汪,图标列
icon68533.png,68533 宠物蛋-大耳汪; 68534 宠物蛋-大耳汪,图标列
icon68535.png,68535 宠物蛋-汪汪警长,图标列
icon68536.png,68536 宠物蛋-小龙蛋; 68537 宠物蛋-小龙蛋; 68589 宠物蛋-小龙蛋; 68590 宠物蛋-小龙蛋; 68591 宠物蛋-小龙蛋; 68592 宠物蛋-小龙蛋,图标列
icon68538.png,68538 宠物蛋-黑龙蛋; 68539 宠物蛋-黑龙蛋,图标列
icon68540.png,68540 宠物蛋-黑龙崽,图标列
icon68541.png,68541 宠物蛋-小雏鹦; 68542 宠物蛋-小雏鹦; 68593 宠物蛋-小雏鹦; 68594 宠物蛋-小雏鹦; 68595 宠物蛋-小雏鹦; 68596 宠物蛋-小雏鹦,图标列
icon68543.png,68543 宠物蛋-球鹦鹉; 68544 宠物蛋-球鹦鹉,图标列
icon68545.png,68545 宠物蛋-金羽鹦鹉,图标列
icon68546.png,68546 宠物蛋-小灵球; 68547 宠物蛋-小灵球; 68597 宠物蛋-小灵球; 68598 宠物蛋-小灵球; 68599 宠物蛋-小灵球; 68600 宠物蛋-小灵球,图标列
icon68548.png,68548 宠物蛋-幽幽球; 68549 宠物蛋-幽幽球,图标列
icon68550.png,68550 宠物蛋-幽灵王球,图标列
icon68551.png,68551 宠物蛋-小黑猫; 68552 宠物蛋-小黑猫; 68601 宠物蛋-小黑猫; 68602 宠物蛋-小黑猫; 68603 宠物蛋-小黑猫; 68604 宠物蛋-小黑猫,图标列
icon68553.png,68553 宠物蛋-黑炭猫; 68554 宠物蛋-黑炭猫,图标列
icon68555.png,68555 宠物蛋-黑黝黝,图标列
icon68556.png,68556 宠物蛋-小球豹; 68557 宠物蛋-小球豹; 68605 宠物蛋-小球豹; 68606 宠物蛋-小球豹; 68607 宠物蛋-小球豹; 68608 宠物蛋-小球豹,图标列
icon68558.png,68558 宠物蛋-球球豹; 68559 宠物蛋-球球豹,图标列
icon68560.png,68560 宠物蛋-球豹王子,图标列
icon68609.png,68609 宠物蛋-小猕猴; 68610 宠物蛋-小猕猴; 68611 宠物蛋-小猕猴; 68612 宠物蛋-小猕猴,图标列
icon68613.png,68613 宠物蛋-小孔雀; 68614 宠物蛋-小孔雀; 68615 宠物蛋-小孔雀; 68616 宠物蛋-小孔雀,图标列
icon68617.png,68617 宠物蛋-小麦; 68618 宠物蛋-小麦; 68619 宠物蛋-小麦; 68620 宠物蛋-小麦,图标列
icon68621.png,68621 宠物蛋-小卷; 68622 宠物蛋-小卷; 68623 宠物蛋-小卷; 68624 宠物蛋-小卷,图标列
icon68625.png,68625 宠物蛋-花生; 68626 宠物蛋-花生; 68627 宠物蛋-花生; 68628 宠物蛋-花生,图标列
icon68629.png,68629 宠物蛋-爱心宝宝; 68630 宠物蛋-爱心宝宝; 68631 宠物蛋-爱心宝宝; 68632 宠物蛋-爱心宝宝,图标列
icon68631.png,68631 宠物蛋-爱心宝宝,icon+ID
icon68633.png,68633 宠物蛋-小创喵,icon+ID
icon68634.png,68633 宠物蛋-小创喵; 68634 宠物蛋-小创喵; 68635 宠物蛋-小创喵; 68636 宠物蛋-小创喵,图标列
icon68636.png,68636 宠物蛋-小创喵,icon+ID
icon68638.png,68638 宠物蛋-闪月灯,icon+ID
icon68639.png,68637 宠物蛋-闪月灯; 68638 宠物蛋-闪月灯; 68639 宠物蛋-闪月灯; 68640 宠物蛋-闪月灯,图标列
icon68641.png,68641 宠物蛋-小酷仔,icon+ID
icon68643.png,68643 宠物蛋-小酷仔,icon+ID
icon68644.png,68641 宠物蛋-小酷仔; 68642 宠物蛋-小酷仔; 68643 宠物蛋-小酷仔; 68644 宠物蛋-小酷仔,图标列
icon68646.png,68646 宠物蛋-小咩团,icon+ID
icon68648.png,68648 宠物蛋-小咩团,icon+ID
icon68649.png,68645 宠物蛋-小咩团; 68646 宠物蛋-小咩团; 68647 宠物蛋-小咩团; 68648 宠物蛋-小咩团,图标列
icon68651.png,68651 宠物蛋-嘤嘤嗡嗡,icon+ID
icon68653.png,68653 宠物蛋-招财荷包,icon+ID
icon68654.png,68649 宠物蛋-嘤嘤嗡嗡; 68650 宠物蛋-嘤嘤嗡嗡; 68651 宠物蛋-嘤嘤嗡嗡; 68652 宠物蛋-嘤嘤嗡嗡,图标列
icon68656.png,68656 宠物蛋-招财荷包,icon+ID
icon68658.png,68658 宠物蛋-甜心洛普,icon+ID
icon68659.png,68653 宠物蛋-招财荷包; 68654 宠物蛋-招财荷包; 68655 宠物蛋-招财荷包; 68656 宠物蛋-招财荷包,图标列
icon68661.png,68661 宠物蛋-小银狼,icon+ID
icon68663.png,68663 宠物蛋-小银狼,icon+ID
icon68664.png,68657 宠物蛋-甜心洛普; 68658 宠物蛋-甜心洛普; 68659 宠物蛋-甜心洛普; 68660 宠物蛋-甜心洛普,图标列
icon68666.png,68666 宠物蛋-熊不醒 ,icon+ID
icon68668.png,68668 宠物蛋-熊不醒 ,icon+ID
icon68669.png,68661 宠物蛋-小银狼; 68662 宠物蛋-小银狼; 68663 宠物蛋-小银狼; 68664 宠物蛋-小银狼,图标列
icon68671.png,68671 宠物蛋-章鱼丸子 ,icon+ID
icon68673.png,68673 宠物蛋-机小智 ,icon+ID
icon68674.png,68665 宠物蛋-熊不醒 ; 68666 宠物蛋-熊不醒 ; 68667 宠物蛋-熊不醒 ; 68668 宠物蛋-熊不醒 ,图标列
icon68676.png,68676 宠物蛋-机小智 ,icon+ID
icon68678.png,,
icon68679.png,68669 宠物蛋-章鱼丸子 ; 68670 宠物蛋-章鱼丸子 ; 68671 宠物蛋-章鱼丸子 ; 68672 宠物蛋-章鱼丸子 ,图标列
icon68681.png,,
icon68683.png,,
icon68684.png,68673 宠物蛋-机小智 ; 68674 宠物蛋-机小智 ; 68675 宠物蛋-机小智 ; 68676 宠物蛋-机小智 ,图标列
icon68686.png,,
icon68688.png,,
icon688.png,688 中式字牌,图标列
icon693.png,11872 音乐装置,图标列
icon700.png,700 星能产生器; 701 星能产生器,图标列
icon70001.png,70001 临时菜谱1,icon+ID
icon70002.png,70002 临时菜谱2,icon+ID
icon70003.png,70003 临时菜谱3,icon+ID
icon701.png,701 星能产生器,icon+ID
icon702.png,702 星能增幅器; 703 星能增幅器,图标列
icon704.png,704 星能比较器; 705 星能比较器,图标列
icon706.png,706 蓝色星能线,icon+ID
icon707.png,707 星能信号灯,icon+ID
icon710.png,710 细线,图标列
icon711.png,711 触碰感压板,图标列
icon712.png,712 普通感压板,图标列
icon713.png,713 生物感压板,图标列
icon715.png,715 触碰按钮,图标列
icon716.png,716 普通按钮,图标列
icon721.png,721 地刺陷阱,图标列
icon723.png,723 桃木图腾,图标列
icon724.png,724 开关; 1157 测试：开关,图标列
icon725.png,725 轨道节点,icon+ID
icon726.png,726 钢琴,图标列
icon727.png,727 花小楼生日雕塑,图标列
icon729.png,729 动能提升节点,icon+ID
icon731.png,731 木质天窗,图标列
icon732.png,732 黑龙雕像,图标列
icon740.png,740 熔岩之石,图标列
icon741.png,741 混乱之石,图标列
icon742.png,742 混乱雕像,图标列
icon748.png,748 萤火虫玻璃瓶,图标列
icon75001.png,75001 棉布,图标列
icon75002.png,75002 绒布,图标列
icon75003.png,75003 陶瓷土坯,图标列
icon75005.png,75005 粗制石砖,图标列
icon75006.png,75006 精磨石砖,图标列
icon75013.png,75013 黏土,图标列
icon75015.png,75015 粗制岩石块,图标列
icon75016.png,75016 颜料盒,图标列
icon75017.png,75017 食盐,图标列
icon75018.png,75026 石锄,图标列
icon75019.png,75019 胡杨木板,icon+ID
icon75020.png,75020 黏土砖,图标列
icon75021.png,75021 混凝土砖,图标列
icon75022.png,75022 羽绒棉,图标列
icon75023.png,75023 秸秆,图标列
icon75024.png,75024 棉籽,图标列
icon760.png,760 冬温花种子,图标列
icon761.png,761 冬温花,图标列
icon763.png,763 枯灌木丛,图标列
icon764.png,764 庇佑雪莲,图标列
icon765.png,765 远古之石,图标列
icon768.png,768 星辉古树柳叶,图标列
icon780.png,780 跳舞厅,图标列
icon794.png,794 石锅,图标列
icon795.png,795 烹饪台,图标列
icon796.png,796 不完整工匠台,icon+ID
icon797.png,797 工匠台,图标列
icon798.png,798 铸铁冶炼台,图标列
icon799.png,799 铜冶炼台,图标列
icon800.png,796 不完整工匠台; 800 不完整工匠台; 824 不完整工匠台; 833 不完整工匠台; 11826 工具; 11846 生产工具,图标列
icon802.png,802 冶炼台,图标列
icon812.png,812 轻木门; 11859 门,图标列
icon813.png,813 绳索; 11862 墙饰,图标列
icon814.png,814 铁门,图标列
icon815.png,815 黄铜星能幕布,图标列
icon817.png,817 火炬,图标列
icon820.png,820 书柜,图标列
icon821.png,821 木桩,图标列
icon824.png,824 不完整工匠台,icon+ID
icon825.png,825 符能提炼装置,图标列
icon826.png,826 符文铭刻台,图标列
icon828.png,828 简易睡袋,图标列
icon830.png,830 烤肉披萨; 64018 奶油蛋糕; 64102 普通奶油蛋糕; 64103 佳品奶油蛋糕; 64104 极品奶油蛋糕; 64105 绝味奶油蛋糕,图标列
icon831.png,831 蔬果披萨; 64019 蜂蜜蛋糕; 64106 普通蜂蜜蛋糕; 64107 佳品蜂蜜蛋糕; 64108 极品蜂蜜蛋糕; 64109 绝味蜂蜜蛋糕,图标列
icon833.png,833 不完整工匠台,icon+ID
icon837.png,837 荧光小菇,图标列
icon839.png,839 收集传输器,图标列
icon847.png,847 圣诞礼盒,图标列
icon854.png,854 落日橙门,图标列
icon855.png,855 深栗红门,图标列
icon856.png,856 象牙白门,图标列
icon857.png,857 炽炎门,图标列
icon858.png,858 海棠红门,图标列
icon859.png,859 琥珀黄门,图标列
icon860.png,860 秋叶橙门,图标列
icon879.png,879 圣诞铃铛,图标列
icon880.png,880 圣诞条带,图标列
icon881.png,881 喷花烟花; 882 喷花烟花（开）; 20084 喷花烟花-碎片,图标列
icon883.png,883 精致木床,图标列
icon884.png,884 豪华木床,图标列
icon885.png,885 公主床,图标列
icon886.png,886 铸铁星能幕布; 887 铸铁星能幕布（贴墙）,图标列
icon887.png,887 铸铁星能幕布（贴墙）,icon+ID
icon888.png,888 钛金星能幕布; 889 钛金星能幕布（贴墙）,图标列
icon890.png,890 熔岩星能幕布; 891 熔岩星能幕布（贴墙）,图标列
icon892.png,892 木质字牌; 11871 字牌,图标列
icon893.png,893 石质字牌,图标列
icon894.png,894 铁制字牌,图标列
icon895.png,895 炽炎字牌,图标列
icon896.png,896 钨金字牌,图标列
icon897.png,897 熔岩字牌,图标列
icon898.png,898 灯笼,图标列
icon899.png,899 古典路灯,图标列
icon900.png,900 现代路灯,图标列
icon905.png,905 木荧光菇灯; 11829 装饰; 11848 照明工具,图标列
icon907.png,907 石荧光菇灯,图标列
icon928.png,928 小花盆; 11879 花盆,图标列
icon929.png,929 大花盆,图标列
icon930.png,930 展示架; 11883 展示架,图标列
icon931.png,931 蜡烛台,图标列
icon933.png,933 吊灯,图标列
icon934.png,934 典雅壁灯,图标列
icon935.png,935 精致壁灯,图标列
icon936.png,936 台灯,图标列
icon944.png,944 新春灯笼,图标列
icon945.png,945 中式宫灯; 20089 中式宫灯-碎片,图标列
icon946.png,946 红色陶花盆; 20090 红色陶花盆-碎片,图标列
icon947.png,947 绿色陶花盆; 20091 绿色陶花盆-碎片,图标列
icon948.png,948 大瓷花盆; 20092 大瓷花盆-碎片,图标列
icon97501.png,97501 雀翎,图标列
icon97502.png,97502 周年币,图标列
icon97503.png,97503 周年礼券,图标列
icon97504.png,97504 魔法币,图标列
icon97505.png,97505 水晶礼券,图标列
icon97506.png,97506 锻造币; 97508 星愿法球,图标列
icon97510.png,97510 潮流兑换券,图标列
icon97601.png,97601 20迷你币抵扣劵; 97602 50迷你币抵扣券; 97603 100迷你币抵扣券; 97604 迷斯拉50迷你币抵扣劵; 97610 满300减50迷你币抵扣劵,图标列
icon97603.png,97605 皮肤9折优惠券; 97606 皮肤8折优惠券; 97607 皮肤7折优惠券; 97608 皮肤6折优惠券; 97609 满500减100迷你币抵扣券; 97611 花琦琦5折优惠券,图标列
icon97612.png,97612 璃珠专属抵扣劵,图标列
icon97613.png,97613 夏香律专属抵扣劵,图标列
icon97614.png,97614 沐茵儿专属抵扣劵,图标列
icon97615.png,97615 焙妮专属抵扣劵,图标列
icon97616.png,97616 幻梦蝶专属抵扣劵,图标列
icon97617.png,97617 拉莱耶专属抵扣劵,图标列
icon97618.png,97618 桃乐丝专属抵扣劵,图标列
icon97619.png,97619 40迷你币抵用券,图标列
icon97620.png,97620 70迷你币抵用券; 97621 10迷你币抵扣劵; 97622 30迷你币抵扣劵; 97623 60迷你币抵扣劵; 97624 80迷你币抵扣劵; 97625 90迷你币抵扣劵; 97626 20迷你币抵扣劵; 97627 50迷你币抵扣劵; 97628 100迷你币抵扣劵,图标列
icon_11718.png,,
icon_addition.png,,
icon_box_1.png,,
icon_box_2.png,,
icon_box_3.png,,
icon_box_4.png,,
icon_exp2.png,,
icon_grow.png,,
icon_hometask.png,,
icon_juexingmovie_ticket.png,,
icon_obstacle.png,,
icon_question.png,,
icon_student_complete.png,,
icon_surprised.png,,
icon_teacherlv_1.png,,
icon_teacherlv_2.png,,
icon_teacherlv_3.png,,
icon_teacherlv_4.png,,
icon_teacherlv_5.png,,
icon_wish.png,,
iconhorse4501.png,20489 苍林白鹿（永久）; 20586 苍林白鹿（1天）; 25501 苍林白鹿（已废弃）,图标列
iconhorse4502.png,20490 涅盘绘色（永久）; 20587 涅盘绘色（1天）; 25502 涅盘绘色（已废弃）,图标列
iconhorse4503.png,20491 鹿王本生（永久）; 20588 鹿王本生（1天）; 25503 鹿王本生（已废弃）,图标列
iconhorse4505.png,25507 魔法南瓜车（永久） ,图标列
iconhorse4525.png,25508 环海洛洛（永久） ,图标列
iconhorse4528.png,25509 尼东洛洛（永久） ,图标列
iconhorse4535.png,25510 玲珑音韵（永久） ,图标列
iconhorse4539.png,25511 天方夜谭（永久）,图标列
iconhorse4560.png,25504 超音帝皇驹（永久）,图标列
iconhorse4564.png,25505 小老虎（永久）,图标列
iconhorse4572.png,25506 星语心愿（永久）,图标列
iconhorse4583.png,25512 逐影之钥（永久）,图标列
iconhorse4587.png,25513 赤霄长剑（永久）,图标列
iconhorse4590.png,25514 休闲时光（永久）,图标列
iconhorse4594.png,25515 萌小狸（永久）,图标列
iconhorse4606.png,25516 青绿（永久）,图标列
iconhorse4610.png,25517 心里软（永久）,图标列
iconhorse4611.png,,
iconhorse4614.png,25518 紫幽铃（永久）,图标列
iconhorse4624.png,25519 飞行猪噜噜（永久）,图标列
iconhorse4632.png,25520 小粉匣（永久）,图标列
iconhorse4636.png,25521 雪琉璃（永久）,图标列
iconhorse4644.png,25522 迷你变形车（永久）,图标列
iconhorse4646.png,25523 庆典之书（永久）,图标列
img_map1.png,50007 研究所,图标列
img_map2.png,50001 中式山庄,图标列
img_map3.png,50005 小狗主题乐园,图标列
img_map4.png,50006 蓝色城堡,图标列
img_map5.png,50004 现代别墅,图标列
img_map6.png,50003 简约别墅,图标列
img_map7.png,50002 碧水山庄,图标列
img_map8.png,50008 科研基地,图标列
low_undersized_fruit.png,,
medium_undersized_fruit.png,,
minibean.png,10000 迷你豆,图标列
minibean_big.png,,
minicoin.png,10002 迷你币; 10044 超值闪币卡; 10045 特惠迷你月卡,图标列
minihomecoin.png,,
obj_10116.png,10116 区域,图标列
obj_ball.png,10998 球,图标列
obj_capsule.png,,
obj_cone.png,10995 圆柱,图标列
obj_cuboid.png,10996 圆锥; 10997 长方体,图标列
obj_cylinder.png,,
obj_display.png,10118 显示板,图标列
obj_location.png,10117 位置,图标列
obj_obliquity.png,10999 斜面,图标列
paint_001.png,,
plant_experience.png,10001 经验值,图标列
plant_water.png,,
profile_40001.png,40001 冬日星海（永久）; 41001 冬日星海（7天）; 42001 冬日星海（30天）,图标列
profile_40002.png,40002 金风玉露（永久）; 41002 金风玉露（7天）; 42002 金风玉露（30天）,图标列
profile_40003.png,40003 骄阳似火（永久）; 41003 骄阳似火（7天）; 42003 骄阳似火（30天）,图标列
profile_40004.png,40004 萌妹团子（永久）; 41004 萌妹团子（7天）; 42004 萌妹团子（30天）,图标列
profile_40005.png,40005 春日迟迟（永久）; 41005 春日迟迟（7天）; 42005 春日迟迟（30天）,图标列
profile_40006.png,40006 白色盛夏（永久）; 41006 白色盛夏（7天）; 42006 白色盛夏（30天）,图标列
profile_40007.png,40007 圣诞夜惊魂（永久）; 41007 圣诞夜惊魂（7天）; 42007 圣诞夜惊魂（30天）,图标列
profile_40008.png,40008 瓶中奇遇（永久）; 41008 瓶中奇遇（7天）; 42008 瓶中奇遇（30天）,图标列
profile_40009.png,40009 蛙蛙家族（永久）; 41009 蛙蛙家族（7天）; 42009 蛙蛙家族（30天）,图标列
profile_40010.png,40010 甜心猫咪（永久）; 41010 甜心猫咪（7天）; 42010 甜心猫咪（30天）,图标列
profile_40011.png,40011 呆萌鼠崽（永久）; 41011 呆萌鼠崽（7天）; 42011 呆萌鼠崽（30天）,图标列
profile_40012.png,40012 绘色夕阳（永久）; 41012 绘色夕阳（7天）; 42012 绘色夕阳（30天）,图标列
profile_40013.png,40013 落寞云端（永久）; 41013 落寞云端（7天）; 42013 落寞云端（30天）,图标列
profile_40014.png,40014 青春日记（永久）; 41014 青春日记（7天）; 42014 青春日记（30天）,图标列
profile_40015.png,40015 粉色气息（永久）; 41015 粉色气息（7天）; 42015 粉色气息（30天）,图标列
profile_40016.png,40016 7岁咯！（永久）; 41016 7岁咯！（7天）; 42016 7岁咯！（30天）,图标列
sapling_populus.png,,
spray_001.png,76001 微笑-迷斯拉; 78001 微笑-迷斯拉（3天）; 79001 微笑-迷斯拉（30天）,图标列
spray_002.png,76002 微笑-胖达; 78002 微笑-胖达（3天）; 79002 微笑-胖达（30天）,图标列
spray_003.png,76003 渴望-兔美美; 78003 渴望-兔美美（3天）; 79003 渴望-兔美美（30天）,图标列
spray_004.png,76004 嘟嘴-熊孩子; 78004 嘟嘴-熊孩子（3天）; 79004 嘟嘴-熊孩子（30天）,图标列
spray_005.png,76005 开心-迷斯拉; 78005 开心-迷斯拉（3天）; 79005 开心-迷斯拉（30天）,图标列
spray_006.png,76006 我的作业还有亿点点; 78006 我的作业还有亿点点（3天）; 79006 我的作业还有亿点点（30天）,图标列
spray_007.png,76007 我不困我还能熬; 78007 我不困我还能熬（3天）; 79007 我不困我还能熬（30天）,图标列
spray_008.png,76008 YYDS; 78008 YYDS（3天）; 79008 YYDS（30天）,图标列
spray_009.png,76009 XSWL; 78009 XSWL（3天）; 79009 XSWL（30天）,图标列
spray_010.png,76010 固玩dd; 78010 固玩dd（3天）; 79010 固玩dd（30天）,图标列
spray_011.png,76011 俏皮眨眼; 78011 俏皮眨眼（3天）; 79011 俏皮眨眼（30天）,图标列
spray_012.png,76012 贴贴; 78012 贴贴（3天）; 79012 贴贴（30天）,图标列
spray_013.png,76013 啾咪; 78013 啾咪（3天）; 79013 啾咪（30天）,图标列
spray_014.png,76014 轻轻敲醒沉睡的心灵; 78014 轻轻敲醒沉睡的心灵（3天）; 79014 轻轻敲醒沉睡的心灵（30天）,图标列
spray_015.png,76015 加油; 78015 加油（3天）; 79015 加油（30天）,图标列
spray_016.png,76016 我不买我就逛逛; 78016 我不买我就逛逛（3天）; 79016 我不买我就逛逛（30天）,图标列
spray_017.png,76017 家人们我破防了; 78017 家人们我破防了（3天）; 79017 家人们我破防了（30天）,图标列
spray_018.png,76018 周五放学别走; 78018 周五放学别走（3天）; 79018 周五放学别走（30天）,图标列
spray_019.png,76019 你的小可爱突然出现; 78019 你的小可爱突然出现（3天）; 79019 你的小可爱突然出现（30天）,图标列
spray_020.png,76020 请问一起干饭吗？; 78020 请问一起干饭吗？（3天）; 79020 请问一起干饭吗？（30天）,图标列
spray_021.png,76021 收了我的糖就是我的人; 78021 收了我的糖就是我的人（3天）; 79021 收了我的糖就是我的人（30天）,图标列
spray_022.png,76022 乖巧; 78022 乖巧（3天）; 79022 乖巧（30天）,图标列
spray_023.png,76023 哭得像个200斤的胖哒; 78023 哭得像个200斤的胖哒（3天）; 79023 哭得像个200斤的胖哒（30天）,图标列
spray_024.png,76024 能和你过圣诞节吗？; 77501 能和你过圣诞节吗？（碎片）; 78024 能和你过圣诞节吗？（3天）; 79024 能和你过圣诞节吗？（30天）,图标列
spray_025.png,76025 我的圣诞礼物呢？; 77502 我的圣诞礼物呢？（碎片）; 78025 我的圣诞礼物呢？（3天）; 79025 我的圣诞礼物呢？（30天）,图标列
spray_026.png,76026 骑上心爱的小假期; 78026 骑上心爱的小假期（3天）,图标列
spray_027.png,76027 求求你不要走; 78027 求求你不要走（3天）,图标列
spray_028.png,76028 虎年大吉; 78028 虎年大吉（3天）,图标列
spray_029.png,76029 虎头虎脑; 78029 虎头虎脑（3天）,图标列
spray_030.png,76030 新年快乐; 78030 新年快乐（3天）,图标列
spray_031.png,76031 我胖虎第一个不服; 78031 我胖虎第一个不服（3天）,图标列
spray_032.png,76032 给您拜年了; 78032 给您拜年了（3天）,图标列
spray_033.png,76033 给您拜回去; 78033 给您拜回去（3天）,图标列
spray_034.png,76034 铠甲合体; 78034 铠甲合体（3天）,图标列
spray_035.png,76035 承包这片鱼塘; 78035 承包这片鱼塘（3天）,图标列
spray_036.png,76036 干饭了干饭了，冲！; 78036 干饭了干饭了，冲！（3天）,图标列
spray_037.png,76037 要我等等你吗; 78037 要我等等你吗（3天）,图标列
spray_038.png,76038 跟我一起冲鸭; 78038 跟我一起冲鸭（3天）,图标列
spray_039.png,76039 长城烽灵; 78039 长城烽灵（3天）,图标列
spray_040.png,76040 生日快乐; 78040 生日快乐（3天）,图标列
spray_041.png,76041 逢考必过; 78041 逢考必过（3天）,图标列
spray_042.png,76042 真相只有一个; 78042 真相只有一个（3天）,图标列
spray_043.png,76043 哇哦; 78043 哇哦（3天）,图标列
spray_044.png,76044 迷你世界; 78044 迷你世界（3天）,图标列
spray_045.png,76045 放风筝咯！; 78045 放风筝咯！（3天）,图标列
spray_046.png,76046 大头大头下雨不愁; 78046 大头大头下雨不愁（3天）,图标列
spray_047.png,76047 不说了我去搬砖; 78047 不说了我去搬砖（3天）,图标列
spray_048.png,76048 菜狗求带飞; 78048 菜狗求带飞（3天）,图标列
spray_049.png,76049 冲浪; 78049 冲浪（3天）,图标列
spray_050.png,76050 劳动最光荣; 78050 劳动最光荣（3天）,图标列
spray_051.png,76051 迷你三好学生; 78051 迷你三好学生（3天）,图标列
spray_052.png,76052 热到升天; 78052 热到升天（3天）,图标列
spray_053.png,76053 我要做个好酋长; 78053 我要做个好酋长（3天）,图标列
spray_054.png,76054 英雄莫问出处; 78054 英雄莫问出处（3天）,图标列
spray_055.png,76055 就这？; 78055 就这？（3天）,图标列
spray_056.png,76056 等待被夸; 78056 等待被夸（3天）,图标列
spray_057.png,76057 给你点个赞！; 78057 给你点个赞！（3天）,图标列
spray_058.png,76058 我太南了; 78058 我太南了（3天）,图标列
spray_059.png,76059 我方了; 78059 我方了（3天）,图标列
spray_060.png,76060 暗中观察; 78060 暗中观察（3天）,图标列
spray_061.png,76061 菜到抠脚; 78061 菜到抠脚（3天）,图标列
spray_062.png,76062 加油，你是最胖的; 78062 加油，你是最胖的（3天）,图标列
spray_063.png,76063 满血复活; 78063 满血复活（3天）,图标列
spray_064.png,76064 我哭得很大声; 78064 我哭得很大声（3天）,图标列
spray_065.png,76065 指谁谁砍树; 78065 指谁谁砍树（3天）,图标列
spray_066.png,76066 呐！我们能交个朋友吗？; 78066 呐！我们能交个朋友吗？（3天）,图标列
spray_067.png,76067 啪！; 78067 啪！（3天）,图标列
spray_068.png,76068 佩服得五体投地; 78068 佩服得五体投地（3天）,图标列
spray_069.png,76069 送你小花花; 78069 送你小花花（3天）,图标列
spray_070.png,76070 嫌弃; 78070 嫌弃（3天）,图标列
spray_071.png,76071 房主万岁; 78071 房主万岁（3天）,图标列
spray_072.png,76072 健身; 78072 健身（3天）,图标列
spray_073.png,76073 我不听我不听; 78073 我不听我不听（3天）,图标列
spray_074.png,76074 要尝尝昊天锤的威力吗; 78074 要尝尝昊天锤的威力吗（3天）,图标列
spray_075.png,76075 你最好了; 78075 你最好了（3天）,图标列
spray_076.png,76076 我不看！我不看！; 78076 我不看！我不看！（3天）,图标列
spray_077.png,76077 一切随缘; 78077 一切随缘（3天）,图标列
spray_078.png,76078 嗷呜~; 78078 嗷呜~（3天）,图标列
spray_079.png,76079 吃糖; 78079 吃糖（3天）,图标列
spray_080.png,76080 喵菲喷图; 78080 喵菲喷图（3天）,图标列
spray_081.png,76081 拉沙儿喷图; 78081 拉沙儿喷图（3天）,图标列
spray_082.png,76082 一拍即合; 78082 一拍即合（3天）,图标列
spray_083.png,76083 嗨起来; 78083 嗨起来（3天）,图标列
spray_084.png,76084 妮姆喷图; 78084 妮姆喷图（3天）,图标列
spray_085.png,76085 妮姆喷图; 78085 妮姆喷图（3天）,图标列
spray_086.png,76086 苔丝喷图; 78086 苔丝喷图（3天）,图标列
spray_087.png,76087 妮姆喷图; 78087 妮姆喷图（3天）,图标列
spray_088.png,76088 ？？; 78088 ？？（3天）,图标列
spray_089.png,76089 画个圈圈诅咒你; 78089 画个圈圈诅咒你（3天）,图标列
spray_090.png,76090 别打扰我学习; 78090 别打扰我学习（3天）,图标列
spray_091.png,76091 欧气喷雾; 78091 欧气喷雾（3天）,图标列
spray_092.png,76092 热烈鼓掌~; 78092 热烈鼓掌~（3天）,图标列
spray_093.png,76093 草坪野餐; 78093 草坪野餐（3天）,图标列
spray_094.png,76094 翱翔天际; 78094 翱翔天际（3天）,图标列
spray_095.png,76095 今天我也超可爱; 78095 今天我也超可爱（3天）,图标列
spray_096.png,76096 送你小心心; 78096 送你小心心（3天）,图标列
spray_097.png,76097 抱抱; 78097 抱抱（3天）,图标列
spray_098.png,76098 我酸了; 78098 我酸了（3天）,图标列
spray_099.png,76099 要抱抱; 78099 要抱抱（3天）,图标列
spray_100.png,76100 兴奋地搓搓手; 78100 兴奋地搓搓手（3天）,图标列
spray_101.png,76101 手动wink; 78101 手动wink（3天）,图标列
spray_102.png,76102 记仇; 78102 记仇（3天）,图标列
spray_103.png,76103 机智如我; 78103 机智如我（3天）,图标列
spray_104.png,76104 星灵光波; 78104 星灵光波（3天）,图标列
spray_105.png,76105 晚安; 78105 晚安（3天）,图标列
spray_106.png,76106 吃瓜群众; 78106 吃瓜群众（3天）,图标列
spray_107.png,76107 略略略; 78107 略略略（3天）,图标列
spray_108.png,76108 元旦快乐; 78108 元旦快乐（3天）,图标列
spray_109.png,76109 双子星喷图; 78109 双子星喷图（3天）,图标列
spray_110.png,76110 兔兔拜年; 78110 兔兔拜年（3天）,图标列
spray_111.png,76111 变形金刚-声波; 78111 变形金刚-声波（3天）,图标列
spray_112.png,76112 2023; 78112 2023（3天）,图标列
spray_113.png,76113 你懂的; 78113 你懂的（3天）,图标列
spray_114.png,76114 花式感谢; 78114 花式感谢（3天）,图标列
spray_115.png,76115 并肩作战; 78115 并肩作战（3天）,图标列
spray_116.png,76116 摸摸; 78116 摸摸（3天）,图标列
spray_117.png,76117 请开始你的表演; 78117 请开始你的表演（3天）,图标列
spray_118.png,76118 无奈; 78118 无奈（3天）,图标列
spray_119.png,76119 听话乖巧懂事; 78119 听话乖巧懂事（3天）,图标列
spray_120.png,76120 做人，最要紧就是开心啦！; 78120 做人，最要紧就是开心啦！（3天）,图标列
spray_121.png,76121 7岁生日快乐; 78121 7岁生日快乐（3天）,图标列
spray_122.png,76122 怪不好意思的; 78122 怪不好意思的（3天）,图标列
spray_123.png,76123 飘了飘了; 78123 飘了飘了（3天）,图标列
spray_124.png,76124 为友谊干杯; 78124 为友谊干杯（3天）,图标列
spray_125.png,76125 干饭了干饭了; 78125 干饭了干饭了（3天）,图标列
spray_126.png,76126 今天也在努力划水; 78126 今天也在努力划水（3天）,图标列
spray_127.png,76127 神马情况; 78127 神马情况（3天）,图标列
spray_128.png,76128 不如跳舞; 78128 不如跳舞（3天）,图标列
spray_129.png,76129 蹦沙卡拉卡; 78129 蹦沙卡拉卡（3天）,图标列
spray_130.png,76130 摘下星星给你; 78130 摘下星星给你（3天）,图标列
spray_131.png,76131 嘤嘤嘤; 78131 嘤嘤嘤（3天）,图标列
spray_132.png,76132 摸摸头不哭; 78132 摸摸头不哭（3天）,图标列
spray_133.png,76133 老铁，没毛病; 78133 老铁，没毛病（3天）,图标列
spray_134.png,76134 与“粽”不同; 78134 与“粽”不同（3天）,图标列
spray_135.png,76135 裂开; 78135 裂开（3天）,图标列
spray_136.png,76136 许愿; 78136 许愿（3天）,图标列
spray_137.png,76137 元气满满; 78137 元气满满（3天）,图标列
spray_138.png,76138 菜的心安理得; 78138 菜的心安理得（3天）,图标列
spray_139.png,76139 听我说谢谢你; 78139 听我说谢谢你（3天）,图标列
spray_140.png,76140 一代宗师; 78140 一代宗师（3天）,图标列
spray_141.png,76141 就挺秃然的; 78141 就挺秃然的（3天）,图标列
spray_142.png,76142 开心到飞起; 78142 开心到飞起（3天）,图标列
spray_143.png,76143 我不理解; 78143 我不理解（3天）,图标列
spray_144.png,76144 爱的抱抱; 78144 爱的抱抱（3天）,图标列
spray_145.png,76145 快扶我一把; 78145 快扶我一把（3天）,图标列
spray_146.png,76146 中秋节快乐; 78146 中秋节快乐（3天）,图标列
spray_147.png,76147 戳戳你; 78147 戳戳你（3天）,图标列
spray_148.png,76148 惊掉下巴; 78148 惊掉下巴（3天）,图标列
spray_149.png,76149 委屈巴巴; 78149 委屈巴巴（3天）,图标列
spray_150.png,76150 拿去吧你; 78150 拿去吧你（3天）,图标列
spray_151.png,76151 炸裂; 78151 炸裂（3天）,图标列
spray_152.png,76152 给你我的心爱面包; 78152 给你我的心爱面包（3天）,图标列
spray_153.png,76153 啾咪; 78153 啾咪（3天）,图标列
spray_154.png,76154 你等着; 78154 你等着（3天）,图标列
spray_155.png,76155 变成猪猪; 78155 变成猪猪（3天）,图标列
spray_156.png,76156 收到; 78156 收到（3天）,图标列
spray_157.png,76157 尊嘟假嘟; 78157 尊嘟假嘟（3天）,图标列
spray_158.png,76158 龙气冲天; 78158 龙气冲天（3天）,图标列
spray_159.png,76159 燃烧我的卡路里; 78159 燃烧我的卡路里（3天）,图标列
spray_160.png,76160 圣诞快乐; 78160 圣诞快乐（3天）,图标列
spray_161.png,76161 小气鬼; 78161 小气鬼（3天）,图标列
spray_162.png,76162 快来我家; 78162 快来我家（3天）,图标列
spray_163.png,76163 双蛋快乐; 78163 双蛋快乐（3天）,图标列
spray_164.png,76164 好无聊~陪我玩; 78164 好无聊~陪我玩（3天）,图标列
spray_165.png,76165 呼~舒服~; 78165 呼~舒服~（3天）,图标列
spray_166.png,76166 天使降临; 78166 天使降临（3天）,图标列
spray_167.png,76167 假期我来啦！; 78167 假期我来啦！（3天）,图标列
spray_168.png,76168 快来拍照; 78168 快来拍照（3天）,图标列
spray_169.png,76169 龙光焕发; 78169 龙光焕发（3天）,图标列
spray_170.png,76170 龙年吉祥; 78170 龙年吉祥（3天）,图标列
spray_171.png,"76171 天要我胖,不得不胖; 78171 天要我胖,不得不胖（3天）",图标列
spray_172.png,76172 小的明白; 78172 小的明白（3天）,图标列
spray_173.png,76173 新年快乐; 78173 新年快乐（3天）,图标列
spray_174.png,76174 勇敢猫猫不怕困难; 78174 勇敢猫猫不怕困难（3天）,图标列
spray_175.png,76175 恭贺新禧-云宝; 78175 恭贺新禧-云宝（3天）,图标列
spray_176.png,76176 恭贺新禧-苹果嘉儿; 78176 恭贺新禧-苹果嘉儿（3天）,图标列
spray_177.png,76177 恭贺新禧-珍奇; 78177 恭贺新禧-珍奇（3天）,图标列
spray_178.png,76178 恭贺新禧-紫悦; 78178 恭贺新禧-紫悦（3天）,图标列
spray_179.png,76179 恭贺新禧-柔柔; 78179 恭贺新禧-柔柔（3天）,图标列
spray_180.png,76180 恭贺新禧-碧琪; 78180 恭贺新禧-碧琪（3天）,图标列
spray_181.png,76181 小马宝莉恭祝和气吉祥; 78181 小马宝莉恭祝和气吉祥（3天）,图标列
spray_182.png,76182 小马宝莉恭祝步步高升; 78182 小马宝莉恭祝步步高升（3天）,图标列
spray_183.png,76183 小马宝莉恭祝迎春接福; 78183 小马宝莉恭祝迎春接福（3天）,图标列
spray_184.png,76184 小马宝莉恭祝新年快乐; 78184 小马宝莉恭祝新年快乐（3天）,图标列
spray_185.png,76185 我想到办法了; 78185 我想到办法了（3天）,图标列
spray_186.png,76186 为什么受伤的总是我; 78186 为什么受伤的总是我（3天）,图标列
spray_187.png,76187 我一定会回来的; 78187 我一定会回来的（3天）,图标列
spray_188.png,76188 开学; 78188 开学（3天）,图标列
spray_189.png,76189 8周年; 78189 8周年（3天）,图标列
spray_190.png,76190 上福利; 78190 上福利（3天）,图标列
spray_191.png,76191 爱了爱了; 78191 爱了爱了（3天）,图标列
spray_192.png,76192 到此一游; 78192 到此一游（3天）,图标列
spray_193.png,76193 快乐开启; 78193 快乐开启（3天）,图标列
spray_194.png,76194 我是小丑; 78194 我是小丑（3天）,图标列
spray_195.png,76195 花开富贵; 78195 花开富贵（3天）,图标列
spray_196.png,76196 撒花~~; 78196 撒花~~（3天）,图标列
spray_197.png,76197 集合集合; 78197 集合集合（3天）,图标列
spray_198.png,76198 你礼貌吗？; 78198 你礼貌吗？（3天）,图标列
spray_199.png,76199 在下告辞; 78199 在下告辞（3天）,图标列
spray_200.png,76200 躺平的快乐我知道; 78200 躺平的快乐我知道（3天）,图标列
spray_201.png,76201 龙神驾到; 78201 龙神驾到（3天）,图标列
spray_202.png,76202 快来上分啦; 78202 快来上分啦（3天）,图标列
spray_203.png,76203 耶; 78203 耶（3天）,图标列
spray_204.png,76204 有本事别跑; 78204 有本事别跑（3天）,图标列
spray_205.png,76205 游戏于山水之间; 78205 游戏于山水之间（3天）,图标列
spray_206.png,76206 放“粽”一下！; 78206 放“粽”一下！（3天）,图标列
spray_207.png,76207 “粽”望所归; 78207 “粽”望所归（3天）,图标列
spray_208.png,76208 挠头; 78208 挠头（3天）,图标列
spray_209.png,76209 我来了; 78209 我来了（3天）,图标列
spray_210.png,76210 偷袭; 78210 偷袭（3天）,图标列
spray_211.png,76211 姐就是女王; 78211 姐就是女王（3天）,图标列
spray_212.png,76212 人山人海; 78212 人山人海（3天）,图标列
spray_213.png,76213 世界那么大; 78213 世界那么大（3天）,图标列
spray_214.png,76214 说走就走的旅行; 78214 说走就走的旅行（3天）,图标列
spray_215.png,76215 准备好就出发; 78215 准备好就出发（3天）,图标列
spray_216.png,76216 注意病毒; 78216 注意病毒（3天）,图标列
spray_217.png,76217 世界末日; 78217 世界末日（3天）,图标列
spray_218.png,76218 糖果病毒; 78218 糖果病毒（3天）,图标列
spray_219.png,76219 搞事情; 78219 搞事情（3天）,图标列
spray_220.png,76220 弱肉强食; 78220 弱肉强食（3天）,图标列
spray_221.png,76221 在家睡觉也没劲; 78221 在家睡觉也没劲（3天）,图标列
spray_222.png,76222 欢迎来到小镇; 78222 欢迎来到小镇（3天）,图标列
spray_223.png,76223 决战; 78223 决战（3天）,图标列
spray_224.png,76224 僵尸出没; 78224 僵尸出没（3天）,图标列
spray_225.png,76225 最强精灵; 78225 最强精灵（3天）,图标列
spray_226.png,76226 魔法秘术; 78226 魔法秘术（3天）,图标列
spray_227.png,76227 新学期魔法启动; 78227 新学期魔法启动（3天）,图标列
spray_228.png,76228 中秋快乐; 78228 中秋快乐（3天）,图标列
spray_229.png,76229 闺蜜，我们一起去露营; 78229 闺蜜，我们一起去露营（3天）,图标列
spray_230.png,76230 铁子，陪我露个营; 78230 铁子，陪我露个营（3天）,图标列
spray_231.png,76231 迷斯拉营地; 78231 迷斯拉营地（3天）,图标列
spray_232.png,76232 小心熊出没; 78232 小心熊出没（3天）,图标列
spray_233.png,76233 玩耍时间; 78233 玩耍时间（3天）,图标列
spray_234.png,76234 野外探险; 78234 野外探险（3天）,图标列
spray_235.png,76235 路标指示; 78235 路标指示（3天）,图标列
spray_236.png,76236 去撒野; 78236 去撒野（3天）,图标列
spray_237.png,76237 咸鱼人生; 78237 咸鱼人生（3天）,图标列
spray_238.png,76238 魔法派对; 78238 魔法派对（3天）,图标列
spray_239.png,76239 miniworld; 78239 miniworld（3天）,图标列
spray_240.png,76240 好样的; 78240 好样的（3天）,图标列
spray_241.png,76241 恐龙来袭; 78241 恐龙来袭（3天）,图标列
spray_242.png,76242 好朋友; 78242 好朋友（3天）,图标列
spray_243.png,76243 MINI圣诞; 78243 MINI圣诞（3天）,图标列
spray_244.png,76244 2025; 78244 2025（3天）,图标列
spray_245.png,76245 2025红包; 78245 2025红包（3天）,图标列
spray_246.png,76246 蛇年好运; 78246 蛇年好运（3天）,图标列
spray_247.png,76247 爱你哟; 78247 爱你哟（3天）,图标列
spray_248.png,76248 自愿开学; 78248 自愿开学（3天）,图标列
spray_249.png,76249 九周年庆典; 78249 九周年庆典（3天）,图标列
spray_250.png,76250 深圳野生动物园; 78250 深圳野生动物园（3天）,图标列
spray_251.png,76251 追光赛季; 78251 追光赛季（3天）,图标列
spray_252.png,76252 卷死他们！; 78252 卷死他们！（3天）,图标列
spray_253.png,76253 一起来滑雪吧！; 78253 一起来滑雪吧！（3天）,图标列
spray_254.png,76254 姐就是一个传说; 78254 姐就是一个传说（3天）,图标列
spray_255.png,76255 休得“狐”闹; 78255 休得“狐”闹（3天）,图标列
spray_256.png,76256 你“狐”说！; 78256 你“狐”说！（3天）,图标列
spray_257.png,76257 享受; 78257 享受（3天）,图标列
spray_258.png,76258 像风一样自由; 78258 像风一样自由（3天）,图标列
spray_259.png,76259 2026马上脱单; 78259 2026马上脱单（3天）,图标列
spray_260.png,76260 2026马上有钱; 78260 2026马上有钱（3天）,图标列
spray_261.png,76261 2026马上暴富; 78261 2026马上暴富（3天）,图标列
spray_262.png,76262 2026马上转运; 78262 2026马上转运（3天）,图标列
spray_263.png,76263 2026马上发财; 78263 2026马上发财（3天）,图标列
spray_264.png,76264 2026马上幸福; 78264 2026马上幸福（3天）,图标列
spray_265.png,76265 是心动吖！; 78265 是心动吖！（3天）,图标列
spray_266.png,76266 给你小心心; 78266 给你小心心（3天）,图标列
spray_267.png,76267 前方高能; 78267 前方高能（3天）,图标列
spray_268.png,76268 让我康康; 78268 让我康康（3天）,图标列
spray_269.png,76269 天呐，翻身机会来了; 78269 天呐，翻身机会来了（3天）,图标列
spray_270.png,76270 我不是 我没有 别瞎说; 78270 我不是 我没有 别瞎说（3天）,图标列
spray_271.png,76271 十周年快乐; 78271 十周年快乐（3天）,图标列
spray_272.png,76272 happy birthday!; 78272 happy birthday!（3天）,图标列
spray_273.png,76273 小嘴巴闭起来; 78273 小嘴巴闭起来（3天）,图标列
spray_274.png,76274 抹眼泪 呜呜; 78274 抹眼泪 呜呜（3天）,图标列
spray_275.png,76275 宝见，受你一辈子; 78275 宝见，受你一辈子（3天）,图标列
spray_276.png,76276 O而K之; 78276 O而K之（3天）,图标列
spray_277.png,76277 把我晒得雀黑; 78277 把我晒得雀黑（3天）,图标列
spray_278.png,76278 尊嘟假嘟？; 78278 尊嘟假嘟？（3天）,图标列
spray_279.png,76279 蒜鸟蒜鸟; 78279 蒜鸟蒜鸟（3天）,图标列
spray_280.png,76280 苹什么; 78280 苹什么（3天）,图标列
spray_281.png,76281 666; 78281 666（3天）,图标列
spray_282.png,76282 我要验牌; 78282 我要验牌（3天）,图标列
spray_283.png,76283 我真得好好调教你了; 78283 我真得好好调教你了（3天）,图标列
spray_284.png,76284 变猪 变猪 变猪！; 78284 变猪 变猪 变猪！（3天）,图标列
spray_285.png,76285 爱的魔力转圈圈; 78285 爱的魔力转圈圈（3天）,图标列
spray_286.png,76286 魔法攻击！; 78286 魔法攻击！（3天）,图标列
starblock_1.png,997 闪星方块,图标列
starhandbook1.png,,
starhandbook2.png,,
starhandbook3.png,,
starhandbook4.png,,
starhandbook5.png,,
unknown.png,470 问号方块; 471 问号方块; 472 问号方块; 473 问号方块; 474 问号方块; 475 问号方块; 829 魔药台; 10050 以上为付费道具预留; 11008 游戏版本过低; 11009 游戏版本过低; 11010 游戏版本过低; 11019 游戏版本过低; 11020 游戏版本过低; 11026 游戏版本过低; 11027 游戏版本过低; 11028 游戏版本过低; 11029 游戏版本过低; 11030 游戏版本过低; 11036 游戏版本过低; 11037 游戏版本过低; 11038 游戏版本过低; 11039 游戏版本过低; 11040 游戏版本过低; 11046 游戏版本过低; 11047 游戏版本过低; 11057 拴绳; 11308 游戏版本过低; 11328 游戏版本过低; 11336 游戏版本过低; 11337 游戏版本过低; 11418 游戏版本过低; 11523 游戏版本过低; 11524 游戏版本过低; 11525 游戏版本过低; 11526 游戏版本过低; 11527 游戏版本过低; 11528 游戏版本过低; 11660 大椰子（掉落中）; 11661 异化大椰子（掉落中）; 11662 海马水泡; 11811 Bgm1; 11812 Bgm2; 11813 Bgm3; 11814 Bgm4; 11815 Bgm5; 11816 Bgm6; 11817 Bgm7; 11818 Bgm8; 11819 Bgm9; 11820 Bgm10; 11821 Bgm11; 11822 Bgm12; 12220 游戏版本过低; 12236 游戏版本过低; 12237 游戏版本过低; 12238 游戏版本过低; 12713 游戏版本过低; 12714 游戏版本过低; 12731 藏狐奖励; 12748 游戏版本过低; 12749 游戏版本过低; 12757 游戏版本过低; 12763 游戏版本过低; 12773 游戏版本过低; 12774 游戏版本过低; 12775 游戏版本过低; 12776 游戏版本过低; 12777 游戏版本过低; 12778 游戏版本过低; 12779 游戏版本过低; 12780 游戏版本过低; 12782 游戏版本过低; 12783 游戏版本过低; 12784 游戏版本过低; 12785 游戏版本过低; 12786 游戏版本过低; 12787 游戏版本过低; 12788 游戏版本过低; 12789 游戏版本过低; 12790 游戏版本过低; 12791 游戏版本过低; 12792 游戏版本过低; 12793 游戏版本过低; 12794 游戏版本过低; 12795 游戏版本过低; 12796 游戏版本过低; 12797 游戏版本过低; 12798 游戏版本过低; 12799 游戏版本过低; 12809 游戏版本过低; 12810 游戏版本过低; 12811 游戏版本过低; 12812 游戏版本过低; 12813 游戏版本过低; 12814 游戏版本过低; 12815 游戏版本过低; 12816 游戏版本过低; 12817 游戏版本过低; 12818 游戏版本过低; 12819 游戏版本过低; 13020 游戏版本过低; 13104 神秘星球人; 13106 游戏版本过低; 13119 游戏版本过低; 13124 游戏版本过低; 13125 游戏版本过低; 13126 游戏版本过低; 13127 游戏版本过低; 13128 游戏版本过低; 13129 游戏版本过低; 13133 游戏版本过低; 13134 游戏版本过低; 13136 游戏版本过低; 13137 游戏版本过低; 13138 游戏版本过低; 13139 游戏版本过低; 13140 游戏版本过低; 13141 游戏版本过低; 13142 游戏版本过低; 13143 游戏版本过低; 13144 游戏版本过低; 13145 游戏版本过低; 13146 游戏版本过低; 13147 游戏版本过低; 13148 游戏版本过低; 13149 游戏版本过低; 13150 游戏版本过低; 13151 游戏版本过低; 13152 游戏版本过低; 13153 游戏版本过低; 13154 游戏版本过低; 13155 游戏版本过低; 13156 游戏版本过低; 13157 游戏版本过低; 13158 游戏版本过低; 13159 游戏版本过低; 13410 游戏版本过低; 13519 游戏版本过低; 13520 游戏版本过低; 13601 游戏版本过低; 13603 游戏版本过低; 13804 炸药车; 13815 游戏版本过低; 13816 游戏版本过低; 13879 游戏版本过低; 13880 游戏版本过低; 14002 游戏版本过低; 14003 游戏版本过低; 14004 游戏版本过低; 14005 游戏版本过低; 14006 游戏版本过低; 14007 游戏版本过低; 14008 游戏版本过低; 14009 游戏版本过低; 14010 游戏版本过低; 14108 游戏版本过低; 14109 游戏版本过低; 14110 游戏版本过低; 14111 游戏版本过低; 14112 游戏版本过低; 20299 游戏版本过低; 20300 游戏版本过低; 20393 游戏版本过低; 20394 游戏版本过低; 20395 游戏版本过低; 20396 游戏版本过低; 20397 游戏版本过低; 20398 游戏版本过低; 20399 游戏版本过低; 20400 游戏版本过低; 20457 游戏版本过低; 20500 游戏版本过低; 20554 游戏版本过低; 21559 游戏版本过低; 21560 游戏版本过低; 21561 游戏版本过低; 21562 游戏版本过低; 21563 游戏版本过低; 21564 游戏版本过低; 21565 游戏版本过低; 21566 游戏版本过低; 21567 游戏版本过低; 21568 游戏版本过低; 21569 游戏版本过低; 21570 游戏版本过低; 21571 游戏版本过低; 21572 游戏版本过低; 21573 游戏版本过低; 21574 游戏版本过低; 22560 游戏版本过低; 22561 游戏版本过低; 22562 游戏版本过低; 22563 游戏版本过低; 22564 游戏版本过低; 22565 游戏版本过低; 22566 游戏版本过低; 22567 游戏版本过低; 22568 游戏版本过低; 22569 游戏版本过低; 22570 游戏版本过低; 22571 游戏版本过低; 22572 游戏版本过低; 22573 游戏版本过低; 22574 游戏版本过低; 22575 游戏版本过低; 22576 游戏版本过低; 22603 游戏版本过低; 22604 游戏版本过低; 22605 游戏版本过低; 23599 游戏版本过低; 24699 30天装扮道具预留; 24700 头饰-美术测试; 24701 表情-美术测试; 24702 面饰-美术测试; 24703 上衣-美术测试; 24704 手饰-美术测试; 24705 裤子-美术测试; 24706 鞋子-美术测试; 24707 背饰-美术测试; 24708 脚印-美术测试; 25000 以上为装扮碎片预留; 25500 以上为坐骑碎片预留; 26000 以上为坐骑道具预留; 27000 以上为装扮1天道具预留; 28000 以上为永久装扮道具预留; 30000 以上为0预留; 32000 以上为0预留; 33000 以上为头像框30天道具预留; 34000 以上为头像框永久道具预留; 34035 游戏版本过低; 34036 游戏版本过低; 34037 游戏版本过低; 34038 游戏版本过低; 34039 游戏版本过低; 34040 游戏版本过低; 34041 游戏版本过低; 34042 游戏版本过低; 34043 游戏版本过低; 34044 游戏版本过低; 34045 游戏版本过低; 34046 游戏版本过低; 37000 以上为AVT7天道具预留; 37035 游戏版本过低; 37036 游戏版本过低; 37037 游戏版本过低; 37038 游戏版本过低; 37039 游戏版本过低; 37040 游戏版本过低; 37041 游戏版本过低; 37042 游戏版本过低; 37043 游戏版本过低; 37044 游戏版本过低; 37045 游戏版本过低; 37046 游戏版本过低; 40000 以上为AVT永久道具预留; 62911 游戏版本过低; 62912 游戏版本过低; 62913 游戏版本过低; 62914 游戏版本过低; 62915 游戏版本过低; 62916 游戏版本过低; 62917 游戏版本过低; 62918 游戏版本过低; 62919 游戏版本过低; 62920 游戏版本过低; 63006 游戏版本过低; 63007 游戏版本过低; 64053 游戏版本过低; 65000 临时菜品1; 65001 临时菜品2; 65002 临时菜品3; 65003 临时菜品4; 68313 游戏版本过低; 68314 游戏版本过低; 68315 游戏版本过低; 68316 游戏版本过低; 68317 游戏版本过低; 68318 游戏版本过低; 68319 游戏版本过低; 68320 游戏版本过低; 68321 游戏版本过低; 68322 游戏版本过低; 68323 游戏版本过低; 68324 游戏版本过低; 70001 临时菜谱1; 70002 临时菜谱2; 70003 临时菜谱3; 70004 临时菜谱4; 525001 525001~530000为海外道具预留; 530000 525001~530000为海外道具预留,图标列
